ID,Visitors
2021-06-01,145878
2021-06-02,147522
2021-06-03,151795
2021-06-04,157156
2021-06-05,160519
2021-06-06,156332
2021-06-07,151217
2021-06-08,148395
2021-06-09,149812
2021-06-10,153841
2021-06-11,158950
2021-06-12,162065
2021-06-13,157643
2021-06-14,152313
2021-06-15,149306
2021-06-16,150576
2021-06-17,154501
2021-06-18,159554
2021-06-19,162662
2021-06-20,158285
2021-06-21,153052
2021-06-22,150191
2021-06-23,151654
2021-06-24,155814
2021-06-25,161138
2021-06-26,164549
2021-06-27,160498
2021-06-28,155608
2021-06-29,153100
2021-06-30,154920
2021-07-01,159433
2021-07-02,165102
2021-07-03,168845
2021-07-04,165111
2021-07-05,160519
2021-07-06,158290
2021-07-07,160369
2021-07-08,165123
2021-07-09,171019
2021-07-10,174977
2021-07-11,171449
2021-07-12,167061
2021-07-13,165038
2021-07-14,167330
2021-07-15,172309
2021-07-16,178445
2021-07-17,182661
2021-07-18,179413
2021-07-19,175326
2021-07-20,173623
2021-07-21,176252
2021-07-22,181582
2021-07-23,188075
2021-07-24,192646
2021-07-25,189741
2021-07-26,185974
2021-07-27,184556
2021-07-28,187422
2021-07-29,192924
2021-07-30,199513
2021-07-31,204089
2021-08-01,201084
2021-08-02,197100
2021-08-03,195337
2021-08-04,197721
2021-08-05,202598
2021-08-06,208414
2021-08-07,212070
2021-08-08,207998
2021-08-09,202807
2021-08-10,199706
2021-08-11,200633
2021-08-12,203950
2021-08-13,208121
2021-08-14,210067
2021-08-15,204246
2021-08-16,197292
2021-08-17,192441
2021-08-18,191657
2021-08-19,193332
2021-08-20,195957
2021-08-21,196480
2021-08-22,189383
2021-08-23,181323
2021-08-24,175556
2021-08-25,174064
2021-08-26,175249
2021-08-27,177613
2021-08-28,178108
2021-08-29,171216
