year,avgTemp,minTemp,maxTemp,rainFall,Visitor
2018-01-01,6.4,4,8.8,0,135138
2018-01-02,7,3,10.1,0,125122
2018-01-03,5,3.5,8.4,0,122070
2018-01-04,3.9,2.4,4.6,0.6,123266
2018-01-05,5.1,1.9,6.5,4.2,126084
2018-01-06,6.2,4.8,8.7,0,129745
2018-01-07,8.5,4.4,11.5,3.6,124834
2018-01-08,8.7,6.1,11.3,4.1,124999
2018-01-09,4.9,2.8,7,0.4,125870
2018-01-10,2.4,-0.5,5.9,3.4,125548
2018-01-11,0,-2.2,1.7,8.3,111730
2018-01-12,0.7,-2.3,2.3,1.8,127449
2018-01-13,4.5,1.4,6.9,0,133861
2018-01-14,7.8,3.1,12.9,0,137372
2018-01-15,10.8,7.8,14.4,0,138201
2018-01-16,12.1,8.7,14.4,16.5,137172
2018-01-17,9.5,8.5,11.5,3.8,140035
2018-01-18,8.9,6.3,10.8,0,143686
2018-01-19,6.8,4.3,9.4,0,146783
2018-01-20,6.1,2.8,9.9,0,154256
2018-01-21,8.5,3.9,11.4,0,151148
2018-01-22,9,7.1,10.9,0.7,147374
2018-01-23,2.1,0,7.6,0.3,146104
2018-01-24,-1.2,-2.4,1.2,4.5,148060
2018-01-25,-1.9,-2.6,-1.2,0,151470
2018-01-26,-1.3,-2.1,-0.4,0.1,152887
2018-01-27,0.9,-1.6,3.6,0,157920
2018-01-28,2.6,0.5,4.6,2,154836
2018-01-29,1.8,-0.1,4,1.7,149205
2018-01-30,2.2,-0.2,4.1,1.5,142912
2018-01-31,3.8,2.1,5,0.5,140402
2018-02-01,4.5,3.2,6.8,0,109630
2018-02-02,3.8,1.6,6.1,0,113365
2018-02-03,1.4,-0.7,4.9,1.1,114303
2018-02-04,-0.4,-2.3,0.8,5.9,104002
2018-02-05,0.2,-1.7,2.6,3.5,100712
2018-02-06,-0.6,-2.5,0.8,5.7,92046
2018-02-07,0.6,-1.3,1.9,1.7,101804
2018-02-08,2.5,-0.7,6.8,3.1,98654
2018-02-09,6,1.4,11.2,0,105654
2018-02-10,5.8,2.7,7.9,2.2,108955
2018-02-11,2.5,1,5.4,0.8,106606
2018-02-12,2.7,-0.1,4.1,0,103954
2018-02-13,4.9,2.7,8.3,0,109116
2018-02-14,9.8,2.5,15.4,0,123652
2018-02-15,7.1,4.6,10.5,0,149870
2018-02-16,6.1,3.9,9.7,0,168721
2018-02-17,4.4,2.8,7.5,0,162284
2018-02-18,6.7,1.7,10.2,0.9,139426
2018-02-19,8.3,5.5,10.5,2.1,120446
2018-02-20,8.4,4.6,11.9,0,120113
2018-02-21,5.5,4.2,7.5,0,126574
2018-02-22,5,3.2,7.6,0,134869
2018-02-23,8.7,3.3,13.1,0,141894
2018-02-24,9.4,5.3,13.3,0,146430
2018-02-25,9.8,6.7,13.2,0,144714
2018-02-26,8.1,4.2,11.9,0,139433
2018-02-27,10.6,5.8,15,0,135408
2018-02-28,11,6.9,17.5,59.6,135772
2018-03-01,6.8,3.3,10.5,0,127659
2018-03-02,5.7,2.8,9.1,0,135454
2018-03-03,12,6,19.2,0,137330
2018-03-04,17.2,10.9,23.2,0.8,122364
2018-03-05,10.4,8.2,21.7,3.9,108398
2018-03-06,9.6,8.2,11.3,0,105525
2018-03-07,10,8.4,11.6,30.1,104965
2018-03-08,6.8,5.1,8.6,18.2,107090
2018-03-09,5.6,4.2,7.8,0,117915
2018-03-10,8.1,4.3,11.5,0,129756
2018-03-11,8.7,5.1,12.1,0,128090
2018-03-12,11.2,7,15.3,0,120292
2018-03-13,14.7,9.6,19.2,0,118352
2018-03-14,16.9,12.5,20.3,0,121380
2018-03-15,17.1,12,21.7,16,129706
2018-03-16,9.5,8.8,12.1,1.9,137312
2018-03-17,10,7.3,13.8,0,148092
2018-03-18,15.2,7.8,22.3,3.1,144942
2018-03-19,12.6,10.1,16.2,8.7,137375
2018-03-20,8.3,6.5,10.2,14.1,130914
2018-03-21,5.4,4.2,6.6,21.2,134866
2018-03-22,7.3,5.3,10.4,0,145498
2018-03-23,8.6,4.6,11.9,0,153615
2018-03-24,12.2,7.7,16.5,0,159324
2018-03-25,13.2,9.6,16.9,0,154480
2018-03-26,13.7,9.7,17,0,147707
2018-03-27,14.8,10.3,19.1,0,145198
2018-03-28,15.1,9.5,19.1,0,148736
2018-03-29,15.6,12,19.3,0,154574
2018-03-30,15.5,13.5,18.9,0,160800
2018-03-31,17,13.3,21,0,164826
2018-04-01,18,15.2,21.3,0,123154
2018-04-02,18,15.3,21.3,0,117229
2018-04-03,17.7,15.3,21.5,0,119014
2018-04-04,17.6,15.8,20.6,0.2,125909
2018-04-05,17.9,14.4,21.3,0,134344
2018-04-06,11,8.1,18.2,20,143654
2018-04-07,7.8,5.3,9.8,0,148351
2018-04-08,12.5,7,16.4,0,142684
2018-04-09,14.3,12.6,16.3,0,135384
2018-04-10,18.8,12.5,22.3,0,133886
2018-04-11,17.2,13.6,21.2,0,139870
2018-04-12,17,13.1,23.5,0,145820
2018-04-13,16.4,14.3,19.5,0,154060
2018-04-14,15.2,10.2,22.9,3.7,156852
2018-04-15,11.9,9.6,15.7,0,150636
2018-04-16,12.2,8.5,14.6,0,141362
2018-04-17,14.5,12.3,16.6,0,137823
2018-04-18,13.6,10.7,17.3,0,141365
2018-04-19,15.2,9.2,20.3,0,148092
2018-04-20,16.6,12.1,20.3,0,156688
2018-04-21,17.4,13.2,19.5,0,162158
2018-04-22,20.4,17.3,25.2,5.2,152736
2018-04-23,18.5,16.1,21.8,41.8,141480
2018-04-24,14.7,13.6,16.4,38.7,141078
2018-04-25,14.6,12.6,17.8,1.7,148376
2018-04-26,15.5,12.1,19.4,0,157892
2018-04-27,16.6,13.5,21.2,0,167618
2018-04-28,16.4,13.1,19.3,0,170492
2018-04-29,17.3,14.4,19.3,0,166796
2018-04-30,20.7,17.4,26.1,1.2,156457
2018-05-01,20.7,16.5,26,0,128594
2018-05-02,17.6,13.4,24.5,0.3,123560
2018-05-03,15.2,12.7,19,0,126024
2018-05-04,16.2,12.3,20.3,0,139538
2018-05-05,19.6,13.7,22.7,0,153584
2018-05-06,20.3,17.2,23.6,21.4,154287
2018-05-07,16.8,15.5,18.1,17.2,137851
2018-05-08,16,14.2,18.3,0,124758
2018-05-09,15.7,13.8,18.1,0,121992
2018-05-10,15.9,13.9,18.3,0,131184
2018-05-11,17.9,12,22.8,0,140396
2018-05-12,22.2,18.4,24.4,1.3,141484
2018-05-13,17.1,14.9,21.7,41.8,136829
2018-05-14,19,14.9,23.2,0,134768
2018-05-15,21.8,17.9,26.3,0,138016
2018-05-16,24.8,21.3,31.1,0,143524
2018-05-17,25.7,22.1,30.1,0,147116
2018-05-18,21.8,16.3,27.8,2.4,151210
2018-05-19,16.6,15.5,17.9,0,157052
2018-05-20,16.5,15.1,18.6,0.7,160800
2018-05-21,17.7,15.7,20.3,0,155491
2018-05-22,20.7,16.8,26.4,2.7,144266
2018-05-23,17.8,16.1,22.7,4.1,132562
2018-05-24,19.2,14.1,24.4,0,134036
2018-05-25,19.9,18,24,0,143196
2018-05-26,18.4,14.8,23.9,2.9,150944
2018-05-27,19.3,16.7,23,0.1,148190
2018-05-28,20.1,17.7,24,3.9,142674
2018-05-29,21,19.1,26.8,0,143700
2018-05-30,21.1,18.6,24.6,0,148344
2018-05-31,18.8,16.8,21.8,0,149530
2018-06-01,20.1,16.2,23.2,0,131852
2018-06-02,22.1,19.2,25.5,0,136892
2018-06-03,21.6,20.3,24.1,0,136154
2018-06-04,22.8,19.5,26.7,0,129206
2018-06-05,19.8,19.1,22.9,28.5,131912
2018-06-06,20.7,18.8,23.8,0,137165
2018-06-07,21.3,18.9,24.4,0,134578
2018-06-08,20.9,18.9,24.6,0,136101
2018-06-09,22.2,18.9,26.9,0,146590
2018-06-10,19.9,18.4,21.1,2.1,140486
2018-06-11,19.4,18,22.4,23.9,133136
2018-06-12,21.1,18.7,24.5,3.1,131828
2018-06-13,21.9,17.7,28.8,0,135734
2018-06-14,22.1,19.5,25.6,0,134456
2018-06-15,21.1,19,23.8,0,139650
2018-06-16,20.3,18.3,23,0,149482
2018-06-17,20.8,18.9,24.5,0,144000
2018-06-18,22,19.5,24.1,0,138068
2018-06-19,22,19.7,24.3,31.3,136752
2018-06-20,21.9,19.7,25.3,1,142457
2018-06-21,22.7,20.2,26.8,0,147836
2018-06-22,22.8,20.1,25.6,0.3,153930
2018-06-23,22.7,19.8,25.1,1.4,158095
2018-06-24,23.9,20.6,27,0,155456
2018-06-25,24,20.6,27.5,0,154007
2018-06-26,28.2,23.6,32.3,0,154231
2018-06-27,26.3,24.3,29,17.3,156786
2018-06-28,25.7,23.4,28.5,44,156107
2018-06-29,25.2,23.2,28.9,10.4,154242
2018-06-30,24,22,26.8,47.8,148603
2018-07-01,27.3,22.7,30.4,7.5,113981
2018-07-02,27.3,24.1,31.4,0,103674
2018-07-03,24.1,22.8,25.5,1.6,105217
2018-07-04,26,24.2,29.8,0,119220
2018-07-05,24.8,23.6,26.5,0,128702
2018-07-06,22.7,21.7,24,38.1,134712
2018-07-07,21.3,19.9,22.3,0,141530
2018-07-08,20.9,19.6,22.5,1.3,142219
2018-07-09,24.6,21.1,28.5,0.1,140556
2018-07-10,28.3,24.7,33.1,0,141295
2018-07-11,30,27.4,35,0,147133
2018-07-12,28,26,30.4,0,153566
2018-07-13,26.7,25.2,29.2,0,156930
2018-07-14,26.9,24.8,29.5,0,160548
2018-07-15,27,24.4,29.8,0,156814
2018-07-16,27,24.5,29.5,0,152509
2018-07-17,27.3,24.8,30.1,0,151980
2018-07-18,27.7,24.6,30.6,0,152310
2018-07-19,27.8,24.7,31,0,153468
2018-07-20,28.8,25.8,31.6,0,153696
2018-07-21,28.9,25,33.9,0,159030
2018-07-22,29.2,28.2,30.8,0.1,156356
2018-07-23,29.9,27,34.1,0,151372
2018-07-24,29.2,27.5,31.7,0,151952
2018-07-25,29.1,27.5,31.9,0,156446
2018-07-26,29.1,27.5,31.8,0,160436
2018-07-27,29.3,27.1,32.5,0,169214
2018-07-28,29.1,27.4,31.1,0,180918
2018-07-29,29.4,27.2,32.5,0,188318
2018-07-30,28.9,27.6,31.1,0,193074
2018-07-31,28.7,25.8,31.6,0,199472
2018-08-01,29.2,26.3,32.3,0,173338
2018-08-02,29,26.7,32.1,0,177849
2018-08-03,30,28.1,34.1,0.9,179602
2018-08-04,29.5,27.8,32,0,181072
2018-08-05,29.9,27.4,33.3,0,174552
2018-08-06,30.1,28.1,32.8,0,170296
2018-08-07,29.7,27.9,31.9,0,166918
2018-08-08,29.3,26.9,31.8,0,165806
2018-08-09,29.6,27.5,32.6,0,164566
2018-08-10,29.9,27.5,33.2,0,168378
2018-08-11,28.8,27.8,32.4,0,173173
2018-08-12,29.8,26.1,33.3,41.1,170506
2018-08-13,31.1,28.7,34.4,0.2,168658
2018-08-14,31.2,28.6,35.3,0,173302
2018-08-15,29.7,27.8,33.5,1.4,172991
2018-08-16,27.5,25.2,28.8,12.7,169785
2018-08-17,26.2,24.4,28.4,8,170527
2018-08-18,26.7,24.4,30.7,0,174948
2018-08-19,28.3,24.8,33.2,0,166201
2018-08-20,29.2,27,32.8,0,162855
2018-08-21,28.1,24.8,30.6,0,160244
2018-08-22,27.8,25.9,30.5,36.9,142020
2018-08-23,26.5,25.6,29.2,265.4,115440
2018-08-24,27.2,24.9,30,0,153601
2018-08-25,26.4,24.7,31.2,1.4,153072
2018-08-26,28.3,26,31.8,8.5,154900
2018-08-27,28.4,26.1,32,0,162172
2018-08-28,27.8,25.9,30.4,0,168476
2018-08-29,28.5,25.1,33.9,0,171675
2018-08-30,28.9,25.8,34.5,0,171594
2018-08-31,30,25.6,33.3,0,167058
2018-09-01,25.8,23.3,28.9,9.5,136829
2018-09-02,24.9,22.7,29.2,1.1,133872
2018-09-03,27,24.1,31.2,0.5,129066
2018-09-04,26.2,23.5,29.1,7.1,128282
2018-09-05,26.6,23.2,30.8,0,131120
2018-09-06,26.2,24.5,29.2,0,137092
2018-09-07,24.3,21,27.4,11.8,143154
2018-09-08,22.3,19.4,24.9,0,149482
2018-09-09,23,19.1,26.3,0,143756
2018-09-10,23,20.2,26.2,0,136490
2018-09-11,22.3,21.4,23.8,0.2,134729
2018-09-12,23,21.4,24.8,0.2,139520
2018-09-13,23.5,21.6,24.3,139.3,139853
2018-09-14,25.3,23,27.8,0,144389
2018-09-15,25.2,23.5,28,0.4,143171
2018-09-16,25.5,23,28.5,0,134267
2018-09-17,24.6,23.4,28.3,0.1,126140
2018-09-18,25,23.4,28.1,0,120085
2018-09-19,23.3,21.3,25.4,0,117082
2018-09-20,25.2,22.3,27.7,11.6,114762
2018-09-21,24.5,23.4,28.2,2.9,125198
2018-09-22,24.2,22.3,27.6,0,151879
2018-09-23,24.4,21.2,29.6,0,180904
2018-09-24,21.9,19.2,23.7,0,199556
2018-09-25,21.5,19.3,24.1,0,188416
2018-09-26,22.2,20.8,24.9,0,162603
2018-09-27,21.2,18.5,23.6,0,143689
2018-09-28,21.7,19.4,24.3,0,137504
2018-09-29,20.7,18.5,22.3,3,139524
2018-09-30,21.9,20.2,25.2,0,137025
2018-10-01,21.3,19.7,23.5,0,106914
2018-10-02,20.7,17.6,23.6,0,109812
2018-10-03,19.2,16.5,22.3,0,111062
2018-10-04,20.4,17.8,21.9,3.4,105536
2018-10-05,21.6,20.6,24.5,310,88778
2018-10-06,21.1,19.6,24.7,27.4,92750
2018-10-07,20.6,17.9,23.9,0,115398
2018-10-08,19.2,16.6,22.3,0,125720
2018-10-09,20.3,17.5,22.3,0,134796
2018-10-10,18.3,16.3,20.5,0,135034
2018-10-11,16.3,15.1,18.5,0,139450
2018-10-12,15.6,13.2,18,0,148452
2018-10-13,15.4,11.8,19,0,151711
2018-10-14,17.6,13.2,20.4,0,147494
2018-10-15,18.7,16.2,20.6,0,141134
2018-10-16,16.1,14,19.3,3.2,142734
2018-10-17,16.8,13.1,20.6,0,150370
2018-10-18,16.6,15.2,19.3,0,154612
2018-10-19,16.1,12.9,19.5,0,158946
2018-10-20,16.3,12.5,20.5,0,159033
2018-10-21,17.1,13.7,20.7,0,152201
2018-10-22,17.4,14.5,20.6,0.3,143112
2018-10-23,18.5,16.4,21.9,0,143042
2018-10-24,16.8,13.8,19.7,0,147710
2018-10-25,17.4,11.6,22.8,0,151868
2018-10-26,18.5,16.3,21.8,2.7,155166
2018-10-27,15.6,14.5,17.9,0,157815
2018-10-28,17.5,13.1,21.1,0,152044
2018-10-29,18,15.2,22,0,143126
2018-10-30,14.8,13.2,17.4,0,138946
2018-10-31,14.1,11.6,18,0,141494
2018-11-01,13.4,11.2,16.3,0,121544
2018-11-02,14.4,9.6,18.5,0,133206
2018-11-03,15.2,11.4,18.5,0,138254
2018-11-04,15.2,12.3,19.6,0,132150
2018-11-05,15,10.5,18.8,0,122451
2018-11-06,16.5,12.9,19.9,0,120050
2018-11-07,17.4,16.1,18.8,1.5,122602
2018-11-08,17.7,15.1,20.5,18.5,126574
2018-11-09,14.6,11.3,17.2,0,134970
2018-11-10,13.6,9.7,17.8,0,139016
2018-11-11,14.6,10.5,18.3,2.4,132674
2018-11-12,13.8,13,15.5,2.2,122276
2018-11-13,13.8,12.5,16.3,0,117523
2018-11-14,13.3,10.2,16.3,0,120449
2018-11-15,16,11.2,20.1,0,124362
2018-11-16,14.9,13.5,17.4,3.6,133994
2018-11-17,12.6,9.7,15.4,0,142688
2018-11-18,12.3,9.6,15.1,0,135618
2018-11-19,13.2,11.8,15.7,0,122626
2018-11-20,12.6,10.1,15.6,0,114310
2018-11-21,13.3,9.9,16.7,0.4,113572
2018-11-22,10.2,8.4,13.5,0,121800
2018-11-23,10,7.3,12.3,0,134141
2018-11-24,14,8.8,19.2,0,139996
2018-11-25,13,10.6,16,0,134596
2018-11-26,14.5,10.4,18.2,0,123456
2018-11-27,13.8,11.5,17,0,117719
2018-11-28,13,10,16.3,0,118584
2018-11-29,12.8,8.5,17.8,0,125097
2018-11-30,13.1,10,16.9,0,129924
2018-12-01,13.7,11.3,16.3,0,113012
2018-12-02,17.6,13.6,20.5,1.6,106194
2018-12-03,18.9,17.1,22.9,2.9,95277
2018-12-04,13.8,10.8,17.6,17.5,91959
2018-12-05,9.9,8,11.7,0,95288
2018-12-06,9.5,8.1,12.6,11.6,104111
2018-12-07,4.8,2.7,10.3,0,109221
2018-12-08,4.2,2.6,6.6,0,116854
2018-12-09,3.9,2.8,4.8,0,114226
2018-12-10,7.6,4.7,10.2,0,104272
2018-12-11,9,7.2,10.1,20,100230
2018-12-12,6.5,5.8,9.1,0.2,100670
2018-12-13,8,6,9.7,0,107023
2018-12-14,5.6,4.4,7,0,114408
2018-12-15,6,2,9.6,0,122157
2018-12-16,9.1,6.5,10.8,7.1,119924
2018-12-17,10.3,9.7,11.8,0,115630
2018-12-18,9.7,8,12,0,116456
2018-12-19,13.9,8.5,18,0,113281
2018-12-20,12.5,11.7,16.1,21.8,111268
2018-12-21,14.6,12.7,16.8,0,117778
2018-12-22,13,11.5,16.2,3,132738
2018-12-23,9.6,7.4,12.2,8,137480
2018-12-24,6.4,4.6,9,0,137389
2018-12-25,7.8,3.8,10.8,0,136052
2018-12-26,8.5,6.8,9.7,0.4,134736
2018-12-27,2.5,1.4,6.8,0,136878
2018-12-28,1.9,0.2,3.2,1.8,142664
2018-12-29,3.1,1.7,4.1,0.1,156198
2018-12-30,3.1,1.9,4.1,0,164535
2018-12-31,4.6,3.5,5.8,0,167150
2019-01-01,5.6,4.8,7,0,132360
2019-01-02,5.1,4.5,6.1,0,123428
2019-01-03,5.1,3.5,8,0,120036
2019-01-04,5.8,2.6,10,1.6,122280
2019-01-05,7,5.2,9,0,127988
2019-01-06,5.7,4.5,7.7,0,123669
2019-01-07,5.9,3.1,8.8,0,120620
2019-01-08,6.6,4.5,8.8,0,123372
2019-01-09,4.5,2.2,5.8,0,126620
2019-01-10,6.9,5.6,7.8,0,130536
2019-01-11,7.9,5.9,9.4,1.7,134575
2019-01-12,8.9,8.1,10.9,2,141810
2019-01-13,7.9,6.6,10,0,140648
2019-01-14,7.3,5.5,9.7,0,138257
2019-01-15,7,3.6,9.9,0,140364
2019-01-16,3.1,2,4,0,141673
2019-01-17,5.6,3.9,6.5,0,143787
2019-01-18,6.4,3.9,9.8,0,147284
2019-01-19,8.9,3.6,12.6,1,158554
2019-01-20,6.7,3.9,11.6,0,147546
2019-01-21,6.2,3.9,8.1,0,144274
2019-01-22,8.3,5.8,10.9,0,140896
2019-01-23,8.6,6.7,11.9,0,144095
2019-01-24,6.2,3.4,9.6,0,150311
2019-01-25,5.7,3.6,10.1,0,148564
2019-01-26,4.3,2.9,5.8,0,152117
2019-01-27,5.6,2.4,8.5,0,149062
2019-01-28,7.7,4.8,10.8,0,143398
2019-01-29,6.3,2.8,9.2,0,139363
2019-01-30,8.2,6.8,10.1,0,134858
2019-01-31,4.9,3.3,8.2,17.9,133889
2019-02-01,5,3.4,6.8,0,110862
2019-02-02,9.3,5,12,0,134684
2019-02-03,13.3,8.6,18.4,9.8,157804
2019-02-04,6.9,4.9,9.5,0,170132
2019-02-05,9.3,4,13.6,0,170065
2019-02-06,11.8,9.1,15.5,0,147178
2019-02-07,6.5,1.9,12.1,3.8,129392
2019-02-08,3.4,1.5,5.6,0,127757
2019-02-09,3,1.5,4.7,0,129514
2019-02-10,3.1,2,4.9,0,125864
2019-02-11,3.7,2.9,4.7,0,125548
2019-02-12,5.7,1,8.7,0,128037
2019-02-13,6.8,5.2,8.7,0,132783
2019-02-14,5.6,4.2,8,0,135968
2019-02-15,6.4,4.3,7.7,0,136994
2019-02-16,4.2,3.1,7,0,140777
2019-02-17,4.4,3.1,6.9,0,140217
2019-02-18,7.1,2.9,9.8,2.1,136546
2019-02-19,9.3,6.4,13,15.9,135576
2019-02-20,6.9,4.8,9.4,0,138054
2019-02-21,7.1,5.6,8.7,0,140472
2019-02-22,8.3,6.5,10.9,1.6,143622
2019-02-23,9.3,4.2,13.7,0,148782
2019-02-24,11,8.6,14.1,0,149670
2019-02-25,9.4,7.3,13.1,0,143073
2019-02-26,8.9,5.3,12.2,0,142796
2019-02-27,10.9,9.4,11.9,4.6,145026
2019-02-28,10.4,8,13.2,0.1,152740
2019-03-01,9.4,6.4,12.3,0,148883
2019-03-02,11,7.3,14.3,0.4,147126
2019-03-03,11.8,10.5,13.3,5.9,132811
2019-03-04,10,8.4,12.2,2,122829
2019-03-05,10.7,6.2,13.4,0,116088
2019-03-06,10.4,8.4,13.8,11.3,118374
2019-03-07,8.3,7.3,10.4,0,124484
2019-03-08,8.5,3.7,12.3,0,133021
2019-03-09,11.6,6.5,16.6,9,141054
2019-03-10,10.7,8.9,13.1,22.1,137942
2019-03-11,10,6.9,13.6,1.2,134351
2019-03-12,10.7,6.1,16,0,138166
2019-03-13,8.4,5.1,11.7,0,129213
2019-03-14,10,7,14,0,133284
2019-03-15,10.2,6.2,15.8,0,140444
2019-03-16,10.1,6,14.1,0,148876
2019-03-17,11.2,8,14.1,0,146979
2019-03-18,10.7,6.9,14.2,1.9,140746
2019-03-19,12.3,9.2,16.1,0,137627
2019-03-20,16.3,9.9,21.2,1.7,140182
2019-03-21,10.7,7.3,20,0,144228
2019-03-22,7.8,6.4,10.6,0,155841
2019-03-23,8.5,6.2,11.8,0,155592
2019-03-24,7.5,3.6,11,0,164328
2019-03-25,9.9,6.4,13.2,0,152026
2019-03-26,14.2,10.1,16.7,0,152684
2019-03-27,16.4,10.3,22,0,156030
2019-03-28,14.6,12.8,16.9,0,159810
2019-03-29,13.9,12.2,17,0,164801
2019-03-30,11,7.9,14.6,0,167290
2019-03-31,8.4,7.1,11.4,0,161581
2019-04-01,10.5,7.1,13.2,0,114996
2019-04-02,10.6,8.6,14,0,115776
2019-04-03,10.5,6.6,14.4,0,123616
2019-04-04,11.3,6.2,14.6,0,129444
2019-04-05,14.5,11.9,18.2,0,136944
2019-04-06,15,11,20.8,0,141558
2019-04-07,16.4,13,21.4,2.7,136367
2019-04-08,14.8,11.7,18.1,0,128132
2019-04-09,15,14.1,17.4,6,119693
2019-04-10,10.4,9.6,14.2,6.7,130742
2019-04-11,11.6,9.7,13.8,0,132097
2019-04-12,12.7,9.2,16.6,0,141326
2019-04-13,13.7,9.4,17.7,0,146776
2019-04-14,13.6,10.6,17.1,0,138996
2019-04-15,13,8.7,17.1,0,130095
2019-04-16,16.8,10.7,25,0,124646
2019-04-17,15.8,13.6,18.6,0,126994
2019-04-18,16.7,12.3,22.1,0,134309
2019-04-19,16.8,14.3,21.6,0,141652
2019-04-20,17.1,14.5,20,0,146486
2019-04-21,18.5,15,23.1,0,141078
2019-04-22,19.3,16.6,24,0,133550
2019-04-23,19.1,17.3,22.5,18.7,130011
2019-04-24,18,15.7,21.2,0,136888
2019-04-25,15.8,14.1,17.9,0,144739
2019-04-26,12.2,11.3,15.9,0.3,152089
2019-04-27,14,11.7,17,0,156796
2019-04-28,15,12.1,17.5,0.1,156986
2019-04-29,16.1,14.5,20.3,10.5,144280
2019-04-30,15.6,14.5,17.6,1.4,143238
2019-05-01,14.7,12.4,18.6,0,127810
2019-05-02,17.2,12.8,21.5,0,131302
2019-05-03,18.9,16,21.9,0,142734
2019-05-04,19.2,14.7,23.3,0,158616
2019-05-05,19,16.4,22.2,0,157962
2019-05-06,15.9,13.4,19.2,0,140287
2019-05-07,15.6,12.3,19.5,0,125268
2019-05-08,16.3,11.9,19.6,0,122258
2019-05-09,17.4,14.7,20.3,0,127026
2019-05-10,17.6,14.3,21.4,0,134614
2019-05-11,18.5,15,23.4,0,136395
2019-05-12,18.7,15.7,21.5,0,130543
2019-05-13,20.1,17.4,23.7,0,127316
2019-05-14,20.5,18.6,23.2,0,129972
2019-05-15,21.2,16.9,26.6,0,138831
2019-05-16,23.2,18,28.3,0,143801
2019-05-17,21.2,18.4,26.3,12,146160
2019-05-18,20.6,17.4,23.3,19.6,141127
2019-05-19,21.4,18.8,26.3,0,135916
2019-05-20,17.3,14.9,19.8,0.8,132240
2019-05-21,19.2,14.5,23,0,133763
2019-05-22,23.4,19.5,27.6,0,139825
2019-05-23,26.2,22,31.3,0,143952
2019-05-24,28.4,23.8,33.1,0,146556
2019-05-25,23.3,20.4,27.2,0,148018
2019-05-26,23.1,20.3,25.4,0,140682
2019-05-27,20.7,15.8,25.5,9.8,138019
2019-05-28,18.9,15.5,21.7,0,130918
2019-05-29,22.3,18.7,27,0,135548
2019-05-30,21.7,18,25.9,0,136980
2019-05-31,17.9,15.6,21.4,0.6,142275
2019-06-01,19,15.9,22.4,0,127614
2019-06-02,20.1,17.9,24.6,0,127064
2019-06-03,20.9,17.9,24.5,0,120474
2019-06-04,22.8,19.4,29,0,122230
2019-06-05,22.5,19.2,26.1,0,132380
2019-06-06,23.6,19.1,28.1,13.3,139006
2019-06-07,19.6,18.2,25.3,0,143132
2019-06-08,19.9,17.5,23.2,0.2,157832
2019-06-09,20.2,17,23.2,0,135786
2019-06-10,20.2,17.5,24.8,0,126252
2019-06-11,20.2,18.4,22.9,0,123882
2019-06-12,19.9,17.6,22.9,0,127334
2019-06-13,21.9,17.6,28,0,132038
2019-06-14,19.4,17.4,21.4,43.5,134120
2019-06-15,20.1,18.2,22.5,0.3,150836
2019-06-16,20.6,18.6,23.3,0,136633
2019-06-17,20.8,17.8,23.3,0,130032
2019-06-18,21.6,20.5,23.3,1,124422
2019-06-19,21.7,19.4,24.4,0,128933
2019-06-20,22,19.8,24.4,0,134960
2019-06-21,22.6,20.3,26.4,0,141894
2019-06-22,22.1,19.7,25.5,0,148670
2019-06-23,21.1,19.3,25.6,0,147854
2019-06-24,21.6,18.8,24.4,0,144582
2019-06-25,24.2,19.1,28.9,0,153150
2019-06-26,22.1,19.8,25.9,85.1,143038
2019-06-27,23.1,21.9,25.9,0,140928
2019-06-28,23.5,21,25.8,0,140102
2019-06-29,25.2,22.6,29.8,2,134694
2019-06-30,23.4,21.4,26.9,0.4,130946
2019-07-01,23.4,22.3,25.6,1.9,108994
2019-07-02,23.3,21.8,25.7,0,124201
2019-07-03,22.6,21.6,24.9,0,123330
2019-07-04,22.3,20.4,25.9,0,130462
2019-07-05,23.9,21.6,28.7,0,143272
2019-07-06,23.8,20.8,27.2,0,137112
2019-07-07,23.3,22.2,26.4,0,132888
2019-07-08,21.8,20.6,22.7,3.7,136000
2019-07-09,22,20.9,23.6,2.2,134218
2019-07-10,21.4,20.5,22,104.7,146146
2019-07-11,23.2,20.6,26.7,1.2,144557
2019-07-12,23.3,21.7,25.8,0.4,145110
2019-07-13,21.6,20.4,22.9,13.4,151088
2019-07-14,24.2,21.5,27.1,0,150888
2019-07-15,24.2,22.2,26.5,0,146909
2019-07-16,24.8,22.2,27.2,0,144690
2019-07-17,25,22.9,28,6.8,145148
2019-07-18,24.2,22.9,25.9,21.3,145876
2019-07-19,24.1,22.3,26.2,187.7,138974
2019-07-20,25.7,24.6,28.2,43.8,136972
2019-07-21,27.3,24.8,30.7,0,149499
2019-07-22,27.1,23.8,32.7,108.3,153528
2019-07-23,27.6,24.3,30.3,0,173152
2019-07-24,27.9,25.7,30.9,0,170314
2019-07-25,27.9,25.9,31.1,0,181304
2019-07-26,27.8,25.3,31.2,0,174153
2019-07-27,28.1,26.5,31,14.7,182584
2019-07-28,29.3,27,31.8,0,185784
2019-07-29,28.7,26.1,31.3,0,187628
2019-07-30,30.4,27.3,35.4,0,191292
2019-07-31,29.5,27.9,32.3,0,197757
2019-08-01,29.2,26.9,32.1,0,167612
2019-08-02,28.8,26.7,31.2,0,175766
2019-08-03,29,25.4,31.7,0,182500
2019-08-04,27.9,25.9,30.2,0,187460
2019-08-05,27.8,24.9,30.9,0,182808
2019-08-06,28.8,26.2,32.2,0,169642
2019-08-07,29.6,26.6,34.2,0,167150
2019-08-08,31.1,27.7,34.7,0,164854
2019-08-09,30.1,27.7,33.3,0,163678
2019-08-10,29.5,28.8,30.9,0,163082
2019-08-11,28.7,27.7,30.5,25,165154
2019-08-12,29.7,27.2,33.9,12,170520
2019-08-13,29.2,26.8,31.2,0,167990
2019-08-14,28.6,26.8,31.6,1.2,173166
2019-08-15,27.1,26.4,27.9,0,179445
2019-08-16,27.7,25.7,30.9,4.5,181216
2019-08-17,28.8,25.7,32.6,0,181118
2019-08-18,27.2,25.9,29.7,0,173114
2019-08-19,26.3,24.6,29.1,0,168651
2019-08-20,27.1,25.7,30.1,0.1,167930
2019-08-21,28.1,25.3,31.6,3.4,176953
2019-08-22,28.5,25.8,31.8,6.3,172102
2019-08-23,27.4,26.2,30.7,0,172711
2019-08-24,27,25.2,28.8,0,175032
2019-08-25,25.5,23.3,27.7,0.1,172389
2019-08-26,25.9,23.5,28.3,0.3,170852
2019-08-27,26.9,24.5,31,87.2,170541
2019-08-28,24.8,23,27,33.3,172406
2019-08-29,23.3,21.3,25.4,68.9,171350
2019-08-30,25.5,22.2,28.8,0,172952
2019-08-31,24.9,20.8,28.2,0,168878
2019-09-01,23.3,20.6,26.3,26.1,128314
2019-09-02,24.1,21.9,26.6,25.7,117078
2019-09-03,24.8,22.4,26.7,13.9,111447
2019-09-04,24.7,23.7,27.9,43,111304
2019-09-05,26.2,23.4,30.4,7,105788
2019-09-06,26.8,25.1,28.6,68.8,105396
2019-09-07,27.6,24.9,30.3,34.3,75436
2019-09-08,24.5,23.4,26.3,19,89212
2019-09-09,26.2,23.7,29,24.7,109092
2019-09-10,27,24,29.4,0,120988
2019-09-11,26,24.1,29.3,5,139366
2019-09-12,24.1,23,25.1,0.6,167069
2019-09-13,24,22.1,26.7,0,193410
2019-09-14,24.3,21.7,26.9,0,186025
2019-09-15,24.6,22.9,26.9,0,157588
2019-09-16,24.6,23.6,27,0,140662
2019-09-17,23.8,22,25.8,0,138761
2019-09-18,23.3,20.6,27.6,0,147210
2019-09-19,22.8,19.3,25.9,0,156954
2019-09-20,22.5,19.9,25,0,157500
2019-09-21,20.5,19.1,21.7,156,142107
2019-09-22,20.4,19.1,21.7,126.2,109074
2019-09-23,21,18.4,24.5,0,146444
2019-09-24,20.4,16.7,25.2,0,139790
2019-09-25,21.8,18.3,25.2,0,175847
2019-09-26,23.8,21.3,27.7,1,173369
2019-09-27,23.8,22.7,25.7,36,166341
2019-09-28,24.1,23.1,25.6,0.7,164784
2019-09-29,24.1,22.9,26.3,0,166866
2019-09-30,23.6,22,26.8,22.6,156604
2019-10-01,23.4,20.5,26.4,36.3,116319
2019-10-02,24.8,20.6,27.3,136.2,90167
2019-10-03,23.4,21.9,26.2,0.2,120438
2019-10-04,23.1,21.2,26.1,0,138047
2019-10-05,20.8,18.4,23.2,0,155358
2019-10-06,20.8,17,24.6,1,154637
2019-10-07,21.8,20.2,23.6,0,144949
2019-10-08,20.5,17.4,24,0,148572
2019-10-09,17.6,14.2,21.5,0,154234
2019-10-10,19,14,23.1,0,155208
2019-10-11,21,17.1,23.9,0,156208
2019-10-12,21.4,18.7,24.8,0,160706
2019-10-13,19.7,17.1,22.8,0,152478
2019-10-14,19.3,16.7,23.2,0,147500
2019-10-15,17.4,15.2,19.1,3.2,150874
2019-10-16,18.1,15.8,21.3,0,159100
2019-10-17,19.3,16.2,21.8,0,164290
2019-10-18,19.1,18.1,20.5,8.3,168514
2019-10-19,19.8,17.7,22.7,0,169586
2019-10-20,19.1,15.4,21.8,0,161546
2019-10-21,19.9,17.4,22.9,0,155362
2019-10-22,20.8,18.6,22.5,0.5,156961
2019-10-23,20.3,19.2,21.8,0.6,161486
2019-10-24,20.1,18.4,22.3,2.3,166530
2019-10-25,20.1,16.8,23.5,0,170530
2019-10-26,16.5,15.5,19.4,0,170114
2019-10-27,16,13.7,18.7,0,161497
2019-10-28,15.7,11.9,19.2,0,153741
2019-10-29,17.9,15.2,20.8,0,152988
2019-10-30,16.3,13.7,19.5,0,164745
2019-10-31,16.5,12.1,20.7,0,159404
2019-11-01,18.3,15.6,22,0,138950
2019-11-02,18.6,15.6,22.7,0,145187
2019-11-03,17.5,15.2,20.4,0,138562
2019-11-04,17.3,13.5,20.6,0,130056
2019-11-05,17.3,14.6,20.3,0,128548
2019-11-06,15.8,12.3,19.4,0,133732
2019-11-07,15.9,13.4,19.3,0,144330
2019-11-08,13.8,12.4,17.3,0,157496
2019-11-09,14.4,11.9,18.1,0,152008
2019-11-10,15.5,10.3,19.7,2.9,147749
2019-11-11,17.1,15.3,19.5,0,144848
2019-11-12,14.7,12.1,17.9,0,148096
2019-11-13,15,11.8,18.3,1.7,137154
2019-11-14,11.2,7.9,14.5,0,150584
2019-11-15,12.1,7,17.2,0,161388
2019-11-16,16,10.6,21.3,0,158280
2019-11-17,20.1,14.9,24.3,0,150958
2019-11-18,13.7,11.2,22.7,6.1,137064
2019-11-19,10.6,9.9,12.3,0,130386
2019-11-20,9.9,7.8,12.5,0,133343
2019-11-21,13.1,7.8,17.1,0,139094
2019-11-22,17.1,13.5,21.8,0,148078
2019-11-23,18.1,14.5,21.7,0,164717
2019-11-24,17.3,13.7,19.5,4.7,155519
2019-11-25,10.1,9.2,13.9,0,138786
2019-11-26,13.5,9.7,15.3,8.2,132528
2019-11-27,11.1,9.3,14.8,3.8,152478
2019-11-28,10.8,8.8,14,0,142093
2019-11-29,9.7,6.9,12.6,0,156608
2019-11-30,12.5,6.9,18,0.1,149916
2019-12-01,12.5,11.1,15.1,18.9,127428
2019-12-02,9.9,7.4,11.8,0,110145
2019-12-03,9.5,7.5,10.8,0,106911
2019-12-04,11.3,10,14.1,0,119872
2019-12-05,8.7,5.7,11.5,0,117932
2019-12-06,4.2,3.2,5.8,0,135527
2019-12-07,7.5,4.3,9.5,0,143234
2019-12-08,8.7,6,10.2,0,152103
2019-12-09,10.7,5.9,15.2,0,135418
2019-12-10,13.3,8.5,18.7,0,123816
2019-12-11,12.9,9.6,18,0,123886
2019-12-12,8.3,5.4,10.3,0,149842
2019-12-13,8.6,4.6,12.9,0,141886
2019-12-14,10,6.9,12.7,0,144798
2019-12-15,12.5,6.9,17.4,0,141806
2019-12-16,14.9,12.2,18.2,0.1,147140
2019-12-17,14.1,10.9,17.6,7.3,134463
2019-12-18,8.8,7.4,10.9,0,148620
2019-12-19,7.8,7,9.4,0,142121
2019-12-20,8.4,6.9,11.1,0,155281
2019-12-21,8,5.6,10.1,0,162120
2019-12-22,9.6,6.8,11.6,1,150832
2019-12-23,9.4,6.7,12.4,0,147578
2019-12-24,9.2,7.3,11.9,0,150518
2019-12-25,11.4,7,15.1,0.1,153450
2019-12-26,9.9,6.7,13.1,9.4,160122
2019-12-27,6.7,5.7,7.3,0,166456
2019-12-28,7.7,6.1,9.7,0,175858
2019-12-29,11.8,7.1,16.4,11.4,170919
2019-12-30,11.5,6.3,13.6,0,170930
2019-12-31,2.9,1.8,6.4,0,170905
2020-01-01,5.2,2.4,7.3,0,145506
2020-01-02,8.1,5.5,9.2,0,146048
2020-01-03,8.8,6.4,11.4,0,145733
2020-01-04,7.9,5.1,11.4,0,147774
2020-01-05,8.5,4.3,11.1,0,142499
2020-01-06,14.5,10.1,18.9,0.3,139934
2020-01-07,19.2,12.8,23.6,12.4,138562
2020-01-08,8.1,6.9,13.2,1.4,144865
2020-01-09,7.3,6.7,8.2,0,150423
2020-01-10,8,4.3,11,0,155550
2020-01-11,8,6.9,9.1,0,160930
2020-01-12,7.5,6.7,8.5,0,158854
2020-01-13,7.1,6.1,8.8,0,155603
2020-01-14,4.8,3.4,6.2,4.6,154136
2020-01-15,5.6,4.6,7.2,0,157476
2020-01-16,6.3,4.6,8,0,158564
2020-01-17,6.9,6,9.2,0,160346
2020-01-18,7,6.2,9,0,160402
2020-01-19,8.6,5.9,10,0,152814
2020-01-20,8.4,7.1,10.9,0,145915
2020-01-21,7.4,4.9,10.5,0,136216
2020-01-22,11.4,8.6,13.5,25.8,135440
2020-01-23,11.2,10.5,13.6,0.7,146209
2020-01-24,11.3,9.5,12.7,0,185402
2020-01-25,11.9,10.6,14,1,212772
2020-01-26,11.6,10.6,13,10.1,193683
2020-01-27,9.8,8.1,11.5,60.3,155992
2020-01-28,9.9,9.1,11.1,0,142566
2020-01-29,9.6,8.5,11.3,0,133014
2020-01-30,8.3,7.5,10.2,0.1,127785
2020-01-31,7.2,5.9,8,0,127351
2020-02-01,8.2,4.5,10.9,0,120806
2020-02-02,7.7,6,10.7,0,98970
2020-02-03,6.9,5.1,9.3,0,92001
2020-02-04,5.6,2.6,8.2,0,88238
2020-02-05,3.4,1.2,7.7,0.7,85816
2020-02-06,3.3,0.8,5.4,0,102742
2020-02-07,6.4,4.8,8.9,0,89330
2020-02-08,6.9,4.7,9,0,93107
2020-02-09,6.6,4.9,8.9,0,92428
2020-02-10,10.6,6.1,14.1,0,90132
2020-02-11,11.2,6.7,15.1,0,90118
2020-02-12,13.3,11.1,16.7,1.1,89082
2020-02-13,12.3,11.1,14.9,0,98514
2020-02-14,13.6,11.1,16.4,0,105864
2020-02-15,16.2,12.2,21.6,0.8,116106
2020-02-16,5.4,3,12.5,7,112168
2020-02-17,2.6,0.8,4.2,2,119035
2020-02-18,4.9,0.5,7.8,0.1,123921
2020-02-19,6.6,2.2,10.7,0,127820
2020-02-20,10,6.7,13.2,0,131789
2020-02-21,12.4,6.4,16.9,0,134673
2020-02-22,10.8,7.6,14.3,0,133718
2020-02-23,7.8,5.9,11.1,0,127596
2020-02-24,11.5,5.4,15.8,0,135384
2020-02-25,16.6,11.5,21.8,0.1,110915
2020-02-26,11.4,8.4,12.7,0.1,106477
2020-02-27,10,6.8,13.4,0,104850
2020-02-28,10.4,8.7,11.6,3.7,103856
2020-02-29,11.6,10.9,12.2,14.2,103852
2020-03-01,11.2,8.1,12.7,4.2,68985
2020-03-02,8,6,10.4,0,73966
2020-03-03,10.7,6.2,15,0,76450
2020-03-04,8,5.2,10.6,0,79586
2020-03-05,6.1,4,9.6,0,82418
2020-03-06,7.4,2.5,11.9,0,85900
2020-03-07,10.3,8,11,8.1,85550
2020-03-08,12,7.3,15.4,0,84735
2020-03-09,13.1,11.3,14.6,25.3,83898
2020-03-10,9.6,7.7,13.4,21.5,82176
2020-03-11,8.4,5.5,11.1,0,88928
2020-03-12,9.4,3.8,13.7,0,93940
2020-03-13,11.2,8.2,14.5,0,115521
2020-03-14,8.4,5.9,10.6,0,104156
2020-03-15,11.1,6.8,15.3,0,98679
2020-03-16,7.3,4.6,10.6,0,98140
2020-03-17,13,6.2,19.8,0,97419
2020-03-18,14,10.1,16.7,0,98388
2020-03-19,13.9,9.9,21.2,0,99883
2020-03-20,12,7.2,16,0,103271
2020-03-21,17.4,9.9,22.8,0,105490
2020-03-22,14.4,11.3,18.5,1,103138
2020-03-23,12.7,9.3,16.3,0,103562
2020-03-24,12.6,8.8,15.8,0,101244
2020-03-25,16.3,10.8,20.9,0,123932
2020-03-26,17.9,15,23.2,17,97104
2020-03-27,12,8.4,19.9,0,98004
2020-03-28,9,7.1,9.9,3.9,100534
2020-03-29,11.2,6.6,14.4,0,101020
2020-03-30,13.5,11.7,15.9,0,96502
2020-03-31,13.9,11.3,17.2,0.6,95498
2020-04-01,11.6,8.4,15.4,3.4,59538
2020-04-02,11.8,8.7,14.7,0,67686
2020-04-03,12.8,10.9,16.3,0,70186
2020-04-04,11.6,7.6,16.9,0,72905
2020-04-05,9.7,7.4,13.4,0,69657
2020-04-06,10.7,6,14.3,0,66570
2020-04-07,13.4,8.9,17.9,0,66118
2020-04-08,12.9,10.5,16.8,0,66507
2020-04-09,12.1,8.8,15.3,0,69646
2020-04-10,12.9,9.9,15.9,0,73731
2020-04-11,12.3,9.7,16.8,23.9,76804
2020-04-12,9.8,7.5,11.2,25.4,76062
2020-04-13,11.6,9.6,13.8,0,75341
2020-04-14,13.2,8.3,16.6,0,78978
2020-04-15,13.4,10.1,16.9,0,78858
2020-04-16,15.9,10.3,21.4,0,78995
2020-04-17,16,13.6,18.7,9.7,82310
2020-04-18,12.9,11.1,16.2,0,87066
2020-04-19,13.3,11,15.6,19.5,79972
2020-04-20,13.8,11.6,18,0.4,81638
2020-04-21,12.8,10.2,16.5,0,83128
2020-04-22,11.1,8.7,14.8,0,87756
2020-04-23,11.1,8.7,14.1,0,90038
2020-04-24,13.1,9.1,16.8,0,117064
2020-04-25,18.3,10.2,23,0,106120
2020-04-26,14.2,11.1,18.9,0,107401
2020-04-27,14.3,11,17.7,0,105784
2020-04-28,15.2,10.4,19.7,0,108388
2020-04-29,15.9,13,20,0,123154
2020-04-30,19,12.5,24.8,0,145992
2020-05-01,20.5,17.4,24.6,0,136787
2020-05-02,19.2,16.4,21.9,3.2,140312
2020-05-03,19.2,16,23.6,0.9,129752
2020-05-04,18.5,15.5,23.7,0,110736
2020-05-05,17.6,14.2,24.6,0,97632
2020-05-06,19.5,15.9,24.5,0,85992
2020-05-07,17.8,14.8,22.9,0,83408
2020-05-08,20.9,15.5,26.5,0.2,85564
2020-05-09,21.3,15.5,27.7,3.4,87304
2020-05-10,16,15,18.1,0,95042
2020-05-11,17.3,14.6,23.2,0,100012
2020-05-12,18.5,14.9,25.1,0,103243
2020-05-13,17,13.2,20.4,0,103428
2020-05-14,20.2,15.2,25.8,0,102578
2020-05-15,22.1,19,27.1,2.9,100471
2020-05-16,16.6,14,19.1,5.3,102865
2020-05-17,17,13.6,21.9,0,105448
2020-05-18,19.2,15.9,29.5,0.4,104146
2020-05-19,17.2,14.4,21.1,0,104895
2020-05-20,16.6,13.8,20.6,0,129482
2020-05-21,18.8,14.5,24.6,0,119424
2020-05-22,19.1,16.3,23.9,0,121152
2020-05-23,19.6,16.1,22.4,0,125314
2020-05-24,20.4,17.9,26.1,0,125566
2020-05-25,17.7,16.4,20.6,0,120460
2020-05-26,18.4,16.5,21.1,0,118660
2020-05-27,18.2,16,21.1,0,119637
2020-05-28,19.7,15.9,25,0,124086
2020-05-29,18.5,14.7,20.5,0,127866
2020-05-30,20,17.8,23.6,0.6,130144
2020-05-31,19.7,17.1,23.6,3.7,128720
2020-06-01,18.7,16.7,21.7,0.4,99673
2020-06-02,18.6,15,22.5,0,98042
2020-06-03,20.5,18.1,24.7,0,98178
2020-06-04,21.2,18.7,25.3,0,108714
2020-06-05,19.9,17.4,24.2,0,113572
2020-06-06,21.2,19.2,26.5,0,122006
2020-06-07,21.3,18.5,23.9,0,121716
2020-06-08,23.4,18.6,29.7,0,135478
2020-06-09,26.7,22.2,30.1,0,112777
2020-06-10,24.7,22.7,28.9,0.4,105774
2020-06-11,24.5,21.6,28.9,0,107440
2020-06-12,22.7,21.1,24.2,1.1,111783
2020-06-13,25.6,22.8,29.6,24.3,113606
2020-06-14,24.2,20.8,27.7,26,114366
2020-06-15,22.2,20.2,25,0,114394
2020-06-16,23.3,21.4,26.9,0,111594
2020-06-17,20.9,18.3,23.2,30.9,110201
2020-06-18,19.5,18.3,22.5,49.3,112805
2020-06-19,19.9,18.3,22.6,11.4,125321
2020-06-20,21.9,19.7,24.9,0,134967
2020-06-21,21.8,20.1,24.3,0,138194
2020-06-22,22.7,20.1,28.9,0,134460
2020-06-23,25.6,20,30.9,0,151025
2020-06-24,24.9,21.9,27.1,38.3,126018
2020-06-25,22.9,21.6,24.9,14.2,147392
2020-06-26,22.9,20.7,25.4,0,135863
2020-06-27,23.1,20.8,26.8,0.1,137546
2020-06-28,23.5,20.5,28.7,0,135594
2020-06-29,23.2,19.1,27.6,25.1,126980
2020-06-30,21.8,20,24,0,125258
2020-07-01,22.6,19.7,26.8,0,105840
2020-07-02,23,20.2,25.2,0,155659
2020-07-03,21.4,19.7,23.8,17,131236
2020-07-04,20.2,19.5,21.7,0.4,136398
2020-07-05,21.2,19.2,24.2,0,133518
2020-07-06,22.5,20.7,26.1,15.7,128996
2020-07-07,22.5,21.2,25.5,35.1,128062
2020-07-08,22.3,20,25.6,0,131940
2020-07-09,23.2,20.9,27.6,2,154528
2020-07-10,25.6,21.9,29.8,16.4,147346
2020-07-11,23.3,22.5,25.8,0,145100
2020-07-12,24.6,22.6,26.5,4.3,142814
2020-07-13,25.6,22.6,30.6,1.5,144546
2020-07-14,21.6,19.8,23.6,0.5,147130
2020-07-15,21.6,20.2,24.6,0,177044
2020-07-16,22.2,20.2,24.5,0.4,158210
2020-07-17,23.1,20.1,25.8,0,159092
2020-07-18,24.2,20.7,26.7,0.2,155502
2020-07-19,29.1,23,34.3,0,151928
2020-07-20,26.4,22.8,29.9,1.2,167783
2020-07-21,24.6,22.6,27.2,4.4,150196
2020-07-22,26.8,23.8,30.4,0,148624
2020-07-23,26.5,23.6,30.5,9.2,148054
2020-07-24,23,21.3,25.1,2.4,148886
2020-07-25,23.7,21.2,26.6,0,153002
2020-07-26,23.4,20.7,25.5,0,151176
2020-07-27,24.8,22.6,27.9,71.5,161665
2020-07-28,28.7,25.1,33.8,2,151176
2020-07-29,27.9,25.7,30.9,0.5,152226
2020-07-30,27.8,25.4,31,0,159173
2020-07-31,26.9,25.1,29.5,0,173744
2020-08-01,28.2,25.5,30.7,0,152156
2020-08-02,29.3,26.7,34,0,161662
2020-08-03,28.8,26.7,32.5,0,162953
2020-08-04,30.2,27.1,34.9,0,167688
2020-08-05,30.3,26.4,34.1,9.7,167776
2020-08-06,30.2,27.9,32.7,0,169141
2020-08-07,30.6,27.8,32.7,0,172630
2020-08-08,30.9,29.7,32.7,0,197911
2020-08-09,30.4,28,33.9,0,172697
2020-08-10,29.4,26.6,32.3,4.2,159604
2020-08-11,30.4,27.6,33.6,2,162421
2020-08-12,31,28.2,34.5,0,167430
2020-08-13,31.3,28.2,36.1,0,174010
2020-08-14,32.2,27.6,36.3,0,185098
2020-08-15,31.1,27.8,36.3,0,197116
2020-08-16,29.9,27.5,32.7,0,196578
2020-08-17,29.4,27,32.3,0,186543
2020-08-18,29,26.8,30.8,0,178608
2020-08-19,28.3,26,31.2,0,175749
2020-08-20,28.2,26,31.3,0,172963
2020-08-21,28,25.4,30.3,0,175098
2020-08-22,27.4,24.3,33.3,2.8,171798
2020-08-23,28.3,24.8,31.2,0,168452
2020-08-24,30,26.2,35.1,0,159446
2020-08-25,29.8,27.7,33.6,2.9,143118
2020-08-26,28.4,25.4,29.8,114.3,105858
2020-08-27,28.7,27.2,30.8,0.7,162046
2020-08-28,28.4,26.4,32.6,2.3,150745
2020-08-29,28.4,26.3,31.3,1.5,133732
2020-08-30,28.1,26.1,31.4,0,132388
2020-08-31,27.8,25.9,31.6,0,124600
2020-09-01,26.8,25.6,28,0.1,87342
2020-09-02,25.1,23.1,27.9,183.6,69790
2020-09-03,25.2,23.2,28.7,0.3,93786
2020-09-04,25.5,21.5,29.3,0,94070
2020-09-05,21.9,19.3,24.1,7.6,93611
2020-09-06,21.7,20.5,23.1,71.7,106530
2020-09-07,23,20.7,26.3,79.8,85036
2020-09-08,26.7,22.4,30.7,0,96624
2020-09-09,25.8,24.4,28.7,0,104366
2020-09-10,24.5,22.7,26.6,0,139041
2020-09-11,23.5,21.8,26,0.6,117691
2020-09-12,23.1,21.6,25.5,0,121208
2020-09-13,23,21.7,26.1,5.2,119987
2020-09-14,23.3,21.8,25.9,0,120180
2020-09-15,23.7,21,25.8,0,115395
2020-09-16,23.5,21.5,28.3,6.1,113292
2020-09-17,21.2,19.3,23.3,26.6,114723
2020-09-18,20.5,17.8,23.1,11.3,123736
2020-09-19,21.2,16.8,25.6,0,129524
2020-09-20,22,18,25.6,0,129714
2020-09-21,21.5,18.5,25,0,125912
2020-09-22,21.2,19.5,22.6,0,121614
2020-09-23,20.9,20.1,21.7,1.3,120018
2020-09-24,21.3,20.6,22.7,0,144120
2020-09-25,22.5,20.1,25.3,0.6,135128
2020-09-26,22.1,20.5,25.8,0,134446
2020-09-27,21.4,19,24.1,5.7,135118
2020-09-28,20.9,19.3,23.4,0,134424
2020-09-29,21.2,18.1,23.8,0,140234
2020-09-30,21.9,19,24.9,0,155648
2020-10-01,21.5,19.4,24.1,0,152712
2020-10-02,21.7,17.6,25.5,0,159442
2020-10-03,22.5,20.2,25.3,0,144844
2020-10-04,21.4,19.5,23.5,1.1,118713
2020-10-05,18.4,16.8,21.1,0,101706
2020-10-06,18.6,17.1,20.4,0,97926
2020-10-07,20.5,17,22.2,0,103632
2020-10-08,20.3,19.1,22.5,0,119378
2020-10-09,20.1,18.6,21.5,0,136546
2020-10-10,20.3,18.9,22.4,0,141180
2020-10-11,20.4,18.9,23.3,0,137932
2020-10-12,20.4,18,23.5,0,128268
2020-10-13,18.4,16.1,21,0,127040
2020-10-14,19.1,15.7,21.7,0,131131
2020-10-15,17.9,15.6,20.3,0,136192
2020-10-16,17.2,14.4,20,4,142835
2020-10-17,17.5,13.7,20.7,0,149922
2020-10-18,17.7,15.6,20.9,0,150724
2020-10-19,17.7,14.2,21.1,0,126564
2020-10-20,18.7,15.6,22.2,0,146346
2020-10-21,18.3,16.3,22.2,46.4,129597
2020-10-22,17.5,15.4,20.5,2.2,133248
2020-10-23,15.2,14.3,16.7,0,199647
2020-10-24,15.4,14,17.6,0,210483
2020-10-25,16.3,13.2,19.9,0,204840
2020-10-26,15.6,12.1,20.8,0,167400
2020-10-27,16.5,12.5,20.3,0,165062
2020-10-28,17.4,15.5,20,0,165580
2020-10-29,15.8,12.8,18.7,0,172598
2020-10-30,16.1,13.7,18.5,0,179050
2020-10-31,16.5,14.3,19.6,0,180102
2020-11-01,18.1,13.7,22.3,1,142340
2020-11-02,15.7,12.8,18.5,5.4,133868
2020-11-03,13.1,11.8,16,0,132938
2020-11-04,12,9.2,15.1,0,135865
2020-11-05,14,8.2,17.9,0,140590
2020-11-06,17.8,13.8,21.7,0,146198
2020-11-07,17.6,14.5,21,0,152925
2020-11-08,14.6,11.5,19.2,0,151968
2020-11-09,12,10.1,14.5,0,145320
2020-11-10,13,9.2,17.2,0,143025
2020-11-11,12.4,8.6,15.9,0,146542
2020-11-12,14.4,11.6,17.9,0,159300
2020-11-13,14.4,10.6,18.7,0,165315
2020-11-14,15.8,12,19.4,0,166248
2020-11-15,16.6,13.3,19.7,0,161268
2020-11-16,16.8,14.5,19.4,1.4,153650
2020-11-17,21,16.3,26.7,0,155570
2020-11-18,22.4,18.5,25.9,0,151642
2020-11-19,20.4,15.6,25.8,12.2,147638
2020-11-20,12.9,10.9,15.6,0,154995
2020-11-21,13.7,8.7,16.4,0,157135
2020-11-22,13.2,11.3,15.6,4.2,150278
2020-11-23,10,9.2,11.2,0,144378
2020-11-24,10.5,8.7,12.9,0,141265
2020-11-25,12.1,9.6,14.7,0,140160
2020-11-26,11.8,9.4,14.1,3.8,139568
2020-11-27,11,9.1,12.9,0,140310
2020-11-28,8.6,7.9,9.4,0,138832
2020-11-29,9.2,7.6,12,0,133010
2020-11-30,8.7,7.8,10.1,0.2,171444
2020-12-01,7.8,6.1,10.3,0,104324
2020-12-02,9.3,6,12.4,0,105606
2020-12-03,8.2,5.8,10.5,0,110400
2020-12-04,7.8,6.8,9.4,0,115227
2020-12-05,8.8,6,12.3,0,119098
2020-12-06,8.3,5.3,11.7,0,119175
2020-12-07,10.1,6.3,13.1,0,111758
2020-12-08,8.2,6.8,10.3,0,108472
2020-12-09,7.7,4.2,10.6,0,109312
2020-12-10,10.3,7.6,12.4,0,114373
2020-12-11,11.1,8.9,12.5,0,121184
2020-12-12,9.7,6.5,11.5,0,125758
2020-12-13,8.7,5.7,14.6,0,126172
2020-12-14,3.2,1.7,5.9,0.1,118909
2020-12-15,3,2,4.3,0,115504
2020-12-16,3.9,3,5.3,1.5,114842
2020-12-17,5.7,3.8,7.2,0,118780
2020-12-18,7.7,6.1,10.8,0,116974
2020-12-19,4.4,2.8,6.3,0,114849
2020-12-20,6.8,3.6,7.9,0,110750
2020-12-21,7.9,6.4,10.2,0,107597
2020-12-22,8.9,6,13.1,0,106432
2020-12-23,10.1,4.5,15,0,110012
2020-12-24,10.5,8,13.5,0,116540
2020-12-25,6.8,4.8,10,0,120169
2020-12-26,7.4,3.8,10.6,0,119984
2020-12-27,10.1,8.1,11.5,14.4,112665
2020-12-28,11.4,8.3,14.5,0,107485
2020-12-29,9.6,3,14.6,5.4,105574
2020-12-30,0.9,-1.4,4.3,4.3,99718
2020-12-31,2.9,-0.3,4.6,3.8,110439
2021-01-01,5.5,4,7.2,0,85340
2021-01-02,5.9,2.8,8.4,0,89464
2021-01-03,4.5,2.7,6.3,0,82579
2021-01-04,5.9,2.2,9.2,0,76111
2021-01-05,5.6,2.6,9,0,73574
2021-01-06,4,1.7,5.6,0.6,74298
2021-01-07,-1.1,-3.1,4.4,7.9,61400
2021-01-08,-1.1,-2.7,1,6.1,59682
2021-01-09,1.2,-2.1,3.1,0.9,70196
2021-01-10,3.6,0.8,5.1,0,72674
2021-01-11,3.4,1.5,5.1,10.8,79510
2021-01-12,4.7,2.6,6.4,1.2,84539
2021-01-13,10,5.2,13.6,0,90674
2021-01-14,10.8,7.9,15.4,0,96243
2021-01-15,12.1,7.7,18.2,0,102322
2021-01-16,5.1,2.8,8.6,0,105298
2021-01-17,3.1,1.2,4.4,2,105707
2021-01-18,6.6,3.1,9.9,0,106995
2021-01-19,4,2,6.3,0,108734
2021-01-20,9.2,3.8,15.9,0,109498
2021-01-21,12.6,7.3,17.9,0.5,111514
2021-01-22,12.7,11.5,14.5,8.2,115472
2021-01-23,12.5,11.1,13.5,57.8,117397
2021-01-24,11.8,10.4,13.6,0.2,121754
2021-01-25,12.6,11.3,15.3,0,120743
2021-01-26,10.4,8.8,12.8,19.7,119840
2021-01-27,7.6,5.8,10,0,123484
2021-01-28,6.2,0.4,10.6,0.5,124712
2021-01-29,2.5,0.3,5.3,0.2,132212
2021-01-30,7.8,2.2,11.7,0,134964
2021-01-31,10.7,5.6,14.9,0,133108
2021-02-01,11.6,9.8,15.8,22.4,96946
2021-02-02,4.2,2.9,10,0,98105
2021-02-03,5.8,3.6,8.6,0,102400
2021-02-04,6.4,3.6,9.5,0.1,105777
2021-02-05,7.1,2.2,9.9,0,112938
2021-02-06,10.6,7.5,14.6,0,119108
2021-02-07,11,7.5,15.1,0,120600
2021-02-08,4.1,2.3,7.5,0,116308
2021-02-09,4.8,2.9,7.8,0,116196
2021-02-10,7,3.1,10.9,0,130722
2021-02-11,9.7,6,13,0,149782
2021-02-12,12.2,10.2,14.1,0,165442
2021-02-13,13,10.1,16.3,0,164486
2021-02-14,13.3,10.8,16,2.4,148194
2021-02-15,7.5,3.5,12.4,0,133382
2021-02-16,5.7,3.3,9.1,0,132699
2021-02-17,1.3,-1.2,3.8,0.9,129658
2021-02-18,2.5,-1,3.8,1.9,134897
2021-02-19,8.5,2.8,13.4,0,147928
2021-02-20,15.6,11.7,17.7,0,154910
2021-02-21,18.9,16.4,23.7,0,158336
2021-02-22,15.3,8.7,23.4,0,158624
2021-02-23,7.5,5,10.6,0,157280
2021-02-24,9.9,5.2,13.2,0,157213
2021-02-25,11.6,9.8,15.2,19.6,155372
2021-02-26,11.2,9.8,13,5.4,157745
2021-02-27,11.4,10.8,12.6,0,170114
2021-02-28,14.4,11.3,17.1,0.1,171510
2021-03-01,15.5,7.8,21.9,11.2,132307
2021-03-02,7.5,6.2,9.8,0,122059
2021-03-03,9.2,4.8,12.8,0,114107
2021-03-04,10.9,9.2,12,26.9,115300
2021-03-05,11.9,10.7,14.2,0.1,126168
2021-03-06,11.3,9.2,14.2,0,132920
2021-03-07,10.1,9.1,11.1,0,135947
2021-03-08,10.4,8.7,12.7,0,135048
2021-03-09,10.6,7.9,13.5,0,133917
2021-03-10,11.5,7,16.5,0,135692
2021-03-11,14.1,10.9,19,7.6,139506
2021-03-12,11.3,10.3,13.4,14.2,147056
2021-03-13,11.7,9.4,14.7,0,158403
2021-03-14,11.4,8.5,15.2,0,161679
2021-03-15,13.9,7.9,19.2,0,157294
2021-03-16,12.6,7.9,19.1,3.1,150955
2021-03-17,11.3,6.3,15.7,0,149614
2021-03-18,13.7,10.8,17.1,0,152862
2021-03-19,14.2,12.9,16.2,6.2,161766
2021-03-20,12.8,9.6,15.7,7.6,168178
2021-03-21,9.2,7.3,12.5,0,173936
2021-03-22,9.8,6.4,12.8,0,174752
2021-03-23,12.3,9,16.5,0,173012
2021-03-24,13.3,8.8,17.3,0,175942
2021-03-25,14.1,11.6,17.7,0,184205
2021-03-26,14.6,9.7,21.2,0,189651
2021-03-27,17.5,12.2,21.5,4.2,186823
2021-03-28,14.5,12.7,17.5,0,185188
2021-03-29,15.2,12,17.8,0,177758
2021-03-30,14.3,11.4,19.1,0,169491
2021-03-31,16.2,12.1,20.6,0,167426
2021-04-01,15.2,13.8,17.5,8.8,130823
2021-04-02,17.2,13.8,19.9,9.8,141771
2021-04-03,18,13,22.8,0,149919
2021-04-04,11.4,10.8,13.2,5.2,152730
2021-04-05,12.6,10.6,14.6,4.1,148768
2021-04-06,13.9,11.3,17.4,0,149240
2021-04-07,14.8,11.2,18.3,0,152548
2021-04-08,14.4,11.2,18.6,0,161448
2021-04-09,13.8,9.7,17.5,0,170496
2021-04-10,14,11.4,17.5,0,177230
2021-04-11,16.6,12.2,21.5,0,175742
2021-04-12,16.5,14.3,19.9,16.9,157902
2021-04-13,11.8,8.5,14.4,0,153426
2021-04-14,11,8.2,14.9,0,157276
2021-04-15,13.1,8.6,17.9,0,171444
2021-04-16,15.1,11.1,19.7,0,180744
2021-04-17,13.7,11.3,16.3,0,188678
2021-04-18,13,11.1,16.5,0,187800
2021-04-19,14.5,9.9,19.1,0,180173
2021-04-20,14.8,10.3,18.5,0,169862
2021-04-21,17.5,12.3,22.8,0,166358
2021-04-22,21,16.8,25.9,0,173285
2021-04-23,19.3,16.5,25,0,181220
2021-04-24,17.5,15.9,21.9,0,190918
2021-04-25,16.9,14.7,20.7,0,193697
2021-04-26,16.5,13.5,20.9,0,184118
2021-04-27,17.1,14,21.5,0.8,173428
2021-04-28,17,14.9,19.5,0,169477
2021-04-29,18.8,14.7,23.3,0,175483
2021-04-30,16.3,11.3,19.9,13.2,183281
2021-05-01,13.3,11.5,16.3,10.1,165700
2021-05-02,13.8,10.9,16.7,0,168662
2021-05-03,15,9.4,18.9,0,156062
2021-05-04,19,15.1,23.1,12.8,146506
2021-05-05,17.1,12.9,22.6,0,166380
2021-05-06,18.4,13.1,23.4,0,162050
2021-05-07,19.5,14.4,26.6,0,167766
2021-05-08,18.3,12.7,25.3,0,172774
2021-05-09,18.9,14.9,23.9,0,168196
2021-05-10,20.3,17.3,23.4,0,160122
2021-05-11,18.6,17.4,20.6,0.4,154242
2021-05-12,18.3,16.1,21,0.6,155978
2021-05-13,19.6,17.7,22.2,0,164980
2021-05-14,21.5,17.9,26.5,0,170076
2021-05-15,23.7,19.6,30.9,6.1,177562
2021-05-16,23.5,17.4,28.5,22.5,173834
2021-05-17,16.7,15.7,18.8,2.4,166394
2021-05-18,18.6,15.3,22.9,0,169690
2021-05-19,19.7,17.2,21.8,0,178560
2021-05-20,18.3,15.9,23.4,24.4,174142
2021-05-21,18.2,16.1,21.9,0,182833
2021-05-22,19,17.2,22,0,193781
2021-05-23,19.8,17.3,23.3,0,187698
2021-05-24,19.4,16.1,23.2,3,176522
2021-05-25,20.2,16.1,25,0,170128
2021-05-26,18.8,15.3,25.4,15.6,169032
2021-05-27,19.1,15.5,24,2.8,177030
2021-05-28,20.7,16.4,29.2,0,185514
2021-05-29,19.7,16.5,23.8,0,192594
2021-05-30,21.4,16.6,27.7,0,190141
2021-05-31,22,19.2,27.5,0,174982
