year,avgTemp,minTemp,maxTemp,rainFall,rest
2015-01-01,3.3,1.7,5.4,4.2,228
2015-01-02,6.1,3.9,8.5,0,281
2015-01-03,6.8,3.5,9.6,0,240
2015-01-04,11.5,7.7,15,0,160
2015-01-05,12.9,6.8,17.5,0.7,112
2015-01-06,7.8,3.9,17.2,0.2,151
2015-01-07,4.7,3.4,5.8,0,159
2015-01-08,6.3,5.1,7.6,0,149
2015-01-09,8,6.5,10,0,149
2015-01-10,8.6,6.5,11,0,184
2015-01-11,8.5,5.4,12.1,0,185
2015-01-12,4.9,3.8,7.9,0,165
2015-01-13,9.7,4.2,13.7,0,146
2015-01-14,9.3,8.7,10.7,37.4,143
2015-01-15,8.4,5.9,10.9,0,128
2015-01-16,7.7,5.3,9.4,0.1,134
2015-01-17,5,2.7,8,0,185
2015-01-18,6,1.2,10.1,0,187
2015-01-19,8.5,5.9,11,0,138
2015-01-20,6.9,3.7,9.7,0,139
2015-01-21,9.2,7.8,10.6,5.8,131
2015-01-22,7.6,6.5,9,4.7,130
2015-01-23,6.9,5.4,9.9,0,116
2015-01-24,8,5,11,0,213
2015-01-25,11.6,6.9,15.8,9.2,192
2015-01-26,10.3,7.4,13.6,0,149
2015-01-27,5.6,3.3,7.6,0,133
2015-01-28,4.5,3.2,6.4,0,169
2015-01-29,6.8,4.8,8.1,19.1,141
2015-01-30,5,3.6,6.7,1,130
2015-01-31,3.4,2.7,5.1,0,169
2015-02-01,4.1,0.6,7.7,0,182
2015-02-02,6,4.3,9.3,0,101
2015-02-03,6.2,2.8,9.6,0,110
2015-02-04,6.8,6,7.4,0,102
2015-02-05,5.5,3.1,6.9,0.3,117
2015-02-06,6.1,5,7.8,0,98
2015-02-07,8,5.8,9.7,0.1,147
2015-02-08,1.7,-0.7,8.8,0.1,138
2015-02-09,1.8,-0.3,3.6,0.4,83
2015-02-10,7.1,2.5,9.4,0,109
2015-02-11,8.9,5.8,12.3,0,123
2015-02-12,7,4.6,10,0,103
2015-02-13,4.7,3.3,8.1,0,135
2015-02-14,8.4,3.1,14.4,0,218
2015-02-15,12.5,9,14.9,12.8,207
2015-02-16,11.8,9.8,14.4,3,204
2015-02-17,8.3,7.3,10,0,148
2015-02-18,6.5,5.5,7.4,0,172
2015-02-19,5.7,4,8.9,0,251
2015-02-20,9.3,3.1,14.9,0,365
2015-02-21,11.9,9,17.3,5.5,309
2015-02-22,8.7,6.5,10.8,0.3,178
2015-02-23,6.9,5.4,9.8,0,153
2015-02-24,7.9,5.9,10.9,0,149
2015-02-25,10.3,6.8,12.7,0,160
2015-02-26,8.8,4.9,11.6,0,174
2015-02-27,4.2,3.7,5.4,0,202
2015-02-28,7.9,4.1,9.8,13,225
2015-03-01,7.3,5.9,9.2,2.6,146
2015-03-02,7,3.4,10.1,0,95
2015-03-03,8.4,6.8,10.1,1.3,90
2015-03-04,4,3.2,6.8,0,98
2015-03-05,5.4,2.8,7.1,0,84
2015-03-06,8,6.3,9.3,1.5,110
2015-03-07,9.3,6.3,12.1,0,173
2015-03-08,10.7,4,16.1,0,187
2015-03-09,7.6,2,11.6,9.5,107
2015-03-10,2.9,0.2,4.1,0.2,112
2015-03-11,7,3.3,9.7,0,103
2015-03-12,8.3,6.2,11.3,0,92
2015-03-13,11.5,4.7,17.7,0,145
2015-03-14,10.3,8.7,12.2,0,182
2015-03-15,10.8,7.8,14,0,232
2015-03-16,13.5,9.9,17.1,0,111
2015-03-17,15.7,11.1,19.6,0,106
2015-03-18,17.1,13.9,20.6,60.5,116
2015-03-19,12.8,11.5,14.8,4.2,115
2015-03-20,12.9,11.3,16.5,0.2,201
2015-03-21,13.8,10.9,17.5,0,288
2015-03-22,12.3,9,16.5,0,281
2015-03-23,9.1,6.7,11.7,0,182
2015-03-24,8.5,6,12,0,162
2015-03-25,8.6,4.3,12.9,0,164
2015-03-26,9.8,5.1,14.5,0,146
2015-03-27,10.9,7.5,13.9,0,177
2015-03-28,12.8,10.2,15.7,0,252
2015-03-29,13.5,10.3,16.7,0,299
2015-03-30,14,10.7,17.9,0,200
2015-03-31,18.1,14.9,22.2,0.7,164
2015-04-01,15.4,14,19,0,113
2015-04-02,20.2,14,27.7,0.9,167
2015-04-03,12.6,10,22.1,7.8,185
2015-04-04,14.4,10,17.4,10.5,275
2015-04-05,13.2,12.3,14.4,3.9,295
2015-04-06,12.1,10,13.3,36.6,225
2015-04-07,10.3,8.7,12.6,0,167
2015-04-08,11,8.8,14.4,0,155
2015-04-09,12.1,9.3,14.5,0,171
2015-04-10,12.8,10.6,15.2,0,232
2015-04-11,13.5,9.5,17.6,0,346
2015-04-12,13.5,11.7,18.4,15.6,284
2015-04-13,12.1,8.9,14.5,15.1,260
2015-04-14,10.1,7,14.2,2.5,194
2015-04-15,15.6,10.1,20.3,0,155
2015-04-16,17.3,13.1,24.9,0,185
2015-04-17,14.1,10.1,18,0,237
2015-04-18,17.9,13,24.1,27.9,299
2015-04-19,18.5,15.5,23.9,10.3,337
2015-04-20,12.9,12,15.5,2.9,219
2015-04-21,14.2,12.5,17.5,0,181
2015-04-22,15.5,11.1,21.2,0,199
2015-04-23,15.5,11.8,19.2,0,207
2015-04-24,17.3,13.4,22,0,200
2015-04-25,17.2,13.6,23.6,0,321
2015-04-26,18.8,14.1,23.1,0,372
2015-04-27,19.5,14.9,23.1,0,236
2015-04-28,20.7,17.9,25.3,1,212
2015-04-29,17.7,15.4,22.1,3.8,164
2015-04-30,16.4,15.3,18.2,9.1,217
2015-05-01,18,15.5,21.4,0,378
2015-05-02,18.3,14.5,23.2,24.8,504
2015-05-03,18.1,14.8,22,6.7,621
2015-05-04,16.5,13.3,21.7,0,504
2015-05-05,14.8,11,18.5,0,468
2015-05-06,15.3,13.2,17.8,0,236
2015-05-07,17.2,13.2,21.7,0,216
2015-05-08,17.7,14.5,20.8,0,235
2015-05-09,17.5,15,20.7,1.9,275
2015-05-10,18,14.7,23,0,259
2015-05-11,19.8,15.9,23.1,69.3,168
2015-05-12,18.5,14,21.6,4.3,141
2015-05-13,23,19.2,27.3,0,169
2015-05-14,23.8,19.4,29.4,0,176
2015-05-15,19.7,17.3,23,2.9,209
2015-05-16,19,16.6,22.1,0,319
2015-05-17,19.3,16.1,26.4,0,301
2015-05-18,16.2,14.9,19,35,261
2015-05-19,16.3,14.8,19.3,0,161
2015-05-20,17.4,14.7,22.1,0,150
2015-05-21,18.4,14.1,22.8,0,129
2015-05-22,19.8,17,24.1,0,237
2015-05-23,18.8,17.4,21.7,0,433
2015-05-24,20.2,17.7,23.5,0,449
2015-05-25,20.1,17.1,23.6,0,444
2015-05-26,19.2,15.7,23.7,0,194
2015-05-27,20.5,17.4,23.4,0,181
2015-05-28,22.6,18,27.6,0.9,176
2015-05-29,21.3,19,25.3,0,189
2015-05-30,18.9,17.8,20.9,4.2,278
2015-05-31,19.7,17.6,23,0,294
2015-06-01,20.6,17.6,24.8,0,201
2015-06-02,20.2,18.5,21.8,39.9,179
2015-06-03,21.4,18.5,25.5,1.1,164
2015-06-04,20.6,17.6,23.9,0,161
2015-06-05,17.2,15.4,22.2,14.3,232
2015-06-06,19.9,15.3,26.3,0,335
2015-06-07,21.7,18,26,0,289
2015-06-08,20.9,18.5,24,4.4,194
2015-06-09,21.2,18.5,24.2,0,153
2015-06-10,22.9,18.1,28.9,0,151
2015-06-11,22.6,20.2,26.5,0.9,193
2015-06-12,26,21.9,30.6,0,188
2015-06-13,24.1,21.5,28.7,0,257
2015-06-14,22.9,20.9,25.4,0,293
2015-06-15,22.8,20.9,25.3,0,187
2015-06-16,22.2,21.1,25.3,0.7,180
2015-06-17,20.6,19.6,21.6,15.4,141
2015-06-18,22,19.7,25.6,0.1,178
2015-06-19,22.9,19.9,25.8,0,162
2015-06-20,22,19.4,24.2,0,245
2015-06-21,22.1,20.5,24.6,2,264
2015-06-22,21.7,20.5,24.3,0.3,211
2015-06-23,23.5,20.9,26.9,0,174
2015-06-24,22.1,21.1,23.2,32.7,155
2015-06-25,23.6,21.5,25.9,7.9,159
2015-06-26,23.5,21.2,27.8,2.7,200
2015-06-27,21.2,20.5,22.2,9.2,280
2015-06-28,22,19.8,25.9,0,339
2015-06-29,22.3,19.2,25.8,0,205
2015-06-30,21.9,19.6,26.4,54.8,170
2015-07-01,22.9,20.5,26.3,0.1,164
2015-07-02,22.9,19.6,25.5,0,194
2015-07-03,23.9,21.6,26,0,231
2015-07-04,22.5,21.3,24.4,0,343
2015-07-05,22,20.5,24.2,0,313
2015-07-06,21.4,20.3,23.5,1.4,217
2015-07-07,20.7,19.1,22.3,53.7,218
2015-07-08,25.8,19.9,31.6,82.1,217
2015-07-09,24.9,22.8,29,0,220
2015-07-10,23.6,22.1,25.2,0,319
2015-07-11,24.3,23,26.4,98.9,336
2015-07-12,26.5,23.8,28.7,88.7,340
2015-07-13,27.8,23.4,33,0,341
2015-07-14,26.5,24.1,29.9,0,290
2015-07-15,25.2,22.4,27.9,0,297
2015-07-16,24.8,22.1,28.6,0,357
2015-07-17,24.2,21.6,26.7,0,347
2015-07-18,25,22.8,29.2,0,393
2015-07-19,25.6,22.7,29.8,0,369
2015-07-20,24.3,22.8,27.1,0,362
2015-07-21,24.3,22.8,27.4,0,335
2015-07-22,26.5,23.7,28.2,4.6,325
2015-07-23,30.4,27.7,34.1,0,330
2015-07-24,29.5,27.2,32.5,0,336
2015-07-25,29.1,26.3,33.8,0,416
2015-07-26,27.5,25.6,29.7,0,493
2015-07-27,27.8,25.9,31.1,0.2,463
2015-07-28,27.6,25.9,30.9,0,486
2015-07-29,30.5,25.8,36.7,0,494
2015-07-30,28.1,26.5,30.4,0,518
2015-07-31,28.1,25.4,33.6,0,544
2015-08-01,27.9,24.8,30.5,0,603
2015-08-02,28.6,24.7,32,0,533
2015-08-03,28,24.9,30.6,0,640
2015-08-04,28.4,25.5,31.6,0,620
2015-08-05,28.1,25.7,30.7,0,631
2015-08-06,29.2,25.9,35.5,0,575
2015-08-07,29.7,26.9,33.8,0,579
2015-08-08,27.5,26.2,30.3,3.4,589
2015-08-09,27.8,25,30.3,0,463
2015-08-10,28,26.2,30.3,0,496
2015-08-11,27.2,23.7,30,91.8,462
2015-08-12,25.2,23.9,26.4,0.2,547
2015-08-13,27,25.2,30.2,0,452
2015-08-14,26.5,25.1,29.4,0,517
2015-08-15,27.2,23.7,31.8,0,469
2015-08-16,25.5,22.8,28.1,74.6,456
2015-08-17,25.2,22.9,27.9,3.5,368
2015-08-18,26.1,24.5,27.9,0,384
2015-08-19,25.9,24.6,28.8,1.8,472
2015-08-20,26,24.3,29.3,0,393
2015-08-21,26,24.5,28.8,20.8,345
2015-08-22,25.2,23.8,26.6,0,433
2015-08-23,25.4,23.6,27.6,0,409
2015-08-24,24.5,22.2,25.9,14.6,436
2015-08-25,22.8,20.4,25.2,34.1,421
2015-08-26,24.8,22.8,27.6,0,342
2015-08-27,25.5,21.6,28.6,0,379
2015-08-28,25.7,22.1,28.4,0.6,434
2015-08-29,24.8,23,27.5,0,401
2015-08-30,24.7,22.6,27.3,0,366
2015-08-31,24.9,23.3,28,3.2,319
2015-09-01,24.8,23.2,26.9,0.3,303
2015-09-02,25.4,22.7,28.4,0,325
2015-09-03,26.1,24.1,28.6,0,375
2015-09-04,25.1,22.6,28.3,0,420
2015-09-05,23.3,21.2,25.6,13,407
2015-09-06,23.2,20.7,26.1,22.3,397
2015-09-07,23.1,21.5,25.1,0,358
2015-09-08,22.5,19.7,24.5,0,341
2015-09-09,22.5,20,25.7,0,290
2015-09-10,23.2,19.6,26.2,0,292
2015-09-11,23.9,19.5,27.2,0,323
2015-09-12,22.4,20.9,24.1,6.9,377
2015-09-13,22.5,19.6,25.1,0,369
2015-09-14,22.6,19.5,26.6,0,357
2015-09-15,22.3,20.6,25,0,288
2015-09-16,21.1,20,22.2,22.4,260
2015-09-17,22.5,19.9,25,0.1,238
2015-09-18,22.7,20.7,25,0,310
2015-09-19,22.4,19.9,25.8,0,356
2015-09-20,22.6,18.4,25.1,0,294
2015-09-21,23.3,20.4,26.8,0,235
2015-09-22,23.9,20.6,27.8,0,195
2015-09-23,22.3,20.7,24.3,49,162
2015-09-24,22.9,20.9,24.8,2,105
2015-09-25,23.2,21.5,25.5,0,172
2015-09-26,23.3,20.5,25.9,0,292
2015-09-27,22.9,20.8,25.8,0,448
2015-09-28,23.6,20.8,27.5,0,504
2015-09-29,24,22.5,27.3,0,444
2015-09-30,20.9,18.6,23.3,56.9,334
2015-10-01,23.6,19.1,27.5,24.3,282
2015-10-02,19.4,17.5,22.5,0,329
2015-10-03,21.1,18,24.7,0,360
2015-10-04,21.3,19.1,24.8,0,382
2015-10-05,20.9,18,24.3,0.1,261
2015-10-06,20.3,17.1,23.1,0,253
2015-10-07,20.9,17.3,23.8,0,261
2015-10-08,20.8,19.4,23.7,0,363
2015-10-09,19.2,15.6,22.5,0,502
2015-10-10,19.9,15.7,25.8,0,551
2015-10-11,18.3,16.2,20.7,0,495
2015-10-12,18.7,15.5,20.9,0.7,319
2015-10-13,18.9,15.9,21.6,0,254
2015-10-14,18.8,15,23,0,270
2015-10-15,19.2,15.8,23.8,0,248
2015-10-16,18.6,15.8,22.4,0,341
2015-10-17,19.1,15.8,22.3,0,388
2015-10-18,19.1,16.1,22.7,0,418
2015-10-19,19.6,15.3,24.2,0,332
2015-10-20,19.5,17,22.3,0,253
2015-10-21,20.1,18.1,23.7,0,245
2015-10-22,20.4,17.7,24.1,0,250
2015-10-23,19.2,17.1,21.9,0,312
2015-10-24,19.5,15.9,22.9,0,374
2015-10-25,19,16.7,22.7,0,390
2015-10-26,19.1,15.7,23.2,0,302
2015-10-27,17.9,16.2,22.5,5.9,278
2015-10-28,16.8,15.2,19.9,0,240
2015-10-29,17.2,13.4,19.7,0,222
2015-10-30,14.5,12.3,18.3,0,279
2015-10-31,13.1,11.7,16.1,0,331
2015-11-01,13,10.6,15.1,0.9,312
2015-11-02,14.2,10.6,18.5,0,218
2015-11-03,14.8,12,18.2,0,248
2015-11-04,17.4,11.8,23.8,0,215
2015-11-05,19,16,21.5,0.4,185
2015-11-06,19.7,16.8,23.3,6.4,248
2015-11-07,20.2,18.6,21.4,11.2,341
2015-11-08,18.8,17.3,21.3,4.2,274
2015-11-09,15.9,14.5,17.7,0.4,245
2015-11-10,14.2,11.9,16.2,0,265
2015-11-11,15.1,11.5,17.8,1.3,186
2015-11-12,17.5,15.1,20.6,1.4,226
2015-11-13,17.5,16,19.2,47.3,271
2015-11-14,17.1,16.3,18.4,1.2,362
2015-11-15,16,13.1,19,0,366
2015-11-16,17.7,12.9,22.1,0,246
2015-11-17,17.5,16.9,18.5,0.3,232
2015-11-18,16.2,14.5,17.6,33,189
2015-11-19,15.2,14.3,16.4,12.3,155
2015-11-20,15.5,14.2,17.6,3.7,241
2015-11-21,15.7,13.9,17.8,0,313
2015-11-22,16.9,13.5,19.8,0,327
2015-11-23,16.5,14.5,18.2,14.3,235
2015-11-24,13.6,11.9,15.1,0.3,197
2015-11-25,10.9,7.1,13.4,28,172
2015-11-26,6,3.1,8.4,6.6,155
2015-11-27,7.9,4.7,9.5,0,216
2015-11-28,10.5,8.1,14.3,0,314
2015-11-29,12.1,8.1,16.1,0,286
2015-11-30,12.9,9.5,16.7,0,157
2015-12-01,11.3,7.2,16.1,0,165
2015-12-02,13.1,10.2,20.1,1.6,162
2015-12-03,9.2,7.2,10.8,0.3,151
2015-12-04,9,7.9,9.6,0,207
2015-12-05,10.2,8.8,11,0,269
2015-12-06,9.2,7.4,10.3,0,264
2015-12-07,9.4,7.5,11.8,0,176
2015-12-08,9.2,7.5,11.9,0,134
2015-12-09,13.7,7.5,19.2,0,157
2015-12-10,15.2,13.4,16.6,50.7,167
2015-12-11,11.5,10.1,13.5,11.4,204
2015-12-12,12.2,10,13.8,0.3,286
2015-12-13,14.1,12.1,17,0,316
2015-12-14,14,12.9,15.8,0.6,203
2015-12-15,11,9.2,13.2,0,195
2015-12-16,7,3.1,9.6,0.1,188
2015-12-17,4.8,2.3,6.1,2.9,154
2015-12-18,7.1,5.6,8.1,0,220
2015-12-19,7.8,5.6,11,0,301
2015-12-20,9.6,5.9,11.7,7.3,276
2015-12-21,10.8,7.4,13.6,4.3,240
2015-12-22,12.3,7.5,16.9,0,220
2015-12-23,12.8,11,15.4,10.2,206
2015-12-24,9.8,8.4,11.1,0,253
2015-12-25,8,6.3,9.8,0,494
2015-12-26,11.3,7.1,13.5,0,557
2015-12-27,6.7,4.5,11.2,0,480
2015-12-28,5.8,4.7,6.7,0,394
2015-12-29,6.9,5.7,7.8,0,389
2015-12-30,8.4,6.6,11,0,405
2015-12-31,9,7.7,10.7,0.3,449
2016-01-01,8.2,5.2,10.8,0,475
2016-01-02,12.5,7.8,16.8,0,415
2016-01-03,13,10.5,16.2,0,342
2016-01-04,11.7,10.9,12.9,0,257
2016-01-05,8.5,6.6,11.1,6.2,254
2016-01-06,7.3,5.7,8.7,0,295
2016-01-07,7,6.3,8.2,0,287
2016-01-08,6,4.4,7.5,0.1,286
2016-01-09,7,5.6,8.3,0,353
2016-01-10,8.1,6.4,10.9,0,330
2016-01-11,6.1,4.3,7.7,0,289
2016-01-12,4.9,4.1,6.1,0,315
2016-01-13,4.6,2.5,5.7,0.1,279
2016-01-14,6.4,5,7.9,0,264
2016-01-15,7.1,4.5,11,0,271
2016-01-16,7.5,4.2,11.1,0,348
2016-01-17,8.9,7.4,10.4,33.5,285
2016-01-18,4.1,-0.3,8.9,0.8,325
2016-01-19,1.5,-0.4,3.1,3.2,225
2016-01-20,2.4,1.5,3.6,0,225
2016-01-21,2.9,2.2,3.9,0,242
2016-01-22,2.8,1.6,4.3,0,322
2016-01-23,-0.5,-4.1,3.4,12.2,186
2016-01-24,-3,-5.8,0.3,4.4,37
2016-01-25,1.9,-1.1,4.1,1.6,22
2016-01-26,5.5,3.8,7.2,0.1,63
2016-01-27,7.2,4.5,9.6,0,141
2016-01-28,8.6,5.8,11.5,27.2,168
2016-01-29,8.6,7.7,10,32.4,219
2016-01-30,7.9,6.5,9,3.8,286
2016-01-31,4.6,3.1,6.5,0,230
2016-02-01,2.7,1.6,3.6,0,158
2016-02-02,2.8,2,4.7,0,178
2016-02-03,4.8,2.3,6.8,0,146
2016-02-04,6.9,5.2,9.4,0,123
2016-02-05,6,4.6,8.5,0,134
2016-02-06,4.2,3,5.8,0.1,236
2016-02-07,4.3,2.6,7.2,0.1,302
2016-02-08,8.2,4.7,11.2,0,417
2016-02-09,8.4,5.2,11.6,0,542
2016-02-10,9.9,4.5,16.7,0,397
2016-02-11,14.9,9.2,19.5,0.1,262
2016-02-12,17.4,15.7,20.5,24,249
2016-02-13,14.8,9,19.7,9.1,252
2016-02-14,4.3,2.4,9.2,0,252
2016-02-15,2.1,-0.4,3.7,0.1,206
2016-02-16,5.7,2.9,7.9,0,234
2016-02-17,5.8,3.8,8.1,0,221
2016-02-18,8,2.6,13.9,0,258
2016-02-19,10.4,8.3,12.5,0.2,276
2016-02-20,8.3,5.3,11.1,0,383
2016-02-21,5.7,4.2,8.7,0,324
2016-02-22,6,4.9,8.7,5.4,234
2016-02-23,7.2,3.7,10.8,0.3,316
2016-02-24,3.1,2.3,4.8,0,274
2016-02-25,4.3,2.1,7.8,0,298
2016-02-26,9.2,3.3,13.5,0,315
2016-02-27,12,10,14.6,0.1,390
2016-02-28,11.4,6.3,19.5,0,489
2016-02-29,3.5,0.4,6.6,0.5,486
2016-03-01,3.6,1,6.9,0,274
2016-03-02,7.9,2.1,13.6,0,171
2016-03-03,12.3,6.1,16,0.3,145
2016-03-04,16.6,12.6,22.5,0,167
2016-03-05,18.1,14.2,22,32.7,273
2016-03-06,12.1,10,15.8,7.9,247
2016-03-07,14.1,10.4,18.6,0,182
2016-03-08,10.1,6.5,14.3,17.3,164
2016-03-09,6.1,4.3,8.5,25,171
2016-03-10,4.4,2.9,6.7,0,164
2016-03-11,4.8,2.9,7.7,0,203
2016-03-12,6.4,2.9,8.4,0,293
2016-03-13,8.4,6.1,11,9.4,288
2016-03-14,7.6,6.4,9.6,0,224
2016-03-15,8.3,3.7,11.6,0,213
2016-03-16,12,8,16.1,0,188
2016-03-17,15,8.5,21.3,0,207
2016-03-18,15.3,13.2,20,4.2,257
2016-03-19,12.4,9.8,15.2,0,373
2016-03-20,11.1,7.3,13.9,0,399
2016-03-21,12.4,9.7,15.5,0,279
2016-03-22,11.2,7.9,15.1,0,227
2016-03-23,9.8,7.3,14.5,0,236
2016-03-24,9.1,7,12.1,0,238
2016-03-25,8.9,7.4,12.1,0,261
2016-03-26,8.7,6.7,11.3,0,402
2016-03-27,10.2,6.6,13.9,0,390
2016-03-28,13.1,6.9,17.2,0,298
2016-03-29,14.7,10.2,17.8,0,269
2016-03-30,14.7,12.4,17.4,0,239
2016-03-31,13.9,13.2,16.1,0.1,234
2016-04-01,14.4,9.8,18.8,0,267
2016-04-02,16.3,11.1,21.6,0,421
2016-04-03,15.6,14.5,17.2,25.2,385
2016-04-04,13.3,12.8,15,5.9,293
2016-04-05,13.8,12.6,16.4,0,285
2016-04-06,15.1,11.6,18.6,2.3,209
2016-04-07,14.9,12.6,21.6,14.5,241
2016-04-08,13.3,11.5,16.6,0,263
2016-04-09,14.6,11.1,20,0,398
2016-04-10,15.3,12.2,18.8,0,431
2016-04-11,14.6,12.5,18.8,0,369
2016-04-12,16.5,12.2,21.1,0,326
2016-04-13,15.9,13,19.6,24.4,362
2016-04-14,15.1,12.8,22.3,0,291
2016-04-15,16.2,11,21.2,0,378
2016-04-16,20.1,14.2,24.5,18.6,352
2016-04-17,13.5,12.4,16.4,0.2,357
2016-04-18,14.6,12.6,17.3,0,262
2016-04-19,14.9,13.2,17.2,0,293
2016-04-20,18,12.3,21.7,0,217
2016-04-21,16.7,13.4,22.4,4.2,219
2016-04-22,16.7,11.5,22.3,0,287
2016-04-23,16.6,14.7,20.2,2.9,357
2016-04-24,16.9,14.3,20.7,0,366
2016-04-25,16.8,13.7,19.8,0,289
2016-04-26,18.2,14,24.2,1,254
2016-04-27,14.3,13.1,16,13.6,210
2016-04-28,13.9,12.7,15.9,8.6,207
2016-04-29,14.9,11.3,19,0,278
2016-04-30,17,11.8,22.1,0,436
2016-05-01,18.4,14.2,22.4,0,377
2016-05-02,21.3,16.5,25.7,0.8,301
2016-05-03,18.4,15,24.3,7.6,284
2016-05-04,20.8,16.3,25.7,0,327
2016-05-05,18.8,15.6,23.1,0.4,575
2016-05-06,18.6,15.8,23.1,3,687
2016-05-07,17.7,13.8,21.2,0,563
2016-05-08,18.1,14.9,23.8,0.7,379
2016-05-09,15.4,14.7,16.6,0.2,229
2016-05-10,14.6,13.3,15.8,31.6,180
2016-05-11,15.7,13.4,18.9,0,214
2016-05-12,17.1,14.1,21.3,0,237
2016-05-13,16.7,14.8,19.6,0,318
2016-05-14,18.3,15.9,22,0,459
2016-05-15,21.5,14.2,30.4,0,431
2016-05-16,15.6,11.8,19.5,16.7,289
2016-05-17,19.5,14.5,24,0,271
2016-05-18,19.6,15.3,24,0,220
2016-05-19,19.8,16.8,24.8,0,254
2016-05-20,19.9,15.4,24,0,288
2016-05-21,20.8,18.2,23.8,0,383
2016-05-22,21,18.7,23.3,0,377
2016-05-23,23.1,19.6,28,0,326
2016-05-24,18.6,16.6,22.5,20.8,232
2016-05-25,19,15.7,22.3,0,211
2016-05-26,20.7,17.7,23.6,0,235
2016-05-27,19.3,17.5,23,2.5,300
2016-05-28,18.6,17.1,22.2,16.6,406
2016-05-29,17.5,16.4,19.8,12.1,332
2016-05-30,20.3,15.7,24.9,0,307
2016-05-31,20.7,17.2,25.3,0,269
2016-06-01,20,17.9,22.3,0,236
2016-06-02,20,16.7,23.4,0,224
2016-06-03,22.8,17.1,28.8,0,319
2016-06-04,18.6,17.1,23.8,3.6,488
2016-06-05,19.8,17.2,21.8,0,594
2016-06-06,18.6,17.8,20.1,8.4,491
2016-06-07,20,18.8,23.9,0,349
2016-06-08,20,18.8,22.1,0.5,301
2016-06-09,20.8,19.4,23.9,0,296
2016-06-10,23.2,19.1,27.1,0,348
2016-06-11,24,20.3,29.3,0,439
2016-06-12,22.5,20.2,24.7,4.8,416
2016-06-13,21.8,20.2,24.8,0,345
2016-06-14,21.8,19.8,25.1,0,328
2016-06-15,23.3,19.8,26.5,0,304
2016-06-16,21.8,20.5,24,0.1,372
2016-06-17,22.4,19.7,25.9,0,361
2016-06-18,22.9,19.9,25.3,3.7,491
2016-06-19,24.8,23,28.2,0,438
2016-06-20,23.9,22.3,26.5,28,291
2016-06-21,23.9,21.4,26.3,3.3,300
2016-06-22,23.8,21.3,27,45.5,300
2016-06-23,24.8,21.4,29.2,0.6,285
2016-06-24,24.9,22.2,30.2,0.3,360
2016-06-25,23.5,21.7,27.6,0,389
2016-06-26,24,21.9,27.1,0,427
2016-06-27,20.4,18.3,22.5,6.7,316
2016-06-28,21,19.1,23.4,7.3,299
2016-06-29,22.2,20.1,25.1,49.9,273
2016-06-30,24.9,21.4,28.4,0,259
2016-07-01,27.3,23.4,29.6,18.8,278
2016-07-02,25.2,22.5,29.6,5.9,382
2016-07-03,23.7,22.3,28.8,8,390
2016-07-04,29.1,24.5,34,0,380
2016-07-05,30.8,26.2,34.4,0,338
2016-07-06,28.1,25.1,32.5,0,305
2016-07-07,26.9,24.1,32.5,0.9,281
2016-07-08,25.6,24,27.2,0.3,344
2016-07-09,25,22.7,28.4,0,385
2016-07-10,24.2,22.5,25.7,2.8,340
2016-07-11,23.9,22.9,25.1,3.9,349
2016-07-12,24.6,22.5,27.2,57.1,308
2016-07-13,26.6,25.1,30.1,0.9,316
2016-07-14,25.9,23.9,29.1,0,308
2016-07-15,26.7,22.8,30.8,0,354
2016-07-16,26.3,24.3,30.9,0,376
2016-07-17,25.6,24.1,28.8,0,352
2016-07-18,25.4,23.6,27.7,0,349
2016-07-19,28,25,31.9,0,405
2016-07-20,28,26.2,31.7,0,353
2016-07-21,28.5,26,31.3,0,338
2016-07-22,28.4,25.9,31.6,0,391
2016-07-23,28.5,25.9,32.4,0,424
2016-07-24,28.5,26,30.9,0,470
2016-07-25,28.6,26.1,31.3,0,448
2016-07-26,29.1,27,31.9,0,463
2016-07-27,29.8,27.4,33.1,0,458
2016-07-28,30.1,28.2,35.5,0,458
2016-07-29,30.1,28.2,32.6,0,485
2016-07-30,30.4,28.4,34,0,525
2016-07-31,29.6,27.8,31.9,0,644
2016-08-01,29.6,27.3,32.6,0,678
2016-08-02,29.2,27.3,31.8,0.1,620
2016-08-03,27.8,25.7,29.5,3.5,654
2016-08-04,28.8,26.6,33.2,3.3,617
2016-08-05,28.4,26.5,31.2,0,499
2016-08-06,28.7,26.4,32.5,0,465
2016-08-07,29,25.9,33.9,1.6,396
2016-08-08,29.1,26.9,32.2,0,456
2016-08-09,29.3,27.1,31.4,0,464
2016-08-10,29.1,27.6,31.9,0,445
2016-08-11,30.2,26.9,33.1,0,480
2016-08-12,30.5,27.8,34.4,0,475
2016-08-13,30.5,27.8,33.8,0,531
2016-08-14,30.6,27.8,33.9,0,561
2016-08-15,30.5,28,33.8,0,516
2016-08-16,30,27.2,33.1,0,493
2016-08-17,29,25.5,33.2,0,472
2016-08-18,29.6,27.1,31.9,0,443
2016-08-19,28.7,26.9,31.4,4.5,359
2016-08-20,28.8,26.6,31.8,0,428
2016-08-21,28.7,26.3,31.3,0,460
2016-08-22,29.4,27.9,31.6,0,436
2016-08-23,29,27.1,31.2,0,488
2016-08-24,28,26.4,29.8,0,454
2016-08-25,28.1,26.5,30.6,0,457
2016-08-26,28.2,26,31.7,0,403
2016-08-27,24.7,22.4,26.3,13,500
2016-08-28,22.8,19.9,25.3,49.6,457
2016-08-29,24.1,22.2,27.3,0,449
2016-08-30,25.3,22.9,28,0,456
2016-08-31,26.4,23.5,29.8,0,409
2016-09-01,27.1,21.7,33,4.7,379
2016-09-02,23.2,21.9,24.5,16.4,441
2016-09-03,24.5,22.6,26.7,0,463
2016-09-04,26.3,24.1,28.8,0,418
2016-09-05,26.1,24.5,29.2,0,420
2016-09-06,24.9,23.1,27.1,0,409
2016-09-07,24.5,23.2,26.7,0.9,361
2016-09-08,25,21.7,27.8,0,331
2016-09-09,25.1,23.1,28.1,0,327
2016-09-10,24.1,21.9,26.6,0,396
2016-09-11,24.7,22.9,26.9,0,443
2016-09-12,23,20.8,24.9,11.4,494
2016-09-13,24.4,21.4,27,0,406
2016-09-14,23.6,22.4,26.3,0.8,456
2016-09-15,24.2,22.4,27,0.1,562
2016-09-16,24.8,22.9,26.4,0.9,635
2016-09-17,26.8,24.7,30.2,3.4,483
2016-09-18,24.1,21.6,27,1.3,369
2016-09-19,22,20.7,22.9,17.5,239
2016-09-20,22.4,20.7,24.6,0,279
2016-09-21,22,19.6,24.6,0,314
2016-09-22,22,19.8,24.8,1.4,321
2016-09-23,22,18.9,24.9,0,319
2016-09-24,22.8,20.6,25,0,434
2016-09-25,23.4,20.6,25.1,0,456
2016-09-26,24.2,23.5,25.6,3,416
2016-09-27,25,22.9,28.2,3.5,346
2016-09-28,23.1,22.2,24.7,61.8,298
2016-09-29,21.6,20.5,22.7,24.2,304
2016-09-30,21.1,20.4,22.2,21,355
2016-10-01,22.7,21.5,25.3,5,517
2016-10-02,26.5,21.7,32.1,0,578
2016-10-03,25.7,23.6,29.3,0,492
2016-10-04,23.8,21.8,26.5,16.6,384
2016-10-05,22.6,20.4,26.5,158.5,221
2016-10-06,21.9,19.9,24.7,0,286
2016-10-07,22.8,21.3,25,1.9,334
2016-10-08,21.8,17.3,26.6,23.1,392
2016-10-09,17.5,15.8,19.5,0,456
2016-10-10,18.5,15.6,21.4,0,375
2016-10-11,19,17.5,20.8,0,335
2016-10-12,19.6,17.4,21.9,0,274
2016-10-13,19.9,18.2,22.3,0,327
2016-10-14,20.6,18.7,24,0,370
2016-10-15,20.5,17.9,24.5,0,449
2016-10-16,21.8,19.8,23.6,2.9,452
2016-10-17,21.6,19.4,24.4,0,364
2016-10-18,20.7,19.2,22.3,0,308
2016-10-19,21.1,19.9,23,0,242
2016-10-20,20.3,18.3,21.3,0,267
2016-10-21,19.6,18.7,21.3,18.4,379
2016-10-22,18.8,18.3,19.3,20.9,431
2016-10-23,19.1,17.4,21.9,2.6,464
2016-10-24,19,17.2,21.7,0,327
2016-10-25,19.8,17,25.9,1.2,307
2016-10-26,17.3,15.1,20.8,7.5,234
2016-10-27,19.4,15.5,23.2,0.1,277
2016-10-28,18.7,16.6,21.7,23.2,333
2016-10-29,14.8,13,17,0,380
2016-10-30,14.1,12.2,16.6,0,396
2016-10-31,14.7,13.5,16.8,0.5,280
2016-11-01,10.9,9.8,13.7,0,298
2016-11-02,11.5,9.3,14,0,258
2016-11-03,13.7,10.6,17.7,0,234
2016-11-04,14.5,10.8,19.5,0,288
2016-11-05,16.8,11.6,22.9,0,401
2016-11-06,17.4,13.3,21.3,0,452
2016-11-07,18.1,15.8,21.7,0,310
2016-11-08,12.6,10.5,17.7,5.5,291
2016-11-09,10.6,7.8,12.3,0,231
2016-11-10,13.1,10.9,15.2,7.4,258
2016-11-11,14.5,11.3,18.3,0,378
2016-11-12,15.5,9.7,20.2,0,404
2016-11-13,17.4,14.5,21.9,9.5,386
2016-11-14,18.7,16.7,23.2,14,282
2016-11-15,13.8,10.3,16.8,0,234
2016-11-16,13,8.4,16.6,0,260
2016-11-17,15.8,11.8,19.6,0,275
2016-11-18,19.3,15.5,22.6,0.5,346
2016-11-19,17.9,17.3,20.4,3.6,457
2016-11-20,16.7,15.2,17.8,0,379
2016-11-21,17.4,15.9,19.4,9.2,317
2016-11-22,11.4,8.3,16.9,0,272
2016-11-23,8.4,7.5,10.6,0,236
2016-11-24,7.5,6.7,8.8,0.1,236
2016-11-25,9.3,7.4,11.7,0,297
2016-11-26,10.6,7.2,13.7,18.7,360
2016-11-27,11.6,10.3,12.9,1.7,412
2016-11-28,10.1,8.6,11.7,0,313
2016-11-29,9.8,8,12,0,262
2016-11-30,13,10.1,16.4,1.1,185
2016-12-01,11.8,8.5,13.9,0,222
2016-12-02,8.5,6.2,11.6,0,282
2016-12-03,9.5,5.9,14.1,0,439
2016-12-04,12,8.1,14.5,0,383
2016-12-05,13.2,10.8,16,0,265
2016-12-06,7.4,4.7,10.9,0,247
2016-12-07,10,4.7,13.9,0,222
2016-12-08,11.1,6.7,14.9,0,214
2016-12-09,10.3,7.1,14.4,0,320
2016-12-10,7.9,6.6,10.3,0,425
2016-12-11,8.3,3.3,11.3,0,431
2016-12-12,12.8,7.9,16.4,0,303
2016-12-13,12,9,14.4,0,234
2016-12-14,6.8,5.7,9.1,0,240
2016-12-15,5.3,3.7,6.4,0.9,216
2016-12-16,5.1,3.1,6.4,1.3,293
2016-12-17,7.8,4.4,11.7,0,416
2016-12-18,11.6,5.5,16.8,0,414
2016-12-19,14.7,12.1,16.9,7,273
2016-12-20,13.3,11.5,14.9,0.2,295
2016-12-21,18.5,13.9,22.3,12.1,244
2016-12-22,11.1,9,21.6,7.6,274
2016-12-23,7.4,6.1,9.2,0.2,362
2016-12-24,6.9,5.9,8,0,441
2016-12-25,10,5.8,14.5,1.4,534
2016-12-26,12.1,8.5,16.7,25.2,434
2016-12-27,6.2,3.8,9.1,0.7,468
2016-12-28,5.5,3.9,7.9,0,408
2016-12-29,5.4,4,7.6,0,514
2016-12-30,5,3.6,7.7,0,483
2016-12-31,7,3.4,10,0,572
2017-01-01,9.9,6,13,0,520
2017-01-02,11.3,9.8,13.8,0.9,425
2017-01-03,9.1,6.9,11.7,0,427
2017-01-04,8.9,6,12.2,0,418
2017-01-05,11.1,8.4,13.5,9.8,393
2017-01-06,11.5,10.4,13.6,2,438
2017-01-07,11.3,9.9,12.4,13.5,455
2017-01-08,10.9,9.9,12.6,17.2,433
2017-01-09,8.1,6.4,10,0,327
2017-01-10,6.4,5.6,7.2,0,323
2017-01-11,4.6,3.5,5.6,0,348
2017-01-12,7.4,5.1,10.1,0,378
2017-01-13,6.5,3.1,10,0,383
2017-01-14,3.3,1.3,4.6,0,450
2017-01-15,2.8,0.7,5,0,441
2017-01-16,4.3,2.3,6.2,0,368
2017-01-17,5.1,1.7,8.9,0,309
2017-01-18,6.5,4.6,7.8,0,380
2017-01-19,6.2,5.1,8.5,0,342
2017-01-20,3.9,1.1,7.3,0.2,314
2017-01-21,4.6,2.5,6.8,0,428
2017-01-22,3.6,1.5,6.6,0.8,374
2017-01-23,2.1,0.7,3.6,0,321
2017-01-24,3.5,2.3,5.2,0,277
2017-01-25,3.7,1.7,6.6,0,216
2017-01-26,5.4,0.7,8.9,0,224
2017-01-27,6.8,2.1,11.3,0,307
2017-01-28,7.1,1.1,12.3,0,436
2017-01-29,11.8,8.2,14.8,2.9,527
2017-01-30,3.9,1.7,9.7,3.4,422
2017-01-31,3.2,1.4,5.6,0,207
2017-02-01,4.1,2.5,6.2,0,208
2017-02-02,4.2,1.3,7.8,0,244
2017-02-03,6.2,1.9,9.7,0,291
2017-02-04,10.1,8,12.4,2.5,358
2017-02-05,9.1,7.4,11.4,2.5,326
2017-02-06,5.3,4.3,7.7,0,285
2017-02-07,5.6,4,8.7,0,308
2017-02-08,5.4,3.6,7.5,0.2,288
2017-02-09,2.7,0.3,4.6,0.9,275
2017-02-10,1.6,-1.1,3.1,3.7,287
2017-02-11,3,-0.4,4,2.2,363
2017-02-12,4.8,3.1,8,0,421
2017-02-13,6.8,1.3,10.5,0,362
2017-02-14,7.1,5.1,9.9,0,346
2017-02-15,6.9,2.4,11,0,372
2017-02-16,13.4,5,18.9,0,374
2017-02-17,9.5,4.3,17.4,0,455
2017-02-18,4.6,3,7.5,0,535
2017-02-19,10.1,0.9,17.5,0,526
2017-02-20,8,2.6,17.9,0.6,446
2017-02-21,7.6,2.3,12.7,0,413
2017-02-22,10.6,6.7,14.4,26.5,363
2017-02-23,5,3.1,6.8,0,483
2017-02-24,5.1,3.1,7.6,0,433
2017-02-25,8.2,4.8,10.7,0,547
2017-02-26,8.3,5.7,11.6,0,526
2017-02-27,7.1,3.7,10.7,0,455
2017-02-28,8.7,3.9,13.3,0,388
2017-03-01,10.7,7,15.8,1.1,385
2017-03-02,5.7,4.7,8.4,0,347
2017-03-03,7.4,3,10.8,0,356
2017-03-04,10.4,6.8,14.4,0,381
2017-03-05,10,7.7,13.8,0,388
2017-03-06,6.3,4.3,9.3,0,252
2017-03-07,5,3.4,8.6,0.2,244
2017-03-08,6.1,3.3,8.3,0,222
2017-03-09,9.8,6.8,13.1,0,214
2017-03-10,10.2,7.3,13.9,0,255
2017-03-11,11.1,6.1,14.9,0,429
2017-03-12,13,8,17.8,0,459
2017-03-13,10.4,9,12.9,0,329
2017-03-14,8.9,6.7,12,0,306
2017-03-15,8.3,6.1,12.4,0,274
2017-03-16,8.7,5.3,12.1,0,263
2017-03-17,9.4,5,13.2,0,340
2017-03-18,10.7,7.1,14.6,0,433
2017-03-19,12.7,7.4,15.7,0,449
2017-03-20,11.8,9.9,13.8,23,303
2017-03-21,9.3,7.4,11.4,0.9,276
2017-03-22,9.2,5.3,12,0,254
2017-03-23,10,8,13.5,6.4,285
2017-03-24,11.3,7.4,14.7,0,364
2017-03-25,9.9,8.3,11.5,2.9,490
2017-03-26,8.7,6.8,11.3,0,538
2017-03-27,10.2,8.2,12.7,0,434
2017-03-28,11.7,6.9,14.8,0.3,384
2017-03-29,14.4,11,17.9,0,364
2017-03-30,12.8,11.1,15,0,292
2017-03-31,10.7,9.4,12.9,13.4,372
2017-04-01,10.6,9.1,13.4,0,509
2017-04-02,12,8.8,16.1,0,527
2017-04-03,13.6,8.5,17.8,0,423
2017-04-04,14.5,10.5,18.2,0,355
2017-04-05,18.6,14.7,23.1,0.4,293
2017-04-06,16.6,14.1,20.2,17.4,335
2017-04-07,14.8,11.4,18.8,0,485
2017-04-08,14.4,11.3,18.4,0,555
2017-04-09,13.6,10.8,15.8,0,561
2017-04-10,13.4,12.3,14.6,3.9,448
2017-04-11,12.3,10.6,15.9,9.1,364
2017-04-12,13.5,11.4,17.2,0,348
2017-04-13,16,11.7,20.2,0,432
2017-04-14,18.3,11.6,24.1,0,518
2017-04-15,18.9,15.5,22.1,0,601
2017-04-16,16.6,14,21.8,0,638
2017-04-17,16.7,12.2,22,14.4,543
2017-04-18,16.2,12.3,25,0,391
2017-04-19,14.9,12.1,18,0,369
2017-04-20,15,13.3,18.2,0,428
2017-04-21,14.3,12.3,17.3,0,484
2017-04-22,13.9,11,17.4,0,630
2017-04-23,14.4,10.2,17.6,0,594
2017-04-24,17.2,12,22,0,458
2017-04-25,18.3,15.7,21.3,0,416
2017-04-26,15.6,13.6,18.4,6.2,376
2017-04-27,14.5,12.2,17.8,0,402
2017-04-28,18.4,14.1,21.8,0,496
2017-04-29,19.6,15.5,24.1,0,683
2017-04-30,24.5,20.2,27.6,0,850
2017-05-01,18.2,15.1,23.1,0,946
2017-05-02,18.1,16.5,21.5,0,1019
2017-05-03,19.7,15.5,25.3,0,1031
2017-05-04,20.8,16.7,26.9,5.8,1024
2017-05-05,20.5,17.1,25.1,0.3,1105
2017-05-06,16.7,15.2,20.3,0,1033
2017-05-07,20,14.7,24.4,0,889
2017-05-08,18.6,16.5,22.1,0.8,573
2017-05-09,16.3,14.2,19.4,4.3,483
2017-05-10,15.8,14.2,18.6,1.5,298
2017-05-11,23.7,15.1,28.1,0,331
2017-05-12,17.9,15.6,20.7,25.3,458
2017-05-13,18.7,15.1,23.1,0,531
2017-05-14,17.2,13.7,23.2,0,532
2017-05-15,17.5,14.5,21.3,0,438
2017-05-16,17.8,15,20.3,0,380
2017-05-17,18.9,15.6,21.4,0,334
2017-05-18,20,16,23.6,0,343
2017-05-19,20.2,16.9,24.3,0,485
2017-05-20,20.2,17.7,23.7,0,568
2017-05-21,21.8,17.8,27.8,0,549
2017-05-22,22,17.6,27.5,0,442
2017-05-23,20.9,18.1,26.6,0,396
2017-05-24,20,18.2,23.2,0.5,356
2017-05-25,20,16.3,25.1,0,305
2017-05-26,17.5,14.8,21.4,0,501
2017-05-27,17.8,13.6,21.5,0,582
2017-05-28,20.6,16.8,23.3,0,540
2017-05-29,22.8,18.3,27.1,0,430
2017-05-30,22.6,19.4,26.8,0,388
2017-05-31,21.9,18.5,26.3,0,345
2017-06-01,21.2,18.3,25.4,0,334
2017-06-02,20.2,17.2,25.6,0,446
2017-06-03,20.4,17.5,24.1,0,687
2017-06-04,20.3,16.7,23,0,891
2017-06-05,21.9,19.4,27.1,0,776
2017-06-06,20.9,18.9,24.9,3.9,614
2017-06-07,19.9,17.9,25.1,1.2,486
2017-06-08,20.4,17.5,24.8,0,494
2017-06-09,23.4,18.9,26.9,0,450
2017-06-10,22.9,20.4,25.7,0.9,546
2017-06-11,21.6,19.9,26.2,0,627
2017-06-12,20.5,18.9,23.3,0,545
2017-06-13,19.1,17.7,21.3,0,538
2017-06-14,20.1,17.3,24.8,0,492
2017-06-15,21.9,17.8,26.2,0,500
2017-06-16,22.2,20.5,24.7,0,555
2017-06-17,21.7,19.3,25.1,0,634
2017-06-18,23,20.2,28,0,624
2017-06-19,23.4,20.9,26,0,566
2017-06-20,22.3,19.6,24.4,11.7,510
2017-06-21,22.3,19.7,25.8,0,463
2017-06-22,23.1,20.8,26.6,0,406
2017-06-23,23.1,21.2,25.8,0,541
2017-06-24,22.5,21.2,24.5,2.2,703
2017-06-25,23.4,21.1,25.8,0,591
2017-06-26,23.4,21.6,26.4,0,520
2017-06-27,23.2,21.6,25.5,1,476
2017-06-28,24.1,21,26.4,0,436
2017-06-29,22.1,21,23.2,39.8,414
2017-06-30,24,21.9,26.8,0,479
2017-07-01,26.6,23.1,28.9,0,527
2017-07-02,30.3,24.8,34.7,0,487
2017-07-03,28.9,26.1,33.4,0,426
2017-07-04,28.9,25.5,33.9,0,476
2017-07-05,28.2,26.1,31.9,0.7,397
2017-07-06,27.9,26,32.9,0,452
2017-07-07,29.2,25.6,31.6,0,456
2017-07-08,28.2,24,32,0,566
2017-07-09,28.2,26.1,30.2,0,587
2017-07-10,30.3,27.5,34.1,0,516
2017-07-11,26,24.2,28.3,24.8,494
2017-07-12,26.8,24.6,29.3,0,451
2017-07-13,27.4,24.8,30.8,0,511
2017-07-14,28.8,26,30.7,0,507
2017-07-15,29.2,27.4,32.5,0,575
2017-07-16,30,27.1,35.5,0,556
2017-07-17,30.8,28.1,34.5,0,519
2017-07-18,29.2,26.7,31.3,7.9,570
2017-07-19,29.1,26.3,32.3,0,459
2017-07-20,31.1,27.9,34.8,0,415
2017-07-21,32.1,28.6,37,0,477
2017-07-22,30.1,27.9,34.2,0,511
2017-07-23,31,28.2,33.9,0,573
2017-07-24,31.8,29.4,34.9,0,564
2017-07-25,30.7,27.9,34.4,0,536
2017-07-26,26.8,25.5,28.8,0,557
2017-07-27,28.3,26.1,31.9,0,518
2017-07-28,28.7,25.2,32,0,587
2017-07-29,29.2,27.6,32,0,707
2017-07-30,30.6,27.7,34,0,756
2017-07-31,30.6,28.2,36.3,1.8,767
2017-08-01,31,28.3,35.7,0,813
2017-08-02,29.6,28.2,32.9,0,805
2017-08-03,30.5,26.8,35.3,0,792
2017-08-04,29.7,28.1,32.5,0,788
2017-08-05,29.9,28.4,32.7,0,582
2017-08-06,30.2,28.7,33.1,0,539
2017-08-07,30.9,28.6,34,0,531
2017-08-08,29.5,24.7,32.8,58.7,611
2017-08-09,29.2,26,31.8,11.8,686
2017-08-10,28.7,27.2,32,0,571
2017-08-11,28.8,26.5,31.6,0,583
2017-08-12,28.7,26.6,32.7,0,658
2017-08-13,27.7,26.8,30,0.5,761
2017-08-14,28.7,25.2,32.5,50.9,848
2017-08-15,28.9,27.3,32.8,1.2,715
2017-08-16,28.3,26.2,31.2,0,580
2017-08-17,27.7,25.2,30.6,2.3,650
2017-08-18,27.2,24.6,29.7,0,606
2017-08-19,27.6,25.3,33,2.9,651
2017-08-20,28.9,25.9,33.3,3.1,643
2017-08-21,28,23.9,31.7,27.4,540
2017-08-22,30,26.8,32.8,0.1,607
2017-08-23,30.7,28,33.1,0,586
2017-08-24,31.5,28.5,35.7,0,519
2017-08-25,29.6,27.9,32.5,0.6,612
2017-08-26,27.2,24.4,29.8,0,605
2017-08-27,26.6,22.7,29.7,0,605
2017-08-28,28.8,24.6,33.5,0,617
2017-08-29,26.6,23.3,28.9,0,666
2017-08-30,24.2,22.1,26.7,0,529
2017-08-31,24.3,22.7,27.4,0,507
2017-09-01,25.1,23.3,27.6,0,576
2017-09-02,23.5,21.9,25.8,0,661
2017-09-03,24.4,21.9,26.8,0,637
2017-09-04,24.5,23.6,26,3.2,619
2017-09-05,25.9,23,28.5,2.2,644
2017-09-06,27.9,24.5,32.1,19.7,615
2017-09-07,22.7,20.3,24.6,35.9,587
2017-09-08,23.7,21.2,27.1,0,637
2017-09-09,24.7,21,27.9,0,681
2017-09-10,25.9,22.2,30.3,0,628
2017-09-11,25.3,22.6,29.1,21.3,679
2017-09-12,24.5,22.3,27.6,0,561
2017-09-13,23.9,19.7,27.3,0,524
2017-09-14,24.2,21.8,26.7,0,554
2017-09-15,23.7,23,25,0,606
2017-09-16,23.3,22.7,23.5,0.2,601
2017-09-17,23.3,21.6,26.3,0.1,551
2017-09-18,23.5,20.5,26.9,0,519
2017-09-19,24.9,21.8,29.9,0,511
2017-09-20,23.9,21.5,26.2,0,501
2017-09-21,21.9,19,24.6,0,455
2017-09-22,23.6,21.6,28.1,0,536
2017-09-23,22.5,20.6,26.6,0,567
2017-09-24,23.7,20.4,29.2,0,610
2017-09-25,24.9,21.9,28.5,0,479
2017-09-26,25.8,23.9,29.6,0.4,423
2017-09-27,23.5,21.4,25.6,0.4,341
2017-09-28,22.9,21,26.2,0,325
2017-09-29,20.8,18.5,24.2,0,400
2017-09-30,22.6,18,28.2,0,544
2017-10-01,23.2,19.9,27,38.4,873
2017-10-02,22.6,21.1,26.2,67.5,1149
2017-10-03,21.4,19.4,24,0.2,945
2017-10-04,20.9,19.1,23.1,0,1071
2017-10-05,20.7,17.1,22.5,8.4,1038
2017-10-06,20.7,17,23.1,10.6,1097
2017-10-07,21.3,20.4,22.9,0,874
2017-10-08,22.8,19.7,25.2,0,810
2017-10-09,23.4,19.7,25.9,0,577
2017-10-10,24.2,21.7,27.4,0,308
2017-10-11,20.9,18.1,25.7,0,298
2017-10-12,17.5,15.7,18.7,0.8,299
2017-10-13,17.6,15.2,19.8,0,322
2017-10-14,18.6,17.1,20.4,0.8,456
2017-10-15,18.1,16,20.1,20,503
2017-10-16,18,16.7,20.3,15.3,388
2017-10-17,19.7,17.2,20.7,0,380
2017-10-18,19.5,19,20.4,0,391
2017-10-19,18.6,16.4,20.3,0,343
2017-10-20,19.2,16,22.1,0,402
2017-10-21,19.7,17.9,22,0,547
2017-10-22,19.8,18.7,21.4,0,560
2017-10-23,17.9,15.5,20.4,0,435
2017-10-24,17.5,14.3,21,0,382
2017-10-25,16.3,13.6,19.6,0,366
2017-10-26,17.2,12.9,21,0,374
2017-10-27,18.4,15.6,21,0,419
2017-10-28,19.7,17.8,20.5,0,529
2017-10-29,16.8,13.3,20.5,0,545
2017-10-30,13.2,10.6,16.2,0,420
2017-10-31,13.4,9.8,17.6,0,348
2017-11-01,14.1,10.8,18.5,0,346
2017-11-02,15.6,12.2,19.6,0,351
2017-11-03,16.1,12.9,21.2,0,428
2017-11-04,11.7,8.9,13.8,0,527
2017-11-05,11.8,8.7,15.5,0,490
2017-11-06,15.8,10.1,19.8,0,369
2017-11-07,19.8,15.7,23.8,0.1,364
2017-11-08,17,12.5,20.5,0,353
2017-11-09,14.4,10.1,19,0,342
2017-11-10,17.2,12.8,24.2,0,418
2017-11-11,12.2,10.5,14.5,0,513
2017-11-12,11.7,8,14.9,0,508
2017-11-13,13.2,9.4,17.1,0,395
2017-11-14,14.8,12.1,17.3,0,394
2017-11-15,12.6,11.1,15.3,0,368
2017-11-16,11,8.8,13.7,0,371
2017-11-17,12.8,8.9,15.8,0.9,459
2017-11-18,7.9,5.9,14.4,0.1,573
2017-11-19,8,6.5,9.8,0,474
2017-11-20,9.7,7.6,13.1,2.3,412
2017-11-21,9.7,6,13.5,0,307
2017-11-22,12.3,10.1,15.3,0.7,338
2017-11-23,9.7,8.9,11.2,0,332
2017-11-24,10.3,8.3,13,0,383
2017-11-25,12,7.7,16.2,0,460
2017-11-26,14.1,10.9,17.2,1.6,497
2017-11-27,9.4,7.4,11.8,0,376
2017-11-28,12.5,7,16.1,2.6,316
2017-11-29,12.1,9.2,14.5,10.9,324
2017-11-30,7.4,5,9.7,0,297
2017-12-01,6,3.9,8.2,0,324
2017-12-02,6.7,2.9,10.8,0,470
2017-12-03,10,5.4,14.3,0,459
2017-12-04,8.9,5.8,12.3,0,346
2017-12-05,5.4,2.4,7.5,4.3,338
2017-12-06,8.3,5.7,11.3,0.2,341
2017-12-07,9.7,7.3,13.2,0.2,342
2017-12-08,5.7,3.8,7.5,0,376
2017-12-09,8.8,6.3,11.7,0,458
2017-12-10,10.6,8.1,13.3,8.3,478
2017-12-11,6.2,3.5,9.3,0.3,419
2017-12-12,3.2,2.2,4.6,0,387
2017-12-13,3.3,2.5,4.8,0,362
2017-12-14,5.1,0.7,7.7,0,305
2017-12-15,6.9,4.3,9.3,0,387
2017-12-16,5.8,1.6,9.4,1.1,534
2017-12-17,3.9,2.1,5.6,1,496
2017-12-18,7.2,4.5,8.8,0,402
2017-12-19,6.3,3.8,9.5,0,395
2017-12-20,6.1,4.2,8.4,0.4,384
2017-12-21,7.4,6.1,9.8,0,308
2017-12-22,8.3,4.6,12.3,0,437
2017-12-23,11.4,7.9,15.1,0,648
2017-12-24,11.3,7.9,14.6,6.7,816
2017-12-25,6,5.4,8,0,765
2017-12-26,7,4.2,9.4,0,563
2017-12-27,4,2.4,5.9,0,520
2017-12-28,5.4,2.3,7.2,0,547
2017-12-29,8.5,4,11.7,0,606
2017-12-30,10.5,9.5,12.5,1.4,660
2017-12-31,7.8,6.7,9.8,1.5,875
2018-01-01,6.4,4,8.8,0,753
2018-01-02,7,3,10.1,0,485
2018-01-03,5,3.5,8.4,0,526
2018-01-04,3.9,2.4,4.6,0.6,528
2018-01-05,5.1,1.9,6.5,4.2,491
2018-01-06,6.2,4.8,8.7,0,508
2018-01-07,8.5,4.4,11.5,3.6,504
2018-01-08,8.7,6.1,11.3,4.1,436
2018-01-09,4.9,2.8,7,0.4,470
2018-01-10,2.4,-0.5,5.9,3.4,368
2018-01-11,0,-2.2,1.7,8.3,158
2018-01-12,0.7,-2.3,2.3,1.8,232
2018-01-13,4.5,1.4,6.9,0,517
2018-01-14,7.8,3.1,12.9,0,591
2018-01-15,10.8,7.8,14.4,0,480
2018-01-16,12.1,8.7,14.4,16.5,485
2018-01-17,9.5,8.5,11.5,3.8,504
2018-01-18,8.9,6.3,10.8,0,486
2018-01-19,6.8,4.3,9.4,0,558
2018-01-20,6.1,2.8,9.9,0,604
2018-01-21,8.5,3.9,11.4,0,598
2018-01-22,9,7.1,10.9,0.7,504
2018-01-23,2.1,0,7.6,0.3,462
2018-01-24,-1.2,-2.4,1.2,4.5,412
2018-01-25,-1.9,-2.6,-1.2,0,384
2018-01-26,-1.3,-2.1,-0.4,0.1,507
2018-01-27,0.9,-1.6,3.6,0,577
2018-01-28,2.6,0.5,4.6,2,539
2018-01-29,1.8,-0.1,4,1.7,440
2018-01-30,2.2,-0.2,4.1,1.5,390
2018-01-31,3.8,2.1,5,0.5,362
2018-02-01,4.5,3.2,6.8,0,361
2018-02-02,3.8,1.6,6.1,0,397
2018-02-03,1.4,-0.7,4.9,1.1,476
2018-02-04,-0.4,-2.3,0.8,5.9,297
2018-02-05,0.2,-1.7,2.6,3.5,265
2018-02-06,-0.6,-2.5,0.8,5.7,241
2018-02-07,0.6,-1.3,1.9,1.7,214
2018-02-08,2.5,-0.7,6.8,3.1,228
2018-02-09,6,1.4,11.2,0,381
2018-02-10,5.8,2.7,7.9,2.2,468
2018-02-11,2.5,1,5.4,0.8,482
2018-02-12,2.7,-0.1,4.1,0,370
2018-02-13,4.9,2.7,8.3,0,354
2018-02-14,9.8,2.5,15.4,0,343
2018-02-15,7.1,4.6,10.5,0,463
2018-02-16,6.1,3.9,9.7,0,646
2018-02-17,4.4,2.8,7.5,0,667
2018-02-18,6.7,1.7,10.2,0.9,557
2018-02-19,8.3,5.5,10.5,2.1,400
2018-02-20,8.4,4.6,11.9,0,405
2018-02-21,5.5,4.2,7.5,0,422
2018-02-22,5,3.2,7.6,0,497
2018-02-23,8.7,3.3,13.1,0,515
2018-02-24,9.4,5.3,13.3,0,697
2018-02-25,9.8,6.7,13.2,0,722
2018-02-26,8.1,4.2,11.9,0,642
2018-02-27,10.6,5.8,15,0,609
2018-02-28,11,6.9,17.5,59.6,494
2018-03-01,6.8,3.3,10.5,0,720
2018-03-02,5.7,2.8,9.1,0,664
2018-03-03,12,6,19.2,0,683
2018-03-04,17.2,10.9,23.2,0.8,522
2018-03-05,10.4,8.2,21.7,3.9,376
2018-03-06,9.6,8.2,11.3,0,374
2018-03-07,10,8.4,11.6,30.1,326
2018-03-08,6.8,5.1,8.6,18.2,337
2018-03-09,5.6,4.2,7.8,0,412
2018-03-10,8.1,4.3,11.5,0,616
2018-03-11,8.7,5.1,12.1,0,524
2018-03-12,11.2,7,15.3,0,420
2018-03-13,14.7,9.6,19.2,0,384
2018-03-14,16.9,12.5,20.3,0,380
2018-03-15,17.1,12,21.7,16,368
2018-03-16,9.5,8.8,12.1,1.9,497
2018-03-17,10,7.3,13.8,0,659
2018-03-18,15.2,7.8,22.3,3.1,602
2018-03-19,12.6,10.1,16.2,8.7,499
2018-03-20,8.3,6.5,10.2,14.1,422
2018-03-21,5.4,4.2,6.6,21.2,374
2018-03-22,7.3,5.3,10.4,0,426
2018-03-23,8.6,4.6,11.9,0,559
2018-03-24,12.2,7.7,16.5,0,729
2018-03-25,13.2,9.6,16.9,0,676
2018-03-26,13.7,9.7,17,0,479
2018-03-27,14.8,10.3,19.1,0,469
2018-03-28,15.1,9.5,19.1,0,461
2018-03-29,15.6,12,19.3,0,453
2018-03-30,15.5,13.5,18.9,0,544
2018-03-31,17,13.3,21,0,651
2018-04-01,18,15.2,21.3,0,588
2018-04-02,18,15.3,21.3,0,453
2018-04-03,17.7,15.3,21.5,0,403
2018-04-04,17.6,15.8,20.6,0.2,371
2018-04-05,17.9,14.4,21.3,0,491
2018-04-06,11,8.1,18.2,20,702
2018-04-07,7.8,5.3,9.8,0,750
2018-04-08,12.5,7,16.4,0,722
2018-04-09,14.3,12.6,16.3,0,526
2018-04-10,18.8,12.5,22.3,0,468
2018-04-11,17.2,13.6,21.2,0,460
2018-04-12,17,13.1,23.5,0,479
2018-04-13,16.4,14.3,19.5,0,622
2018-04-14,15.2,10.2,22.9,3.7,775
2018-04-15,11.9,9.6,15.7,0,701
2018-04-16,12.2,8.5,14.6,0,608
2018-04-17,14.5,12.3,16.6,0,519
2018-04-18,13.6,10.7,17.3,0,566
2018-04-19,15.2,9.2,20.3,0,542
2018-04-20,16.6,12.1,20.3,0,640
2018-04-21,17.4,13.2,19.5,0,726
2018-04-22,20.4,17.3,25.2,5.2,715
2018-04-23,18.5,16.1,21.8,41.8,598
2018-04-24,14.7,13.6,16.4,38.7,567
2018-04-25,14.6,12.6,17.8,1.7,471
2018-04-26,15.5,12.1,19.4,0,546
2018-04-27,16.6,13.5,21.2,0,611
2018-04-28,16.4,13.1,19.3,0,775
2018-04-29,17.3,14.4,19.3,0,931
2018-04-30,20.7,17.4,26.1,1.2,841
2018-05-01,20.7,16.5,26,0,628
2018-05-02,17.6,13.4,24.5,0.3,529
2018-05-03,15.2,12.7,19,0,554
2018-05-04,16.2,12.3,20.3,0,725
2018-05-05,19.6,13.7,22.7,0,997
2018-05-06,20.3,17.2,23.6,21.4,896
2018-05-07,16.8,15.5,18.1,17.2,855
2018-05-08,16,14.2,18.3,0,547
2018-05-09,15.7,13.8,18.1,0,448
2018-05-10,15.9,13.9,18.3,0,460
2018-05-11,17.9,12,22.8,0,604
2018-05-12,22.2,18.4,24.4,1.3,710
2018-05-13,17.1,14.9,21.7,41.8,719
2018-05-14,19,14.9,23.2,0,593
2018-05-15,21.8,17.9,26.3,0,487
2018-05-16,24.8,21.3,31.1,0,456
2018-05-17,25.7,22.1,30.1,0,435
2018-05-18,21.8,16.3,27.8,2.4,571
2018-05-19,16.6,15.5,17.9,0,869
2018-05-20,16.5,15.1,18.6,0.7,1148
2018-05-21,17.7,15.7,20.3,0,1008
2018-05-22,20.7,16.8,26.4,2.7,831
2018-05-23,17.8,16.1,22.7,4.1,529
2018-05-24,19.2,14.1,24.4,0,461
2018-05-25,19.9,18,24,0,515
2018-05-26,18.4,14.8,23.9,2.9,726
2018-05-27,19.3,16.7,23,0.1,721
2018-05-28,20.1,17.7,24,3.9,588
2018-05-29,21,19.1,26.8,0,530
2018-05-30,21.1,18.6,24.6,0,461
2018-05-31,18.8,16.8,21.8,0,481
2018-06-01,20.1,16.2,23.2,0,570
2018-06-02,22.1,19.2,25.5,0,684
2018-06-03,21.6,20.3,24.1,0,880
2018-06-04,22.8,19.5,26.7,0,858
2018-06-05,19.8,19.1,22.9,28.5,912
2018-06-06,20.7,18.8,23.8,0,911
2018-06-07,21.3,18.9,24.4,0,868
2018-06-08,20.9,18.9,24.6,0,867
2018-06-09,22.2,18.9,26.9,0,808
2018-06-10,19.9,18.4,21.1,2.1,875
2018-06-11,19.4,18,22.4,23.9,852
2018-06-12,21.1,18.7,24.5,3.1,788
2018-06-13,21.9,17.7,28.8,0,846
2018-06-14,22.1,19.5,25.6,0,852
2018-06-15,21.1,19,23.8,0,834
2018-06-16,20.3,18.3,23,0,819
2018-06-17,20.8,18.9,24.5,0,748
2018-06-18,22,19.5,24.1,0,650
2018-06-19,22,19.7,24.3,31.3,637
2018-06-20,21.9,19.7,25.3,1,569
2018-06-21,22.7,20.2,26.8,0,596
2018-06-22,22.8,20.1,25.6,0.3,612
2018-06-23,22.7,19.8,25.1,1.4,781
2018-06-24,23.9,20.6,27,0,715
2018-06-25,24,20.6,27.5,0,631
2018-06-26,28.2,23.6,32.3,0,596
2018-06-27,26.3,24.3,29,17.3,540
2018-06-28,25.7,23.4,28.5,44,416
2018-06-29,25.2,23.2,28.9,10.4,532
2018-06-30,24,22,26.8,47.8,576
2018-07-01,27.3,22.7,30.4,7.5,488
2018-07-02,27.3,24.1,31.4,0,441
2018-07-03,24.1,22.8,25.5,1.6,432
2018-07-04,26,24.2,29.8,0,409
2018-07-05,24.8,23.6,26.5,0,490
2018-07-06,22.7,21.7,24,38.1,620
2018-07-07,21.3,19.9,22.3,0,750
2018-07-08,20.9,19.6,22.5,1.3,691
2018-07-09,24.6,21.1,28.5,0.1,644
2018-07-10,28.3,24.7,33.1,0,583
2018-07-11,30,27.4,35,0,605
2018-07-12,28,26,30.4,0,614
2018-07-13,26.7,25.2,29.2,0,590
2018-07-14,26.9,24.8,29.5,0,684
2018-07-15,27,24.4,29.8,0,696
2018-07-16,27,24.5,29.5,0,636
2018-07-17,27.3,24.8,30.1,0,581
2018-07-18,27.7,24.6,30.6,0,539
2018-07-19,27.8,24.7,31,0,540
2018-07-20,28.8,25.8,31.6,0,524
2018-07-21,28.9,25,33.9,0,554
2018-07-22,29.2,28.2,30.8,0.1,705
2018-07-23,29.9,27,34.1,0,500
2018-07-24,29.2,27.5,31.7,0,558
2018-07-25,29.1,27.5,31.9,0,483
2018-07-26,29.1,27.5,31.8,0,565
2018-07-27,29.3,27.1,32.5,0,630
2018-07-28,29.1,27.4,31.1,0,666
2018-07-29,29.4,27.2,32.5,0,781
2018-07-30,28.9,27.6,31.1,0,974
2018-07-31,28.7,25.8,31.6,0,991
2018-08-01,29.2,26.3,32.3,0,965
2018-08-02,29,26.7,32.1,0,1034
2018-08-03,30,28.1,34.1,0.9,1074
2018-08-04,29.5,27.8,32,0,871
2018-08-05,29.9,27.4,33.3,0,799
2018-08-06,30.1,28.1,32.8,0,761
2018-08-07,29.7,27.9,31.9,0,788
2018-08-08,29.3,26.9,31.8,0,720
2018-08-09,29.6,27.5,32.6,0,677
2018-08-10,29.9,27.5,33.2,0,635
2018-08-11,28.8,27.8,32.4,0,692
2018-08-12,29.8,26.1,33.3,41.1,795
2018-08-13,31.1,28.7,34.4,0.2,805
2018-08-14,31.2,28.6,35.3,0,764
2018-08-15,29.7,27.8,33.5,1.4,766
2018-08-16,27.5,25.2,28.8,12.7,859
2018-08-17,26.2,24.4,28.4,8,886
2018-08-18,26.7,24.4,30.7,0,688
2018-08-19,28.3,24.8,33.2,0,683
2018-08-20,29.2,27,32.8,0,630
2018-08-21,28.1,24.8,30.6,0,676
2018-08-22,27.8,25.9,30.5,36.9,477
2018-08-23,26.5,25.6,29.2,265.4,242
2018-08-24,27.2,24.9,30,0,513
2018-08-25,26.4,24.7,31.2,1.4,474
2018-08-26,28.3,26,31.8,8.5,634
2018-08-27,28.4,26.1,32,0,678
2018-08-28,27.8,25.9,30.4,0,694
2018-08-29,28.5,25.1,33.9,0,663
2018-08-30,28.9,25.8,34.5,0,593
2018-08-31,30,25.6,33.3,0,623
2018-09-01,25.8,23.3,28.9,9.5,683
2018-09-02,24.9,22.7,29.2,1.1,686
2018-09-03,27,24.1,31.2,0.5,664
2018-09-04,26.2,23.5,29.1,7.1,658
2018-09-05,26.6,23.2,30.8,0,632
2018-09-06,26.2,24.5,29.2,0,585
2018-09-07,24.3,21,27.4,11.8,722
2018-09-08,22.3,19.4,24.9,0,718
2018-09-09,23,19.1,26.3,0,712
2018-09-10,23,20.2,26.2,0,554
2018-09-11,22.3,21.4,23.8,0.2,621
2018-09-12,23,21.4,24.8,0.2,535
2018-09-13,23.5,21.6,24.3,139.3,493
2018-09-14,25.3,23,27.8,0,580
2018-09-15,25.2,23.5,28,0.4,632
2018-09-16,25.5,23,28.5,0,615
2018-09-17,24.6,23.4,28.3,0.1,524
2018-09-18,25,23.4,28.1,0,480
2018-09-19,23.3,21.3,25.4,0,382
2018-09-20,25.2,22.3,27.7,11.6,332
2018-09-21,24.5,23.4,28.2,2.9,384
2018-09-22,24.2,22.3,27.6,0,584
2018-09-23,24.4,21.2,29.6,0,806
2018-09-24,21.9,19.2,23.7,0,971
2018-09-25,21.5,19.3,24.1,0,1036
2018-09-26,22.2,20.8,24.9,0,877
2018-09-27,21.2,18.5,23.6,0,663
2018-09-28,21.7,19.4,24.3,0,577
2018-09-29,20.7,18.5,22.3,3,673
2018-09-30,21.9,20.2,25.2,0,769
2018-10-01,21.3,19.7,23.5,0,626
2018-10-02,20.7,17.6,23.6,0,639
2018-10-03,19.2,16.5,22.3,0,709
2018-10-04,20.4,17.8,21.9,3.4,605
2018-10-05,21.6,20.6,24.5,310,459
2018-10-06,21.1,19.6,24.7,27.4,434
2018-10-07,20.6,17.9,23.9,0,738
2018-10-08,19.2,16.6,22.3,0,770
2018-10-09,20.3,17.5,22.3,0,836
2018-10-10,18.3,16.3,20.5,0,658
2018-10-11,16.3,15.1,18.5,0,572
2018-10-12,15.6,13.2,18,0,624
2018-10-13,15.4,11.8,19,0,714
2018-10-14,17.6,13.2,20.4,0,743
2018-10-15,18.7,16.2,20.6,0,628
2018-10-16,16.1,14,19.3,3.2,527
2018-10-17,16.8,13.1,20.6,0,524
2018-10-18,16.6,15.2,19.3,0,522
2018-10-19,16.1,12.9,19.5,0,627
2018-10-20,16.3,12.5,20.5,0,742
2018-10-21,17.1,13.7,20.7,0,735
2018-10-22,17.4,14.5,20.6,0.3,531
2018-10-23,18.5,16.4,21.9,0,482
2018-10-24,16.8,13.8,19.7,0,474
2018-10-25,17.4,11.6,22.8,0,430
2018-10-26,18.5,16.3,21.8,2.7,558
2018-10-27,15.6,14.5,17.9,0,659
2018-10-28,17.5,13.1,21.1,0,715
2018-10-29,18,15.2,22,0,546
2018-10-30,14.8,13.2,17.4,0,475
2018-10-31,14.1,11.6,18,0,394
2018-11-01,13.4,11.2,16.3,0,370
2018-11-02,14.4,9.6,18.5,0,499
2018-11-03,15.2,11.4,18.5,0,631
2018-11-04,15.2,12.3,19.6,0,673
2018-11-05,15,10.5,18.8,0,514
2018-11-06,16.5,12.9,19.9,0,455
2018-11-07,17.4,16.1,18.8,1.5,383
2018-11-08,17.7,15.1,20.5,18.5,419
2018-11-09,14.6,11.3,17.2,0,496
2018-11-10,13.6,9.7,17.8,0,631
2018-11-11,14.6,10.5,18.3,2.4,623
2018-11-12,13.8,13,15.5,2.2,515
2018-11-13,13.8,12.5,16.3,0,455
2018-11-14,13.3,10.2,16.3,0,426
2018-11-15,16,11.2,20.1,0,441
2018-11-16,14.9,13.5,17.4,3.6,535
2018-11-17,12.6,9.7,15.4,0,652
2018-11-18,12.3,9.6,15.1,0,640
2018-11-19,13.2,11.8,15.7,0,480
2018-11-20,12.6,10.1,15.6,0,417
2018-11-21,13.3,9.9,16.7,0.4,416
2018-11-22,10.2,8.4,13.5,0,404
2018-11-23,10,7.3,12.3,0,514
2018-11-24,14,8.8,19.2,0,664
2018-11-25,13,10.6,16,0,658
2018-11-26,14.5,10.4,18.2,0,502
2018-11-27,13.8,11.5,17,0,447
2018-11-28,13,10,16.3,0,436
2018-11-29,12.8,8.5,17.8,0,384
2018-11-30,13.1,10,16.9,0,455
2018-12-01,13.7,11.3,16.3,0,602
2018-12-02,17.6,13.6,20.5,1.6,597
2018-12-03,18.9,17.1,22.9,2.9,417
2018-12-04,13.8,10.8,17.6,17.5,358
2018-12-05,9.9,8,11.7,0,410
2018-12-06,9.5,8.1,12.6,11.6,328
2018-12-07,4.8,2.7,10.3,0,448
2018-12-08,4.2,2.6,6.6,0,623
2018-12-09,3.9,2.8,4.8,0,564
2018-12-10,7.6,4.7,10.2,0,421
2018-12-11,9,7.2,10.1,20,437
2018-12-12,6.5,5.8,9.1,0.2,386
2018-12-13,8,6,9.7,0,365
2018-12-14,5.6,4.4,7,0,425
2018-12-15,6,2,9.6,0,612
2018-12-16,9.1,6.5,10.8,7.1,532
2018-12-17,10.3,9.7,11.8,0,467
2018-12-18,9.7,8,12,0,440
2018-12-19,13.9,8.5,18,0,434
2018-12-20,12.5,11.7,16.1,21.8,350
2018-12-21,14.6,12.7,16.8,0,442
2018-12-22,13,11.5,16.2,3,623
2018-12-23,9.6,7.4,12.2,8,863
2018-12-24,6.4,4.6,9,0,875
2018-12-25,7.8,3.8,10.8,0,911
2018-12-26,8.5,6.8,9.7,0.4,668
2018-12-27,2.5,1.4,6.8,0,681
2018-12-28,1.9,0.2,3.2,1.8,645
2018-12-29,3.1,1.7,4.1,0.1,793
2018-12-30,3.1,1.9,4.1,0,916
2018-12-31,4.6,3.5,5.8,0,877
2019-01-01,5.6,4.8,7,0,839
2019-01-02,5.1,4.5,6.1,0,621
2019-01-03,5.1,3.5,8,0,622
2019-01-04,5.8,2.6,10,1.6,598
2019-01-05,7,5.2,9,0,681
2019-01-06,5.7,4.5,7.7,0,644
2019-01-07,5.9,3.1,8.8,0,509
2019-01-08,6.6,4.5,8.8,0,513
2019-01-09,4.5,2.2,5.8,0,528
2019-01-10,6.9,5.6,7.8,0,490
2019-01-11,7.9,5.9,9.4,1.7,497
2019-01-12,8.9,8.1,10.9,2,724
2019-01-13,7.9,6.6,10,0,701
2019-01-14,7.3,5.5,9.7,0,577
2019-01-15,7,3.6,9.9,0,621
2019-01-16,3.1,2,4,0,621
2019-01-17,5.6,3.9,6.5,0,544
2019-01-18,6.4,3.9,9.8,0,580
2019-01-19,8.9,3.6,12.6,1,693
2019-01-20,6.7,3.9,11.6,0,744
2019-01-21,6.2,3.9,8.1,0,534
2019-01-22,8.3,5.8,10.9,0,544
2019-01-23,8.6,6.7,11.9,0,541
2019-01-24,6.2,3.4,9.6,0,524
2019-01-25,5.7,3.6,10.1,0,533
2019-01-26,4.3,2.9,5.8,0,675
2019-01-27,5.6,2.4,8.5,0,678
2019-01-28,7.7,4.8,10.8,0,533
2019-01-29,6.3,2.8,9.2,0,514
2019-01-30,8.2,6.8,10.1,0,475
2019-01-31,4.9,3.3,8.2,17.9,351
2019-02-01,5,3.4,6.8,0,406
2019-02-02,9.3,5,12,0,677
2019-02-03,13.3,8.6,18.4,9.8,921
2019-02-04,6.9,4.9,9.5,0,863
2019-02-05,9.3,4,13.6,0,656
2019-02-06,11.8,9.1,15.5,0,778
2019-02-07,6.5,1.9,12.1,3.8,570
2019-02-08,3.4,1.5,5.6,0,660
2019-02-09,3,1.5,4.7,0,705
2019-02-10,3.1,2,4.9,0,617
2019-02-11,3.7,2.9,4.7,0,470
2019-02-12,5.7,1,8.7,0,493
2019-02-13,6.8,5.2,8.7,0,511
2019-02-14,5.6,4.2,8,0,518
2019-02-15,6.4,4.3,7.7,0,557
2019-02-16,4.2,3.1,7,0,688
2019-02-17,4.4,3.1,6.9,0,721
2019-02-18,7.1,2.9,9.8,2.1,534
2019-02-19,9.3,6.4,13,15.9,613
2019-02-20,6.9,4.8,9.4,0,540
2019-02-21,7.1,5.6,8.7,0,614
2019-02-22,8.3,6.5,10.9,1.6,647
2019-02-23,9.3,4.2,13.7,0,780
2019-02-24,11,8.6,14.1,0,860
2019-02-25,9.4,7.3,13.1,0,725
2019-02-26,8.9,5.3,12.2,0,695
2019-02-27,10.9,9.4,11.9,4.6,777
2019-02-28,10.4,8,13.2,0.1,799
2019-03-01,9.4,6.4,12.3,0,881
2019-03-02,11,7.3,14.3,0.4,861
2019-03-03,11.8,10.5,13.3,5.9,665
2019-03-04,10,8.4,12.2,2,375
2019-03-05,10.7,6.2,13.4,0,399
2019-03-06,10.4,8.4,13.8,11.3,438
2019-03-07,8.3,7.3,10.4,0,412
2019-03-08,8.5,3.7,12.3,0,481
2019-03-09,11.6,6.5,16.6,9,600
2019-03-10,10.7,8.9,13.1,22.1,602
2019-03-11,10,6.9,13.6,1.2,468
2019-03-12,10.7,6.1,16,0,476
2019-03-13,8.4,5.1,11.7,0,437
2019-03-14,10,7,14,0,455
2019-03-15,10.2,6.2,15.8,0,528
2019-03-16,10.1,6,14.1,0,691
2019-03-17,11.2,8,14.1,0,738
2019-03-18,10.7,6.9,14.2,1.9,580
2019-03-19,12.3,9.2,16.1,0,484
2019-03-20,16.3,9.9,21.2,1.7,443
2019-03-21,10.7,7.3,20,0,423
2019-03-22,7.8,6.4,10.6,0,566
2019-03-23,8.5,6.2,11.8,0,777
2019-03-24,7.5,3.6,11,0,799
2019-03-25,9.9,6.4,13.2,0,608
2019-03-26,14.2,10.1,16.7,0,581
2019-03-27,16.4,10.3,22,0,504
2019-03-28,14.6,12.8,16.9,0,480
2019-03-29,13.9,12.2,17,0,597
2019-03-30,11,7.9,14.6,0,712
2019-03-31,8.4,7.1,11.4,0,814
2019-04-01,10.5,7.1,13.2,0,577
2019-04-02,10.6,8.6,14,0,536
2019-04-03,10.5,6.6,14.4,0,442
2019-04-04,11.3,6.2,14.6,0,486
2019-04-05,14.5,11.9,18.2,0,631
2019-04-06,15,11,20.8,0,751
2019-04-07,16.4,13,21.4,2.7,800
2019-04-08,14.8,11.7,18.1,0,587
2019-04-09,15,14.1,17.4,6,568
2019-04-10,10.4,9.6,14.2,6.7,511
2019-04-11,11.6,9.7,13.8,0,526
2019-04-12,12.7,9.2,16.6,0,699
2019-04-13,13.7,9.4,17.7,0,944
2019-04-14,13.6,10.6,17.1,0,803
2019-04-15,13,8.7,17.1,0,632
2019-04-16,16.8,10.7,25,0,583
2019-04-17,15.8,13.6,18.6,0,546
2019-04-18,16.7,12.3,22.1,0,566
2019-04-19,16.8,14.3,21.6,0,738
2019-04-20,17.1,14.5,20,0,932
2019-04-21,18.5,15,23.1,0,930
2019-04-22,19.3,16.6,24,0,649
2019-04-23,19.1,17.3,22.5,18.7,618
2019-04-24,18,15.7,21.2,0,571
2019-04-25,15.8,14.1,17.9,0,587
2019-04-26,12.2,11.3,15.9,0.3,780
2019-04-27,14,11.7,17,0,871
2019-04-28,15,12.1,17.5,0.1,852
2019-04-29,16.1,14.5,20.3,10.5,864
2019-04-30,15.6,14.5,17.6,1.4,657
2019-05-01,14.7,12.4,18.6,0,836
2019-05-02,17.2,12.8,21.5,0,925
2019-05-03,18.9,16,21.9,0,1074
2019-05-04,19.2,14.7,23.3,0,1256
2019-05-05,19,16.4,22.2,0,1384
2019-05-06,15.9,13.4,19.2,0,1180
2019-05-07,15.6,12.3,19.5,0,706
2019-05-08,16.3,11.9,19.6,0,539
2019-05-09,17.4,14.7,20.3,0,571
2019-05-10,17.6,14.3,21.4,0,670
2019-05-11,18.5,15,23.4,0,860
2019-05-12,18.7,15.7,21.5,0,835
2019-05-13,20.1,17.4,23.7,0,745
2019-05-14,20.5,18.6,23.2,0,624
2019-05-15,21.2,16.9,26.6,0,530
2019-05-16,23.2,18,28.3,0,560
2019-05-17,21.2,18.4,26.3,12,696
2019-05-18,20.6,17.4,23.3,19.6,905
2019-05-19,21.4,18.8,26.3,0,939
2019-05-20,17.3,14.9,19.8,0.8,686
2019-05-21,19.2,14.5,23,0,667
2019-05-22,23.4,19.5,27.6,0,591
2019-05-23,26.2,22,31.3,0,604
2019-05-24,28.4,23.8,33.1,0,736
2019-05-25,23.3,20.4,27.2,0,892
2019-05-26,23.1,20.3,25.4,0,876
2019-05-27,20.7,15.8,25.5,9.8,666
2019-05-28,18.9,15.5,21.7,0,628
2019-05-29,22.3,18.7,27,0,567
2019-05-30,21.7,18,25.9,0,641
2019-05-31,17.9,15.6,21.4,0.6,728
2019-06-01,19,15.9,22.4,0,864
2019-06-02,20.1,17.9,24.6,0,889
2019-06-03,20.9,17.9,24.5,0,768
2019-06-04,22.8,19.4,29,0,777
2019-06-05,22.5,19.2,26.1,0,756
2019-06-06,23.6,19.1,28.1,13.3,1045
2019-06-07,19.6,18.2,25.3,0,1352
2019-06-08,19.9,17.5,23.2,0.2,1126
2019-06-09,20.2,17,23.2,0,960
2019-06-10,20.2,17.5,24.8,0,744
2019-06-11,20.2,18.4,22.9,0,713
2019-06-12,19.9,17.6,22.9,0,661
2019-06-13,21.9,17.6,28,0,708
2019-06-14,19.4,17.4,21.4,43.5,839
2019-06-15,20.1,18.2,22.5,0.3,1006
2019-06-16,20.6,18.6,23.3,0,911
2019-06-17,20.8,17.8,23.3,0,723
2019-06-18,21.6,20.5,23.3,1,668
2019-06-19,21.7,19.4,24.4,0,715
2019-06-20,22,19.8,24.4,0,699
2019-06-21,22.6,20.3,26.4,0,803
2019-06-22,22.1,19.7,25.5,0,873
2019-06-23,21.1,19.3,25.6,0,923
2019-06-24,21.6,18.8,24.4,0,746
2019-06-25,24.2,19.1,28.9,0,648
2019-06-26,22.1,19.8,25.9,85.1,593
2019-06-27,23.1,21.9,25.9,0,595
2019-06-28,23.5,21,25.8,0,678
2019-06-29,25.2,22.6,29.8,2,728
2019-06-30,23.4,21.4,26.9,0.4,727
2019-07-01,23.4,22.3,25.6,1.9,597
2019-07-02,23.3,21.8,25.7,0,655
2019-07-03,22.6,21.6,24.9,0,630
2019-07-04,22.3,20.4,25.9,0,628
2019-07-05,23.9,21.6,28.7,0,685
2019-07-06,23.8,20.8,27.2,0,916
2019-07-07,23.3,22.2,26.4,0,916
2019-07-08,21.8,20.6,22.7,3.7,724
2019-07-09,22,20.9,23.6,2.2,705
2019-07-10,21.4,20.5,22,104.7,692
2019-07-11,23.2,20.6,26.7,1.2,646
2019-07-12,23.3,21.7,25.8,0.4,758
2019-07-13,21.6,20.4,22.9,13.4,913
2019-07-14,24.2,21.5,27.1,0,957
2019-07-15,24.2,22.2,26.5,0,660
2019-07-16,24.8,22.2,27.2,0,677
2019-07-17,25,22.9,28,6.8,653
2019-07-18,24.2,22.9,25.9,21.3,650
2019-07-19,24.1,22.3,26.2,187.7,622
2019-07-20,25.7,24.6,28.2,43.8,546
2019-07-21,27.3,24.8,30.7,0,734
2019-07-22,27.1,23.8,32.7,108.3,698
2019-07-23,27.6,24.3,30.3,0,696
2019-07-24,27.9,25.7,30.9,0,732
2019-07-25,27.9,25.9,31.1,0,792
2019-07-26,27.8,25.3,31.2,0,766
2019-07-27,28.1,26.5,31,14.7,819
2019-07-28,29.3,27,31.8,0,980
2019-07-29,28.7,26.1,31.3,0,1101
2019-07-30,30.4,27.3,35.4,0,1089
2019-07-31,29.5,27.9,32.3,0,1049
2019-08-01,29.2,26.9,32.1,0,1081
2019-08-02,28.8,26.7,31.2,0,1170
2019-08-03,29,25.4,31.7,0,1097
2019-08-04,27.9,25.9,30.2,0,1036
2019-08-05,27.8,24.9,30.9,0,980
2019-08-06,28.8,26.2,32.2,0,1080
2019-08-07,29.6,26.6,34.2,0,942
2019-08-08,31.1,27.7,34.7,0,852
2019-08-09,30.1,27.7,33.3,0,829
2019-08-10,29.5,28.8,30.9,0,869
2019-08-11,28.7,27.7,30.5,25,845
2019-08-12,29.7,27.2,33.9,12,969
2019-08-13,29.2,26.8,31.2,0,784
2019-08-14,28.6,26.8,31.6,1.2,763
2019-08-15,27.1,26.4,27.9,0,1082
2019-08-16,27.7,25.7,30.9,4.5,927
2019-08-17,28.8,25.7,32.6,0,923
2019-08-18,27.2,25.9,29.7,0,874
2019-08-19,26.3,24.6,29.1,0,760
2019-08-20,27.1,25.7,30.1,0.1,721
2019-08-21,28.1,25.3,31.6,3.4,830
2019-08-22,28.5,25.8,31.8,6.3,791
2019-08-23,27.4,26.2,30.7,0,753
2019-08-24,27,25.2,28.8,0,845
2019-08-25,25.5,23.3,27.7,0.1,850
2019-08-26,25.9,23.5,28.3,0.3,799
2019-08-27,26.9,24.5,31,87.2,766
2019-08-28,24.8,23,27,33.3,727
2019-08-29,23.3,21.3,25.4,68.9,813
2019-08-30,25.5,22.2,28.8,0,715
2019-08-31,24.9,20.8,28.2,0,817
2019-09-01,23.3,20.6,26.3,26.1,731
2019-09-02,24.1,21.9,26.6,25.7,662
2019-09-03,24.8,22.4,26.7,13.9,612
2019-09-04,24.7,23.7,27.9,43,573
2019-09-05,26.2,23.4,30.4,7,488
2019-09-06,26.8,25.1,28.6,68.8,349
2019-09-07,27.6,24.9,30.3,34.3,494
2019-09-08,24.5,23.4,26.3,19,415
2019-09-09,26.2,23.7,29,24.7,447
2019-09-10,27,24,29.4,0,482
2019-09-11,26,24.1,29.3,5,521
2019-09-12,24.1,23,25.1,0.6,864
2019-09-13,24,22.1,26.7,0,1149
2019-09-14,24.3,21.7,26.9,0,1161
2019-09-15,24.6,22.9,26.9,0,852
2019-09-16,24.6,23.6,27,0,591
2019-09-17,23.8,22,25.8,0,594
2019-09-18,23.3,20.6,27.6,0,590
2019-09-19,22.8,19.3,25.9,0,699
2019-09-20,22.5,19.9,25,0,764
2019-09-21,20.5,19.1,21.7,156,592
2019-09-22,20.4,19.1,21.7,126.2,331
2019-09-23,21,18.4,24.5,0,605
2019-09-24,20.4,16.7,25.2,0,668
2019-09-25,21.8,18.3,25.2,0,748
2019-09-26,23.8,21.3,27.7,1,823
2019-09-27,23.8,22.7,25.7,36,794
2019-09-28,24.1,23.1,25.6,0.7,921
2019-09-29,24.1,22.9,26.3,0,895
2019-09-30,23.6,22,26.8,22.6,849
2019-10-01,23.4,20.5,26.4,36.3,662
2019-10-02,24.8,20.6,27.3,136.2,541
2019-10-03,23.4,21.9,26.2,0.2,954
2019-10-04,23.1,21.2,26.1,0,1076
2019-10-05,20.8,18.4,23.2,0,1319
2019-10-06,20.8,17,24.6,1,1336
2019-10-07,21.8,20.2,23.6,0,1113
2019-10-08,20.5,17.4,24,0,1114
2019-10-09,17.6,14.2,21.5,0,1268
2019-10-10,19,14,23.1,0,1015
2019-10-11,21,17.1,23.9,0,1135
2019-10-12,21.4,18.7,24.8,0,1121
2019-10-13,19.7,17.1,22.8,0,1024
2019-10-14,19.3,16.7,23.2,0,820
2019-10-15,17.4,15.2,19.1,3.2,869
2019-10-16,18.1,15.8,21.3,0,741
2019-10-17,19.3,16.2,21.8,0,680
2019-10-18,19.1,18.1,20.5,8.3,834
2019-10-19,19.8,17.7,22.7,0,1047
2019-10-20,19.1,15.4,21.8,0,983
2019-10-21,19.9,17.4,22.9,0,803
2019-10-22,20.8,18.6,22.5,0.5,659
2019-10-23,20.3,19.2,21.8,0.6,632
2019-10-24,20.1,18.4,22.3,2.3,731
2019-10-25,20.1,16.8,23.5,0,758
2019-10-26,16.5,15.5,19.4,0,947
2019-10-27,16,13.7,18.7,0,969
2019-10-28,15.7,11.9,19.2,0,788
2019-10-29,17.9,15.2,20.8,0,703
2019-10-30,16.3,13.7,19.5,0,604
2019-10-31,16.5,12.1,20.7,0,622
2019-11-01,18.3,15.6,22,0,738
2019-11-02,18.6,15.6,22.7,0,990
2019-11-03,17.5,15.2,20.4,0,995
2019-11-04,17.3,13.5,20.6,0,726
2019-11-05,17.3,14.6,20.3,0,777
2019-11-06,15.8,12.3,19.4,0,734
2019-11-07,15.9,13.4,19.3,0,732
2019-11-08,13.8,12.4,17.3,0,869
2019-11-09,14.4,11.9,18.1,0,950
2019-11-10,15.5,10.3,19.7,2.9,1016
2019-11-11,17.1,15.3,19.5,0,799
2019-11-12,14.7,12.1,17.9,0,800
2019-11-13,15,11.8,18.3,1.7,725
2019-11-14,11.2,7.9,14.5,0,823
2019-11-15,12.1,7,17.2,0,790
2019-11-16,16,10.6,21.3,0,913
2019-11-17,20.1,14.9,24.3,0,928
2019-11-18,13.7,11.2,22.7,6.1,787
2019-11-19,10.6,9.9,12.3,0,733
2019-11-20,9.9,7.8,12.5,0,584
2019-11-21,13.1,7.8,17.1,0,595
2019-11-22,17.1,13.5,21.8,0,704
2019-11-23,18.1,14.5,21.7,0,952
2019-11-24,17.3,13.7,19.5,4.7,889
2019-11-25,10.1,9.2,13.9,0,739
2019-11-26,13.5,9.7,15.3,8.2,620
2019-11-27,11.1,9.3,14.8,3.8,554
2019-11-28,10.8,8.8,14,0,661
2019-11-29,9.7,6.9,12.6,0,723
2019-11-30,12.5,6.9,18,0.1,883
2019-12-01,12.5,11.1,15.1,18.9,769
2019-12-02,9.9,7.4,11.8,0,678
2019-12-03,9.5,7.5,10.8,0,568
2019-12-04,11.3,10,14.1,0,535
2019-12-05,8.7,5.7,11.5,0,573
2019-12-06,4.2,3.2,5.8,0,707
2019-12-07,7.5,4.3,9.5,0,795
2019-12-08,8.7,6,10.2,0,861
2019-12-09,10.7,5.9,15.2,0,652
2019-12-10,13.3,8.5,18.7,0,626
2019-12-11,12.9,9.6,18,0,558
2019-12-12,8.3,5.4,10.3,0,573
2019-12-13,8.6,4.6,12.9,0,705
2019-12-14,10,6.9,12.7,0,900
2019-12-15,12.5,6.9,17.4,0,842
2019-12-16,14.9,12.2,18.2,0.1,718
2019-12-17,14.1,10.9,17.6,7.3,638
2019-12-18,8.8,7.4,10.9,0,701
2019-12-19,7.8,7,9.4,0,678
2019-12-20,8.4,6.9,11.1,0,709
2019-12-21,8,5.6,10.1,0,827
2019-12-22,9.6,6.8,11.6,1,925
2019-12-23,9.4,6.7,12.4,0,793
2019-12-24,9.2,7.3,11.9,0,750
2019-12-25,11.4,7,15.1,0.1,1063
2019-12-26,9.9,6.7,13.1,9.4,1017
2019-12-27,6.7,5.7,7.3,0,1088
2019-12-28,7.7,6.1,9.7,0,1029
2019-12-29,11.8,7.1,16.4,11.4,990
2019-12-30,11.5,6.3,13.6,0,1166
2019-12-31,2.9,1.8,6.4,0,1097
2020-01-01,5.2,2.4,7.3,0,1043
2020-01-02,8.1,5.5,9.2,0,1062
2020-01-03,8.8,6.4,11.4,0,1079
2020-01-04,7.9,5.1,11.4,0,1002
2020-01-05,8.5,4.3,11.1,0,863
2020-01-06,14.5,10.1,18.9,0.3,729
2020-01-07,19.2,12.8,23.6,12.4,771
2020-01-08,8.1,6.9,13.2,1.4,721
2020-01-09,7.3,6.7,8.2,0,705
2020-01-10,8,4.3,11,0,768
2020-01-11,8,6.9,9.1,0,865
2020-01-12,7.5,6.7,8.5,0,887
2020-01-13,7.1,6.1,8.8,0,762
2020-01-14,4.8,3.4,6.2,4.6,838
2020-01-15,5.6,4.6,7.2,0,710
2020-01-16,6.3,4.6,8,0,801
2020-01-17,6.9,6,9.2,0,759
2020-01-18,7,6.2,9,0,833
2020-01-19,8.6,5.9,10,0,840
2020-01-20,8.4,7.1,10.9,0,706
2020-01-21,7.4,4.9,10.5,0,551
2020-01-22,11.4,8.6,13.5,25.8,414
2020-01-23,11.2,10.5,13.6,0.7,526
2020-01-24,11.3,9.5,12.7,0,701
2020-01-25,11.9,10.6,14,1,868
2020-01-26,11.6,10.6,13,10.1,1034
2020-01-27,9.8,8.1,11.5,60.3,749
2020-01-28,9.9,9.1,11.1,0,482
2020-01-29,9.6,8.5,11.3,0,391
2020-01-30,8.3,7.5,10.2,0.1,471
2020-01-31,7.2,5.9,8,0,356
2020-02-01,8.2,4.5,10.9,0,391
2020-02-02,7.7,6,10.7,0,349
2020-02-03,6.9,5.1,9.3,0,244
2020-02-04,5.6,2.6,8.2,0,258
2020-02-05,3.4,1.2,7.7,0.7,204
2020-02-06,3.3,0.8,5.4,0,208
2020-02-07,6.4,4.8,8.9,0,189
2020-02-08,6.9,4.7,9,0,268
2020-02-09,6.6,4.9,8.9,0,270
2020-02-10,10.6,6.1,14.1,0,226
2020-02-11,11.2,6.7,15.1,0,204
2020-02-12,13.3,11.1,16.7,1.1,237
2020-02-13,12.3,11.1,14.9,0,274
2020-02-14,13.6,11.1,16.4,0,339
2020-02-15,16.2,12.2,21.6,0.8,465
2020-02-16,5.4,3,12.5,7,504
2020-02-17,2.6,0.8,4.2,2,397
2020-02-18,4.9,0.5,7.8,0.1,378
2020-02-19,6.6,2.2,10.7,0,396
2020-02-20,10,6.7,13.2,0,376
2020-02-21,12.4,6.4,16.9,0,386
2020-02-22,10.8,7.6,14.3,0,404
2020-02-23,7.8,5.9,11.1,0,383
2020-02-24,11.5,5.4,15.8,0,287
2020-02-25,16.6,11.5,21.8,0.1,227
2020-02-26,11.4,8.4,12.7,0.1,217
2020-02-27,10,6.8,13.4,0,187
2020-02-28,10.4,8.7,11.6,3.7,194
2020-02-29,11.6,10.9,12.2,14.2,216
2020-03-01,11.2,8.1,12.7,4.2,197
2020-03-02,8,6,10.4,0,180
2020-03-03,10.7,6.2,15,0,174
2020-03-04,8,5.2,10.6,0,221
2020-03-05,6.1,4,9.6,0,216
2020-03-06,7.4,2.5,11.9,0,205
2020-03-07,10.3,8,11,8.1,258
2020-03-08,12,7.3,15.4,0,313
2020-03-09,13.1,11.3,14.6,25.3,191
2020-03-10,9.6,7.7,13.4,21.5,207
2020-03-11,8.4,5.5,11.1,0,262
2020-03-12,9.4,3.8,13.7,0,239
2020-03-13,11.2,8.2,14.5,0,251
2020-03-14,8.4,5.9,10.6,0,330
2020-03-15,11.1,6.8,15.3,0,304
2020-03-16,7.3,4.6,10.6,0,237
2020-03-17,13,6.2,19.8,0,240
2020-03-18,14,10.1,16.7,0,242
2020-03-19,13.9,9.9,21.2,0,255
2020-03-20,12,7.2,16,0,265
2020-03-21,17.4,9.9,22.8,0,327
2020-03-22,14.4,11.3,18.5,1,276
2020-03-23,12.7,9.3,16.3,0,272
2020-03-24,12.6,8.8,15.8,0,208
2020-03-25,16.3,10.8,20.9,0,237
2020-03-26,17.9,15,23.2,17,198
2020-03-27,12,8.4,19.9,0,192
2020-03-28,9,7.1,9.9,3.9,219
2020-03-29,11.2,6.6,14.4,0,279
2020-03-30,13.5,11.7,15.9,0,192
2020-03-31,13.9,11.3,17.2,0.6,152
2020-04-01,11.6,8.4,15.4,3.4,175
2020-04-02,11.8,8.7,14.7,0,188
2020-04-03,12.8,10.9,16.3,0,169
2020-04-04,11.6,7.6,16.9,0,237
2020-04-05,9.7,7.4,13.4,0,226
2020-04-06,10.7,6,14.3,0,163
2020-04-07,13.4,8.9,17.9,0,146
2020-04-08,12.9,10.5,16.8,0,165
2020-04-09,12.1,8.8,15.3,0,141
2020-04-10,12.9,9.9,15.9,0,138
2020-04-11,12.3,9.7,16.8,23.9,220
2020-04-12,9.8,7.5,11.2,25.4,233
2020-04-13,11.6,9.6,13.8,0,258
2020-04-14,13.2,8.3,16.6,0,216
2020-04-15,13.4,10.1,16.9,0,271
2020-04-16,15.9,10.3,21.4,0,229
2020-04-17,16,13.6,18.7,9.7,296
2020-04-18,12.9,11.1,16.2,0,295
2020-04-19,13.3,11,15.6,19.5,236
2020-04-20,13.8,11.6,18,0.4,213
2020-04-21,12.8,10.2,16.5,0,227
2020-04-22,11.1,8.7,14.8,0,255
2020-04-23,11.1,8.7,14.1,0,292
2020-04-24,13.1,9.1,16.8,0,281
2020-04-25,18.3,10.2,23,0,461
2020-04-26,14.2,11.1,18.9,0,447
2020-04-27,14.3,11,17.7,0,389
2020-04-28,15.2,10.4,19.7,0,387
2020-04-29,15.9,13,20,0,464
2020-04-30,19,12.5,24.8,0,707
2020-05-01,20.5,17.4,24.6,0,932
2020-05-02,19.2,16.4,21.9,3.2,942
2020-05-03,19.2,16,23.6,0.9,908
2020-05-04,18.5,15.5,23.7,0,695
2020-05-05,17.6,14.2,24.6,0,718
2020-05-06,19.5,15.9,24.5,0,382
2020-05-07,17.8,14.8,22.9,0,398
2020-05-08,20.9,15.5,26.5,0.2,325
2020-05-09,21.3,15.5,27.7,3.4,405
2020-05-10,16,15,18.1,0,439
2020-05-11,17.3,14.6,23.2,0,428
2020-05-12,18.5,14.9,25.1,0,480
2020-05-13,17,13.2,20.4,0,490
2020-05-14,20.2,15.2,25.8,0,413
2020-05-15,22.1,19,27.1,2.9,456
2020-05-16,16.6,14,19.1,5.3,512
2020-05-17,17,13.6,21.9,0,526
2020-05-18,19.2,15.9,29.5,0.4,423
2020-05-19,17.2,14.4,21.1,0,484
2020-05-20,16.6,13.8,20.6,0,517
2020-05-21,18.8,14.5,24.6,0,490
2020-05-22,19.1,16.3,23.9,0,590
2020-05-23,19.6,16.1,22.4,0,738
2020-05-24,20.4,17.9,26.1,0,671
2020-05-25,17.7,16.4,20.6,0,581
2020-05-26,18.4,16.5,21.1,0,582
2020-05-27,18.2,16,21.1,0,538
2020-05-28,19.7,15.9,25,0,526
2020-05-29,18.5,14.7,20.5,0,570
2020-05-30,20,17.8,23.6,0.6,702
2020-05-31,19.7,17.1,23.6,3.7,692
2020-06-01,18.7,16.7,21.7,0.4,532
2020-06-02,18.6,15,22.5,0,528
2020-06-03,20.5,18.1,24.7,0,478
2020-06-04,21.2,18.7,25.3,0,428
2020-06-05,19.9,17.4,24.2,0,547
2020-06-06,21.2,19.2,26.5,0,748
2020-06-07,21.3,18.5,23.9,0,724
2020-06-08,23.4,18.6,29.7,0,567
2020-06-09,26.7,22.2,30.1,0,543
2020-06-10,24.7,22.7,28.9,0.4,442
2020-06-11,24.5,21.6,28.9,0,469
2020-06-12,22.7,21.1,24.2,1.1,520
2020-06-13,25.6,22.8,29.6,24.3,601
2020-06-14,24.2,20.8,27.7,26,528
2020-06-15,22.2,20.2,25,0,522
2020-06-16,23.3,21.4,26.9,0,552
2020-06-17,20.9,18.3,23.2,30.9,469
2020-06-18,19.5,18.3,22.5,49.3,523
2020-06-19,19.9,18.3,22.6,11.4,624
2020-06-20,21.9,19.7,24.9,0,736
2020-06-21,21.8,20.1,24.3,0,779
2020-06-22,22.7,20.1,28.9,0,687
2020-06-23,25.6,20,30.9,0,659
2020-06-24,24.9,21.9,27.1,38.3,516
2020-06-25,22.9,21.6,24.9,14.2,519
2020-06-26,22.9,20.7,25.4,0,627
2020-06-27,23.1,20.8,26.8,0.1,763
2020-06-28,23.5,20.5,28.7,0,810
2020-06-29,23.2,19.1,27.6,25.1,598
2020-06-30,21.8,20,24,0,540
2020-07-01,22.6,19.7,26.8,0,502
2020-07-02,23,20.2,25.2,0,588
2020-07-03,21.4,19.7,23.8,17,663
2020-07-04,20.2,19.5,21.7,0.4,717
2020-07-05,21.2,19.2,24.2,0,734
2020-07-06,22.5,20.7,26.1,15.7,688
2020-07-07,22.5,21.2,25.5,35.1,620
2020-07-08,22.3,20,25.6,0,566
2020-07-09,23.2,20.9,27.6,2,566
2020-07-10,25.6,21.9,29.8,16.4,699
2020-07-11,23.3,22.5,25.8,0,624
2020-07-12,24.6,22.6,26.5,4.3,737
2020-07-13,25.6,22.6,30.6,1.5,726
2020-07-14,21.6,19.8,23.6,0.5,715
2020-07-15,21.6,20.2,24.6,0,662
2020-07-16,22.2,20.2,24.5,0.4,631
2020-07-17,23.1,20.1,25.8,0,623
2020-07-18,24.2,20.7,26.7,0.2,707
2020-07-19,29.1,23,34.3,0,670
2020-07-20,26.4,22.8,29.9,1.2,632
2020-07-21,24.6,22.6,27.2,4.4,584
2020-07-22,26.8,23.8,30.4,0,556
2020-07-23,26.5,23.6,30.5,9.2,549
2020-07-24,23,21.3,25.1,2.4,585
2020-07-25,23.7,21.2,26.6,0,637
2020-07-26,23.4,20.7,25.5,0,596
2020-07-27,24.8,22.6,27.9,71.5,712
2020-07-28,28.7,25.1,33.8,2,650
2020-07-29,27.9,25.7,30.9,0.5,575
2020-07-30,27.8,25.4,31,0,651
2020-07-31,26.9,25.1,29.5,0,735
2020-08-01,28.2,25.5,30.7,0,891
2020-08-02,29.3,26.7,34,0,914
2020-08-03,28.8,26.7,32.5,0,1038
2020-08-04,30.2,27.1,34.9,0,1034
2020-08-05,30.3,26.4,34.1,9.7,987
2020-08-06,30.2,27.9,32.7,0,1143
2020-08-07,30.6,27.8,32.7,0,870
2020-08-08,30.9,29.7,32.7,0,1017
2020-08-09,30.4,28,33.9,0,853
2020-08-10,29.4,26.6,32.3,4.2,1014
2020-08-11,30.4,27.6,33.6,2,812
2020-08-12,31,28.2,34.5,0,820
2020-08-13,31.3,28.2,36.1,0,771
2020-08-14,32.2,27.6,36.3,0,941
2020-08-15,31.1,27.8,36.3,0,995
2020-08-16,29.9,27.5,32.7,0,958
2020-08-17,29.4,27,32.3,0,952
2020-08-18,29,26.8,30.8,0,784
2020-08-19,28.3,26,31.2,0,789
2020-08-20,28.2,26,31.3,0,683
2020-08-21,28,25.4,30.3,0,678
2020-08-22,27.4,24.3,33.3,2.8,660
2020-08-23,28.3,24.8,31.2,0,589
2020-08-24,30,26.2,35.1,0,631
2020-08-25,29.8,27.7,33.6,2.9,570
2020-08-26,28.4,25.4,29.8,114.3,253
2020-08-27,28.7,27.2,30.8,0.7,440
2020-08-28,28.4,26.4,32.6,2.3,407
2020-08-29,28.4,26.3,31.3,1.5,442
2020-08-30,28.1,26.1,31.4,0,381
2020-08-31,27.8,25.9,31.6,0,326
2020-09-01,26.8,25.6,28,0.1,357
2020-09-02,25.1,23.1,27.9,183.6,218
2020-09-03,25.2,23.2,28.7,0.3,339
2020-09-04,25.5,21.5,29.3,0,325
2020-09-05,21.9,19.3,24.1,7.6,362
2020-09-06,21.7,20.5,23.1,71.7,303
2020-09-07,23,20.7,26.3,79.8,300
2020-09-08,26.7,22.4,30.7,0,380
2020-09-09,25.8,24.4,28.7,0,374
2020-09-10,24.5,22.7,26.6,0,455
2020-09-11,23.5,21.8,26,0.6,529
2020-09-12,23.1,21.6,25.5,0,533
2020-09-13,23,21.7,26.1,5.2,517
2020-09-14,23.3,21.8,25.9,0,479
2020-09-15,23.7,21,25.8,0,505
2020-09-16,23.5,21.5,28.3,6.1,564
2020-09-17,21.2,19.3,23.3,26.6,468
2020-09-18,20.5,17.8,23.1,11.3,502
2020-09-19,21.2,16.8,25.6,0,517
2020-09-20,22,18,25.6,0,573
2020-09-21,21.5,18.5,25,0,515
2020-09-22,21.2,19.5,22.6,0,566
2020-09-23,20.9,20.1,21.7,1.3,509
2020-09-24,21.3,20.6,22.7,0,541
2020-09-25,22.5,20.1,25.3,0.6,478
2020-09-26,22.1,20.5,25.8,0,567
2020-09-27,21.4,19,24.1,5.7,629
2020-09-28,20.9,19.3,23.4,0,640
2020-09-29,21.2,18.1,23.8,0,531
2020-09-30,21.9,19,24.9,0,689
2020-10-01,21.5,19.4,24.1,0,918
2020-10-02,21.7,17.6,25.5,0,992
2020-10-03,22.5,20.2,25.3,0,887
2020-10-04,21.4,19.5,23.5,1.1,573
2020-10-05,18.4,16.8,21.1,0,467
2020-10-06,18.6,17.1,20.4,0,533
2020-10-07,20.5,17,22.2,0,539
2020-10-08,20.3,19.1,22.5,0,707
2020-10-09,20.1,18.6,21.5,0,999
2020-10-10,20.3,18.9,22.4,0,940
2020-10-11,20.4,18.9,23.3,0,792
2020-10-12,20.4,18,23.5,0,716
2020-10-13,18.4,16.1,21,0,748
2020-10-14,19.1,15.7,21.7,0,793
2020-10-15,17.9,15.6,20.3,0,679
2020-10-16,17.2,14.4,20,4,748
2020-10-17,17.5,13.7,20.7,0,963
2020-10-18,17.7,15.6,20.9,0,941
2020-10-19,17.7,14.2,21.1,0,880
2020-10-20,18.7,15.6,22.2,0,846
2020-10-21,18.3,16.3,22.2,46.4,775
2020-10-22,17.5,15.4,20.5,2.2,832
2020-10-23,15.2,14.3,16.7,0,910
2020-10-24,15.4,14,17.6,0,1109
2020-10-25,16.3,13.2,19.9,0,1025
2020-10-26,15.6,12.1,20.8,0,799
2020-10-27,16.5,12.5,20.3,0,756
2020-10-28,17.4,15.5,20,0,782
2020-10-29,15.8,12.8,18.7,0,733
2020-10-30,16.1,13.7,18.5,0,793
2020-10-31,16.5,14.3,19.6,0,957
2020-11-01,18.1,13.7,22.3,1,925
2020-11-02,15.7,12.8,18.5,5.4,820
2020-11-03,13.1,11.8,16,0,839
2020-11-04,12,9.2,15.1,0,920
2020-11-05,14,8.2,17.9,0,814
2020-11-06,17.8,13.8,21.7,0,882
2020-11-07,17.6,14.5,21,0,1013
2020-11-08,14.6,11.5,19.2,0,1086
2020-11-09,12,10.1,14.5,0,954
2020-11-10,13,9.2,17.2,0,850
2020-11-11,12.4,8.6,15.9,0,849
2020-11-12,14.4,11.6,17.9,0,855
2020-11-13,14.4,10.6,18.7,0,1036
2020-11-14,15.8,12,19.4,0,1141
2020-11-15,16.6,13.3,19.7,0,1080
2020-11-16,16.8,14.5,19.4,1.4,994
2020-11-17,21,16.3,26.7,0,897
2020-11-18,22.4,18.5,25.9,0,848
2020-11-19,20.4,15.6,25.8,12.2,875
2020-11-20,12.9,10.9,15.6,0,938
2020-11-21,13.7,8.7,16.4,0,1102
2020-11-22,13.2,11.3,15.6,4.2,982
2020-11-23,10,9.2,11.2,0,879
2020-11-24,10.5,8.7,12.9,0,868
2020-11-25,12.1,9.6,14.7,0,784
2020-11-26,11.8,9.4,14.1,3.8,704
2020-11-27,11,9.1,12.9,0,742
2020-11-28,8.6,7.9,9.4,0,817
2020-11-29,9.2,7.6,12,0,704
2020-11-30,8.7,7.8,10.1,0.2,564
2020-12-01,7.8,6.1,10.3,0,542
2020-12-02,9.3,6,12.4,0,536
2020-12-03,8.2,5.8,10.5,0,467
2020-12-04,7.8,6.8,9.4,0,520
2020-12-05,8.8,6,12.3,0,596
2020-12-06,8.3,5.3,11.7,0,592
2020-12-07,10.1,6.3,13.1,0,491
2020-12-08,8.2,6.8,10.3,0,465
2020-12-09,7.7,4.2,10.6,0,429
2020-12-10,10.3,7.6,12.4,0,393
2020-12-11,11.1,8.9,12.5,0,386
2020-12-12,9.7,6.5,11.5,0,573
2020-12-13,8.7,5.7,14.6,0,472
2020-12-14,3.2,1.7,5.9,0.1,469
2020-12-15,3,2,4.3,0,498
2020-12-16,3.9,3,5.3,1.5,387
2020-12-17,5.7,3.8,7.2,0,416
2020-12-18,7.7,6.1,10.8,0,359
2020-12-19,4.4,2.8,6.3,0,359
2020-12-20,6.8,3.6,7.9,0,316
2020-12-21,7.9,6.4,10.2,0,306
2020-12-22,8.9,6,13.1,0,299
2020-12-23,10.1,4.5,15,0,310
2020-12-24,10.5,8,13.5,0,338
2020-12-25,6.8,4.8,10,0,474
2020-12-26,7.4,3.8,10.6,0,417
2020-12-27,10.1,8.1,11.5,14.4,272
2020-12-28,11.4,8.3,14.5,0,300
2020-12-29,9.6,3,14.6,5.4,277
2020-12-30,0.9,-1.4,4.3,4.3,219
2020-12-31,2.9,-0.3,4.6,3.8,211
2021-01-01,5.5,4,7.2,0,356
2021-01-02,5.9,2.8,8.4,0,424
2021-01-03,4.5,2.7,6.3,0,272
2021-01-04,5.9,2.2,9.2,0,187
2021-01-05,5.6,2.6,9,0,185
2021-01-06,4,1.7,5.6,0.6,183
2021-01-07,-1.1,-3.1,4.4,7.9,80
2021-01-08,-1.1,-2.7,1,6.1,61
2021-01-09,1.2,-2.1,3.1,0.9,51
2021-01-10,3.6,0.8,5.1,0,117
2021-01-11,3.4,1.5,5.1,10.8,212
2021-01-12,4.7,2.6,6.4,1.2,194
2021-01-13,10,5.2,13.6,0,253
2021-01-14,10.8,7.9,15.4,0,289
2021-01-15,12.1,7.7,18.2,0,286
2021-01-16,5.1,2.8,8.6,0,363
2021-01-17,3.1,1.2,4.4,2,312
2021-01-18,6.6,3.1,9.9,0,315
2021-01-19,4,2,6.3,0,295
2021-01-20,9.2,3.8,15.9,0,326
2021-01-21,12.6,7.3,17.9,0.5,344
2021-01-22,12.7,11.5,14.5,8.2,334
2021-01-23,12.5,11.1,13.5,57.8,483
2021-01-24,11.8,10.4,13.6,0.2,488
2021-01-25,12.6,11.3,15.3,0,411
2021-01-26,10.4,8.8,12.8,19.7,437
2021-01-27,7.6,5.8,10,0,428
2021-01-28,6.2,0.4,10.6,0.5,395
2021-01-29,2.5,0.3,5.3,0.2,421
2021-01-30,7.8,2.2,11.7,0,535
2021-01-31,10.7,5.6,14.9,0,505
2021-02-01,11.6,9.8,15.8,22.4,426
2021-02-02,4.2,2.9,10,0,451
2021-02-03,5.8,3.6,8.6,0,434
2021-02-04,6.4,3.6,9.5,0.1,376
2021-02-05,7.1,2.2,9.9,0,435
2021-02-06,10.6,7.5,14.6,0,543
2021-02-07,11,7.5,15.1,0,547
2021-02-08,4.1,2.3,7.5,0,463
2021-02-09,4.8,2.9,7.8,0,426
2021-02-10,7,3.1,10.9,0,408
2021-02-11,9.7,6,13,0,619
2021-02-12,12.2,10.2,14.1,0,800
2021-02-13,13,10.1,16.3,0,774
2021-02-14,13.3,10.8,16,2.4,592
2021-02-15,7.5,3.5,12.4,0,501
2021-02-16,5.7,3.3,9.1,0,515
2021-02-17,1.3,-1.2,3.8,0.9,490
2021-02-18,2.5,-1,3.8,1.9,473
2021-02-19,8.5,2.8,13.4,0,551
2021-02-20,15.6,11.7,17.7,0,770
2021-02-21,18.9,16.4,23.7,0,745
2021-02-22,15.3,8.7,23.4,0,617
2021-02-23,7.5,5,10.6,0,737
2021-02-24,9.9,5.2,13.2,0,651
2021-02-25,11.6,9.8,15.2,19.6,709
2021-02-26,11.2,9.8,13,5.4,872
2021-02-27,11.4,10.8,12.6,0,1011
2021-02-28,14.4,11.3,17.1,0.1,1042
2021-03-01,15.5,7.8,21.9,11.2,852
2021-03-02,7.5,6.2,9.8,0,542
2021-03-03,9.2,4.8,12.8,0,490
2021-03-04,10.9,9.2,12,26.9,457
2021-03-05,11.9,10.7,14.2,0.1,474
2021-03-06,11.3,9.2,14.2,0,731
2021-03-07,10.1,9.1,11.1,0,739
2021-03-08,10.4,8.7,12.7,0,515
2021-03-09,10.6,7.9,13.5,0,577
2021-03-10,11.5,7,16.5,0,569
2021-03-11,14.1,10.9,19,7.6,567
2021-03-12,11.3,10.3,13.4,14.2,684
2021-03-13,11.7,9.4,14.7,0,930
2021-03-14,11.4,8.5,15.2,0,889
2021-03-15,13.9,7.9,19.2,0,631
2021-03-16,12.6,7.9,19.1,3.1,678
2021-03-17,11.3,6.3,15.7,0,582
2021-03-18,13.7,10.8,17.1,0,610
2021-03-19,14.2,12.9,16.2,6.2,675
2021-03-20,12.8,9.6,15.7,7.6,965
2021-03-21,9.2,7.3,12.5,0,998
2021-03-22,9.8,6.4,12.8,0,821
2021-03-23,12.3,9,16.5,0,796
2021-03-24,13.3,8.8,17.3,0,782
2021-03-25,14.1,11.6,17.7,0,738
2021-03-26,14.6,9.7,21.2,0,869
2021-03-27,17.5,12.2,21.5,4.2,989
2021-03-28,14.5,12.7,17.5,0,1042
2021-03-29,15.2,12,17.8,0,828
2021-03-30,14.3,11.4,19.1,0,749
2021-03-31,16.2,12.1,20.6,0,667
2021-04-01,15.2,13.8,17.5,8.8,716
2021-04-02,17.2,13.8,19.9,9.8,900
2021-04-03,18,13,22.8,0,1039
2021-04-04,11.4,10.8,13.2,5.2,974
2021-04-05,12.6,10.6,14.6,4.1,925
2021-04-06,13.9,11.3,17.4,0,884
2021-04-07,14.8,11.2,18.3,0,844
2021-04-08,14.4,11.2,18.6,0,832
2021-04-09,13.8,9.7,17.5,0,992
2021-04-10,14,11.4,17.5,0,1263
2021-04-11,16.6,12.2,21.5,0,1207
2021-04-12,16.5,14.3,19.9,16.9,925
2021-04-13,11.8,8.5,14.4,0,831
2021-04-14,11,8.2,14.9,0,876
2021-04-15,13.1,8.6,17.9,0,852
2021-04-16,15.1,11.1,19.7,0,981
2021-04-17,13.7,11.3,16.3,0,1139
2021-04-18,13,11.1,16.5,0,1198
2021-04-19,14.5,9.9,19.1,0,896
2021-04-20,14.8,10.3,18.5,0,881
2021-04-21,17.5,12.3,22.8,0,795
2021-04-22,21,16.8,25.9,0,842
2021-04-23,19.3,16.5,25,0,1004
2021-04-24,17.5,15.9,21.9,0,1257
2021-04-25,16.9,14.7,20.7,0,1069
2021-04-26,16.5,13.5,20.9,0,1016
2021-04-27,17.1,14,21.5,0.8,904
2021-04-28,17,14.9,19.5,0,873
2021-04-29,18.8,14.7,23.3,0,872
2021-04-30,16.3,11.3,19.9,13.2,1010
