year,avgTemp,minTemp,maxTemp,rainFall,accomodation
2015-01-01,3.3,1.7,5.4,4.2,421
2015-01-02,6.1,3.9,8.5,0,424
2015-01-03,6.8,3.5,9.6,0,420
2015-01-04,11.5,7.7,15,0,268
2015-01-05,12.9,6.8,17.5,0.7,229
2015-01-06,7.8,3.9,17.2,0.2,191
2015-01-07,4.7,3.4,5.8,0,180
2015-01-08,6.3,5.1,7.6,0,240
2015-01-09,8,6.5,10,0,315
2015-01-10,8.6,6.5,11,0,379
2015-01-11,8.5,5.4,12.1,0,271
2015-01-12,4.9,3.8,7.9,0,246
2015-01-13,9.7,4.2,13.7,0,221
2015-01-14,9.3,8.7,10.7,37.4,248
2015-01-15,8.4,5.9,10.9,0,249
2015-01-16,7.7,5.3,9.4,0.1,279
2015-01-17,5,2.7,8,0,376
2015-01-18,6,1.2,10.1,0,400
2015-01-19,8.5,5.9,11,0,243
2015-01-20,6.9,3.7,9.7,0,257
2015-01-21,9.2,7.8,10.6,5.8,211
2015-01-22,7.6,6.5,9,4.7,225
2015-01-23,6.9,5.4,9.9,0,343
2015-01-24,8,5,11,0,470
2015-01-25,11.6,6.9,15.8,9.2,343
2015-01-26,10.3,7.4,13.6,0,233
2015-01-27,5.6,3.3,7.6,0,192
2015-01-28,4.5,3.2,6.4,0,231
2015-01-29,6.8,4.8,8.1,19.1,204
2015-01-30,5,3.6,6.7,1,227
2015-01-31,3.4,2.7,5.1,0,321
2015-02-01,4.1,0.6,7.7,0,259
2015-02-02,6,4.3,9.3,0,139
2015-02-03,6.2,2.8,9.6,0,170
2015-02-04,6.8,6,7.4,0,162
2015-02-05,5.5,3.1,6.9,0.3,233
2015-02-06,6.1,5,7.8,0,291
2015-02-07,8,5.8,9.7,0.1,381
2015-02-08,1.7,-0.7,8.8,0.1,267
2015-02-09,1.8,-0.3,3.6,0.4,202
2015-02-10,7.1,2.5,9.4,0,190
2015-02-11,8.9,5.8,12.3,0,175
2015-02-12,7,4.6,10,0,229
2015-02-13,4.7,3.3,8.1,0,355
2015-02-14,8.4,3.1,14.4,0,404
2015-02-15,12.5,9,14.9,12.8,343
2015-02-16,11.8,9.8,14.4,3,224
2015-02-17,8.3,7.3,10,0,236
2015-02-18,6.5,5.5,7.4,0,307
2015-02-19,5.7,4,8.9,0,423
2015-02-20,9.3,3.1,14.9,0,473
2015-02-21,11.9,9,17.3,5.5,369
2015-02-22,8.7,6.5,10.8,0.3,255
2015-02-23,6.9,5.4,9.8,0,242
2015-02-24,7.9,5.9,10.9,0,282
2015-02-25,10.3,6.8,12.7,0,312
2015-02-26,8.8,4.9,11.6,0,344
2015-02-27,4.2,3.7,5.4,0,377
2015-02-28,7.9,4.1,9.8,13,427
2015-03-01,7.3,5.9,9.2,2.6,288
2015-03-02,7,3.4,10.1,0,131
2015-03-03,8.4,6.8,10.1,1.3,124
2015-03-04,4,3.2,6.8,0,121
2015-03-05,5.4,2.8,7.1,0,207
2015-03-06,8,6.3,9.3,1.5,293
2015-03-07,9.3,6.3,12.1,0,409
2015-03-08,10.7,4,16.1,0,301
2015-03-09,7.6,2,11.6,9.5,188
2015-03-10,2.9,0.2,4.1,0.2,169
2015-03-11,7,3.3,9.7,0,155
2015-03-12,8.3,6.2,11.3,0,222
2015-03-13,11.5,4.7,17.7,0,400
2015-03-14,10.3,8.7,12.2,0,556
2015-03-15,10.8,7.8,14,0,339
2015-03-16,13.5,9.9,17.1,0,227
2015-03-17,15.7,11.1,19.6,0,195
2015-03-18,17.1,13.9,20.6,60.5,198
2015-03-19,12.8,11.5,14.8,4.2,309
2015-03-20,12.9,11.3,16.5,0.2,521
2015-03-21,13.8,10.9,17.5,0,708
2015-03-22,12.3,9,16.5,0,464
2015-03-23,9.1,6.7,11.7,0,330
2015-03-24,8.5,6,12,0,268
2015-03-25,8.6,4.3,12.9,0,272
2015-03-26,9.8,5.1,14.5,0,378
2015-03-27,10.9,7.5,13.9,0,560
2015-03-28,12.8,10.2,15.7,0,730
2015-03-29,13.5,10.3,16.7,0,515
2015-03-30,14,10.7,17.9,0,313
2015-03-31,18.1,14.9,22.2,0.7,291
2015-04-01,15.4,14,19,0,242
2015-04-02,20.2,14,27.7,0.9,344
2015-04-03,12.6,10,22.1,7.8,520
2015-04-04,14.4,10,17.4,10.5,633
2015-04-05,13.2,12.3,14.4,3.9,508
2015-04-06,12.1,10,13.3,36.6,329
2015-04-07,10.3,8.7,12.6,0,300
2015-04-08,11,8.8,14.4,0,245
2015-04-09,12.1,9.3,14.5,0,424
2015-04-10,12.8,10.6,15.2,0,569
2015-04-11,13.5,9.5,17.6,0,746
2015-04-12,13.5,11.7,18.4,15.6,673
2015-04-13,12.1,8.9,14.5,15.1,396
2015-04-14,10.1,7,14.2,2.5,312
2015-04-15,15.6,10.1,20.3,0,335
2015-04-16,17.3,13.1,24.9,0,448
2015-04-17,14.1,10.1,18,0,617
2015-04-18,17.9,13,24.1,27.9,847
2015-04-19,18.5,15.5,23.9,10.3,565
2015-04-20,12.9,12,15.5,2.9,413
2015-04-21,14.2,12.5,17.5,0,346
2015-04-22,15.5,11.1,21.2,0,385
2015-04-23,15.5,11.8,19.2,0,478
2015-04-24,17.3,13.4,22,0,556
2015-04-25,17.2,13.6,23.6,0,797
2015-04-26,18.8,14.1,23.1,0,563
2015-04-27,19.5,14.9,23.1,0,381
2015-04-28,20.7,17.9,25.3,1,378
2015-04-29,17.7,15.4,22.1,3.8,405
2015-04-30,16.4,15.3,18.2,9.1,668
2015-05-01,18,15.5,21.4,0,1009
2015-05-02,18.3,14.5,23.2,24.8,1298
2015-05-03,18.1,14.8,22,6.7,1267
2015-05-04,16.5,13.3,21.7,0,1015
2015-05-05,14.8,11,18.5,0,706
2015-05-06,15.3,13.2,17.8,0,437
2015-05-07,17.2,13.2,21.7,0,423
2015-05-08,17.7,14.5,20.8,0,555
2015-05-09,17.5,15,20.7,1.9,636
2015-05-10,18,14.7,23,0,492
2015-05-11,19.8,15.9,23.1,69.3,316
2015-05-12,18.5,14,21.6,4.3,343
2015-05-13,23,19.2,27.3,0,325
2015-05-14,23.8,19.4,29.4,0,410
2015-05-15,19.7,17.3,23,2.9,555
2015-05-16,19,16.6,22.1,0,755
2015-05-17,19.3,16.1,26.4,0,641
2015-05-18,16.2,14.9,19,35,415
2015-05-19,16.3,14.8,19.3,0,346
2015-05-20,17.4,14.7,22.1,0,317
2015-05-21,18.4,14.1,22.8,0,412
2015-05-22,19.8,17,24.1,0,749
2015-05-23,18.8,17.4,21.7,0,1033
2015-05-24,20.2,17.7,23.5,0,977
2015-05-25,20.1,17.1,23.6,0,724
2015-05-26,19.2,15.7,23.7,0,409
2015-05-27,20.5,17.4,23.4,0,290
2015-05-28,22.6,18,27.6,0.9,567
2015-05-29,21.3,19,25.3,0,903
2015-05-30,18.9,17.8,20.9,4.2,1057
2015-05-31,19.7,17.6,23,0,782
2015-06-01,20.6,17.6,24.8,0,600
2015-06-02,20.2,18.5,21.8,39.9,424
2015-06-03,21.4,18.5,25.5,1.1,367
2015-06-04,20.6,17.6,23.9,0,548
2015-06-05,17.2,15.4,22.2,14.3,722
2015-06-06,19.9,15.3,26.3,0,802
2015-06-07,21.7,18,26,0,602
2015-06-08,20.9,18.5,24,4.4,447
2015-06-09,21.2,18.5,24.2,0,376
2015-06-10,22.9,18.1,28.9,0,370
2015-06-11,22.6,20.2,26.5,0.9,493
2015-06-12,26,21.9,30.6,0,603
2015-06-13,24.1,21.5,28.7,0,728
2015-06-14,22.9,20.9,25.4,0,649
2015-06-15,22.8,20.9,25.3,0,415
2015-06-16,22.2,21.1,25.3,0.7,383
2015-06-17,20.6,19.6,21.6,15.4,409
2015-06-18,22,19.7,25.6,0.1,428
2015-06-19,22.9,19.9,25.8,0,595
2015-06-20,22,19.4,24.2,0,798
2015-06-21,22.1,20.5,24.6,2,677
2015-06-22,21.7,20.5,24.3,0.3,462
2015-06-23,23.5,20.9,26.9,0,429
2015-06-24,22.1,21.1,23.2,32.7,430
2015-06-25,23.6,21.5,25.9,7.9,433
2015-06-26,23.5,21.2,27.8,2.7,541
2015-06-27,21.2,20.5,22.2,9.2,805
2015-06-28,22,19.8,25.9,0,662
2015-06-29,22.3,19.2,25.8,0,521
2015-06-30,21.9,19.6,26.4,54.8,383
2015-07-01,22.9,20.5,26.3,0.1,434
2015-07-02,22.9,19.6,25.5,0,555
2015-07-03,23.9,21.6,26,0,786
2015-07-04,22.5,21.3,24.4,0,965
2015-07-05,22,20.5,24.2,0,785
2015-07-06,21.4,20.3,23.5,1.4,564
2015-07-07,20.7,19.1,22.3,53.7,456
2015-07-08,25.8,19.9,31.6,82.1,591
2015-07-09,24.9,22.8,29,0,684
2015-07-10,23.6,22.1,25.2,0,892
2015-07-11,24.3,23,26.4,98.9,1143
2015-07-12,26.5,23.8,28.7,88.7,861
2015-07-13,27.8,23.4,33,0,781
2015-07-14,26.5,24.1,29.9,0,793
2015-07-15,25.2,22.4,27.9,0,985
2015-07-16,24.8,22.1,28.6,0,1002
2015-07-17,24.2,21.6,26.7,0,1082
2015-07-18,25,22.8,29.2,0,1220
2015-07-19,25.6,22.7,29.8,0,1121
2015-07-20,24.3,22.8,27.1,0,961
2015-07-21,24.3,22.8,27.4,0,921
2015-07-22,26.5,23.7,28.2,4.6,702
2015-07-23,30.4,27.7,34.1,0,870
2015-07-24,29.5,27.2,32.5,0,971
2015-07-25,29.1,26.3,33.8,0,1373
2015-07-26,27.5,25.6,29.7,0,1234
2015-07-27,27.8,25.9,31.1,0.2,1215
2015-07-28,27.6,25.9,30.9,0,1239
2015-07-29,30.5,25.8,36.7,0,1407
2015-07-30,28.1,26.5,30.4,0,1474
2015-07-31,28.1,25.4,33.6,0,1518
2015-08-01,27.9,24.8,30.5,0,1707
2015-08-02,28.6,24.7,32,0,1566
2015-08-03,28,24.9,30.6,0,1678
2015-08-04,28.4,25.5,31.6,0,1716
2015-08-05,28.1,25.7,30.7,0,1671
2015-08-06,29.2,25.9,35.5,0,1695
2015-08-07,29.7,26.9,33.8,0,1514
2015-08-08,27.5,26.2,30.3,3.4,1576
2015-08-09,27.8,25,30.3,0,1584
2015-08-10,28,26.2,30.3,0,1388
2015-08-11,27.2,23.7,30,91.8,1301
2015-08-12,25.2,23.9,26.4,0.2,1182
2015-08-13,27,25.2,30.2,0,1246
2015-08-14,26.5,25.1,29.4,0,1512
2015-08-15,27.2,23.7,31.8,0,1551
2015-08-16,25.5,22.8,28.1,74.6,1322
2015-08-17,25.2,22.9,27.9,3.5,1306
2015-08-18,26.1,24.5,27.9,0,1104
2015-08-19,25.9,24.6,28.8,1.8,1108
2015-08-20,26,24.3,29.3,0,1161
2015-08-21,26,24.5,28.8,20.8,1167
2015-08-22,25.2,23.8,26.6,0,1253
2015-08-23,25.4,23.6,27.6,0,1165
2015-08-24,24.5,22.2,25.9,14.6,1087
2015-08-25,22.8,20.4,25.2,34.1,960
2015-08-26,24.8,22.8,27.6,0,1102
2015-08-27,25.5,21.6,28.6,0,1133
2015-08-28,25.7,22.1,28.4,0.6,1205
2015-08-29,24.8,23,27.5,0,1278
2015-08-30,24.7,22.6,27.3,0,1113
2015-08-31,24.9,23.3,28,3.2,719
2015-09-01,24.8,23.2,26.9,0.3,830
2015-09-02,25.4,22.7,28.4,0,871
2015-09-03,26.1,24.1,28.6,0,1096
2015-09-04,25.1,22.6,28.3,0,1153
2015-09-05,23.3,21.2,25.6,13,1235
2015-09-06,23.2,20.7,26.1,22.3,1080
2015-09-07,23.1,21.5,25.1,0,918
2015-09-08,22.5,19.7,24.5,0,737
2015-09-09,22.5,20,25.7,0,724
2015-09-10,23.2,19.6,26.2,0,801
2015-09-11,23.9,19.5,27.2,0,965
2015-09-12,22.4,20.9,24.1,6.9,1019
2015-09-13,22.5,19.6,25.1,0,1017
2015-09-14,22.6,19.5,26.6,0,724
2015-09-15,22.3,20.6,25,0,672
2015-09-16,21.1,20,22.2,22.4,599
2015-09-17,22.5,19.9,25,0.1,731
2015-09-18,22.7,20.7,25,0,887
2015-09-19,22.4,19.9,25.8,0,995
2015-09-20,22.6,18.4,25.1,0,775
2015-09-21,23.3,20.4,26.8,0,528
2015-09-22,23.9,20.6,27.8,0,379
2015-09-23,22.3,20.7,24.3,49,291
2015-09-24,22.9,20.9,24.8,2,242
2015-09-25,23.2,21.5,25.5,0,474
2015-09-26,23.3,20.5,25.9,0,802
2015-09-27,22.9,20.8,25.8,0,1006
2015-09-28,23.6,20.8,27.5,0,936
2015-09-29,24,22.5,27.3,0,811
2015-09-30,20.9,18.6,23.3,56.9,608
2015-10-01,23.6,19.1,27.5,24.3,612
2015-10-02,19.4,17.5,22.5,0,748
2015-10-03,21.1,18,24.7,0,921
2015-10-04,21.3,19.1,24.8,0,796
2015-10-05,20.9,18,24.3,0.1,519
2015-10-06,20.3,17.1,23.1,0,537
2015-10-07,20.9,17.3,23.8,0,739
2015-10-08,20.8,19.4,23.7,0,1118
2015-10-09,19.2,15.6,22.5,0,1428
2015-10-10,19.9,15.7,25.8,0,1293
2015-10-11,18.3,16.2,20.7,0,1032
2015-10-12,18.7,15.5,20.9,0.7,672
2015-10-13,18.9,15.9,21.6,0,562
2015-10-14,18.8,15,23,0,552
2015-10-15,19.2,15.8,23.8,0,728
2015-10-16,18.6,15.8,22.4,0,974
2015-10-17,19.1,15.8,22.3,0,1184
2015-10-18,19.1,16.1,22.7,0,1058
2015-10-19,19.6,15.3,24.2,0,663
2015-10-20,19.5,17,22.3,0,575
2015-10-21,20.1,18.1,23.7,0,453
2015-10-22,20.4,17.7,24.1,0,673
2015-10-23,19.2,17.1,21.9,0,953
2015-10-24,19.5,15.9,22.9,0,1170
2015-10-25,19,16.7,22.7,0,898
2015-10-26,19.1,15.7,23.2,0,610
2015-10-27,17.9,16.2,22.5,5.9,558
2015-10-28,16.8,15.2,19.9,0,505
2015-10-29,17.2,13.4,19.7,0,596
2015-10-30,14.5,12.3,18.3,0,770
2015-10-31,13.1,11.7,16.1,0,869
2015-11-01,13,10.6,15.1,0.9,748
2015-11-02,14.2,10.6,18.5,0,496
2015-11-03,14.8,12,18.2,0,437
2015-11-04,17.4,11.8,23.8,0,543
2015-11-05,19,16,21.5,0.4,649
2015-11-06,19.7,16.8,23.3,6.4,860
2015-11-07,20.2,18.6,21.4,11.2,965
2015-11-08,18.8,17.3,21.3,4.2,731
2015-11-09,15.9,14.5,17.7,0.4,558
2015-11-10,14.2,11.9,16.2,0,509
2015-11-11,15.1,11.5,17.8,1.3,522
2015-11-12,17.5,15.1,20.6,1.4,699
2015-11-13,17.5,16,19.2,47.3,896
2015-11-14,17.1,16.3,18.4,1.2,1078
2015-11-15,16,13.1,19,0,896
2015-11-16,17.7,12.9,22.1,0,537
2015-11-17,17.5,16.9,18.5,0.3,397
2015-11-18,16.2,14.5,17.6,33,428
2015-11-19,15.2,14.3,16.4,12.3,618
2015-11-20,15.5,14.2,17.6,3.7,754
2015-11-21,15.7,13.9,17.8,0,895
2015-11-22,16.9,13.5,19.8,0,746
2015-11-23,16.5,14.5,18.2,14.3,425
2015-11-24,13.6,11.9,15.1,0.3,411
2015-11-25,10.9,7.1,13.4,28,421
2015-11-26,6,3.1,8.4,6.6,572
2015-11-27,7.9,4.7,9.5,0,615
2015-11-28,10.5,8.1,14.3,0,846
2015-11-29,12.1,8.1,16.1,0,593
2015-11-30,12.9,9.5,16.7,0,348
2015-12-01,11.3,7.2,16.1,0,296
2015-12-02,13.1,10.2,20.1,1.6,300
2015-12-03,9.2,7.2,10.8,0.3,376
2015-12-04,9,7.9,9.6,0,610
2015-12-05,10.2,8.8,11,0,840
2015-12-06,9.2,7.4,10.3,0,569
2015-12-07,9.4,7.5,11.8,0,365
2015-12-08,9.2,7.5,11.9,0,318
2015-12-09,13.7,7.5,19.2,0,361
2015-12-10,15.2,13.4,16.6,50.7,444
2015-12-11,11.5,10.1,13.5,11.4,642
2015-12-12,12.2,10,13.8,0.3,790
2015-12-13,14.1,12.1,17,0,562
2015-12-14,14,12.9,15.8,0.6,433
2015-12-15,11,9.2,13.2,0,400
2015-12-16,7,3.1,9.6,0.1,387
2015-12-17,4.8,2.3,6.1,2.9,533
2015-12-18,7.1,5.6,8.1,0,725
2015-12-19,7.8,5.6,11,0,842
2015-12-20,9.6,5.9,11.7,7.3,712
2015-12-21,10.8,7.4,13.6,4.3,480
2015-12-22,12.3,7.5,16.9,0,511
2015-12-23,12.8,11,15.4,10.2,549
2015-12-24,9.8,8.4,11.1,0,1046
2015-12-25,8,6.3,9.8,0,1567
2015-12-26,11.3,7.1,13.5,0,1443
2015-12-27,6.7,4.5,11.2,0,1190
2015-12-28,5.8,4.7,6.7,0,962
2015-12-29,6.9,5.7,7.8,0,946
2015-12-30,8.4,6.6,11,0,1057
2015-12-31,9,7.7,10.7,0.3,1335
2016-01-01,8.2,5.2,10.8,0,1308
2016-01-02,12.5,7.8,16.8,0,1015
2016-01-03,13,10.5,16.2,0,728
2016-01-04,11.7,10.9,12.9,0,545
2016-01-05,8.5,6.6,11.1,6.2,551
2016-01-06,7.3,5.7,8.7,0,627
2016-01-07,7,6.3,8.2,0,630
2016-01-08,6,4.4,7.5,0.1,698
2016-01-09,7,5.6,8.3,0,952
2016-01-10,8.1,6.4,10.9,0,846
2016-01-11,6.1,4.3,7.7,0,733
2016-01-12,4.9,4.1,6.1,0,697
2016-01-13,4.6,2.5,5.7,0.1,632
2016-01-14,6.4,5,7.9,0,720
2016-01-15,7.1,4.5,11,0,755
2016-01-16,7.5,4.2,11.1,0,992
2016-01-17,8.9,7.4,10.4,33.5,888
2016-01-18,4.1,-0.3,8.9,0.8,598
2016-01-19,1.5,-0.4,3.1,3.2,572
2016-01-20,2.4,1.5,3.6,0,585
2016-01-21,2.9,2.2,3.9,0,639
2016-01-22,2.8,1.6,4.3,0,842
2016-01-23,-0.5,-4.1,3.4,12.2,613
2016-01-24,-3,-5.8,0.3,4.4,293
2016-01-25,1.9,-1.1,4.1,1.6,265
2016-01-26,5.5,3.8,7.2,0.1,289
2016-01-27,7.2,4.5,9.6,0,455
2016-01-28,8.6,5.8,11.5,27.2,625
2016-01-29,8.6,7.7,10,32.4,697
2016-01-30,7.9,6.5,9,3.8,760
2016-01-31,4.6,3.1,6.5,0,494
2016-02-01,2.7,1.6,3.6,0,380
2016-02-02,2.8,2,4.7,0,371
2016-02-03,4.8,2.3,6.8,0,335
2016-02-04,6.9,5.2,9.4,0,234
2016-02-05,6,4.6,8.5,0,401
2016-02-06,4.2,3,5.8,0.1,680
2016-02-07,4.3,2.6,7.2,0.1,779
2016-02-08,8.2,4.7,11.2,0,798
2016-02-09,8.4,5.2,11.6,0,752
2016-02-10,9.9,4.5,16.7,0,766
2016-02-11,14.9,9.2,19.5,0.1,713
2016-02-12,17.4,15.7,20.5,24,723
2016-02-13,14.8,9,19.7,9.1,670
2016-02-14,4.3,2.4,9.2,0,568
2016-02-15,2.1,-0.4,3.7,0.1,566
2016-02-16,5.7,2.9,7.9,0,570
2016-02-17,5.8,3.8,8.1,0,659
2016-02-18,8,2.6,13.9,0,752
2016-02-19,10.4,8.3,12.5,0.2,989
2016-02-20,8.3,5.3,11.1,0,1043
2016-02-21,5.7,4.2,8.7,0,978
2016-02-22,6,4.9,8.7,5.4,815
2016-02-23,7.2,3.7,10.8,0.3,758
2016-02-24,3.1,2.3,4.8,0,748
2016-02-25,4.3,2.1,7.8,0,938
2016-02-26,9.2,3.3,13.5,0,1077
2016-02-27,12,10,14.6,0.1,1453
2016-02-28,11.4,6.3,19.5,0,1416
2016-02-29,3.5,0.4,6.6,0.5,1021
2016-03-01,3.6,1,6.9,0,546
2016-03-02,7.9,2.1,13.6,0,358
2016-03-03,12.3,6.1,16,0.3,457
2016-03-04,16.6,12.6,22.5,0,583
2016-03-05,18.1,14.2,22,32.7,843
2016-03-06,12.1,10,15.8,7.9,560
2016-03-07,14.1,10.4,18.6,0,476
2016-03-08,10.1,6.5,14.3,17.3,415
2016-03-09,6.1,4.3,8.5,25,336
2016-03-10,4.4,2.9,6.7,0,477
2016-03-11,4.8,2.9,7.7,0,771
2016-03-12,6.4,2.9,8.4,0,897
2016-03-13,8.4,6.1,11,9.4,736
2016-03-14,7.6,6.4,9.6,0,562
2016-03-15,8.3,3.7,11.6,0,437
2016-03-16,12,8,16.1,0,482
2016-03-17,15,8.5,21.3,0,659
2016-03-18,15.3,13.2,20,4.2,1007
2016-03-19,12.4,9.8,15.2,0,1245
2016-03-20,11.1,7.3,13.9,0,1045
2016-03-21,12.4,9.7,15.5,0,706
2016-03-22,11.2,7.9,15.1,0,652
2016-03-23,9.8,7.3,14.5,0,663
2016-03-24,9.1,7,12.1,0,692
2016-03-25,8.9,7.4,12.1,0,965
2016-03-26,8.7,6.7,11.3,0,1164
2016-03-27,10.2,6.6,13.9,0,1042
2016-03-28,13.1,6.9,17.2,0,715
2016-03-29,14.7,10.2,17.8,0,599
2016-03-30,14.7,12.4,17.4,0,578
2016-03-31,13.9,13.2,16.1,0.1,686
2016-04-01,14.4,9.8,18.8,0,1032
2016-04-02,16.3,11.1,21.6,0,1324
2016-04-03,15.6,14.5,17.2,25.2,1101
2016-04-04,13.3,12.8,15,5.9,754
2016-04-05,13.8,12.6,16.4,0,589
2016-04-06,15.1,11.6,18.6,2.3,625
2016-04-07,14.9,12.6,21.6,14.5,749
2016-04-08,13.3,11.5,16.6,0,1026
2016-04-09,14.6,11.1,20,0,1387
2016-04-10,15.3,12.2,18.8,0,1174
2016-04-11,14.6,12.5,18.8,0,893
2016-04-12,16.5,12.2,21.1,0,824
2016-04-13,15.9,13,19.6,24.4,907
2016-04-14,15.1,12.8,22.3,0,967
2016-04-15,16.2,11,21.2,0,1150
2016-04-16,20.1,14.2,24.5,18.6,1166
2016-04-17,13.5,12.4,16.4,0.2,846
2016-04-18,14.6,12.6,17.3,0,687
2016-04-19,14.9,13.2,17.2,0,638
2016-04-20,18,12.3,21.7,0,630
2016-04-21,16.7,13.4,22.4,4.2,708
2016-04-22,16.7,11.5,22.3,0,1054
2016-04-23,16.6,14.7,20.2,2.9,1161
2016-04-24,16.9,14.3,20.7,0,1007
2016-04-25,16.8,13.7,19.8,0,650
2016-04-26,18.2,14,24.2,1,535
2016-04-27,14.3,13.1,16,13.6,573
2016-04-28,13.9,12.7,15.9,8.6,599
2016-04-29,14.9,11.3,19,0,977
2016-04-30,17,11.8,22.1,0,1249
2016-05-01,18.4,14.2,22.4,0,1147
2016-05-02,21.3,16.5,25.7,0.8,781
2016-05-03,18.4,15,24.3,7.6,732
2016-05-04,20.8,16.3,25.7,0,1268
2016-05-05,18.8,15.6,23.1,0.4,1652
2016-05-06,18.6,15.8,23.1,3,1534
2016-05-07,17.7,13.8,21.2,0,1228
2016-05-08,18.1,14.9,23.8,0.7,820
2016-05-09,15.4,14.7,16.6,0.2,530
2016-05-10,14.6,13.3,15.8,31.6,487
2016-05-11,15.7,13.4,18.9,0,591
2016-05-12,17.1,14.1,21.3,0,743
2016-05-13,16.7,14.8,19.6,0,1045
2016-05-14,18.3,15.9,22,0,1242
2016-05-15,21.5,14.2,30.4,0,1076
2016-05-16,15.6,11.8,19.5,16.7,689
2016-05-17,19.5,14.5,24,0,631
2016-05-18,19.6,15.3,24,0,580
2016-05-19,19.8,16.8,24.8,0,773
2016-05-20,19.9,15.4,24,0,1139
2016-05-21,20.8,18.2,23.8,0,1300
2016-05-22,21,18.7,23.3,0,1161
2016-05-23,23.1,19.6,28,0,761
2016-05-24,18.6,16.6,22.5,20.8,720
2016-05-25,19,15.7,22.3,0,638
2016-05-26,20.7,17.7,23.6,0,746
2016-05-27,19.3,17.5,23,2.5,1118
2016-05-28,18.6,17.1,22.2,16.6,1184
2016-05-29,17.5,16.4,19.8,12.1,1032
2016-05-30,20.3,15.7,24.9,0,761
2016-05-31,20.7,17.2,25.3,0,595
2016-06-01,20,17.9,22.3,0,643
2016-06-02,20,16.7,23.4,0,836
2016-06-03,22.8,17.1,28.8,0,1287
2016-06-04,18.6,17.1,23.8,3.6,1658
2016-06-05,19.8,17.2,21.8,0,1533
2016-06-06,18.6,17.8,20.1,8.4,1205
2016-06-07,20,18.8,23.9,0,806
2016-06-08,20,18.8,22.1,0.5,730
2016-06-09,20.8,19.4,23.9,0,892
2016-06-10,23.2,19.1,27.1,0,1123
2016-06-11,24,20.3,29.3,0,1229
2016-06-12,22.5,20.2,24.7,4.8,1162
2016-06-13,21.8,20.2,24.8,0,941
2016-06-14,21.8,19.8,25.1,0,869
2016-06-15,23.3,19.8,26.5,0,889
2016-06-16,21.8,20.5,24,0.1,993
2016-06-17,22.4,19.7,25.9,0,1259
2016-06-18,22.9,19.9,25.3,3.7,1363
2016-06-19,24.8,23,28.2,0,1104
2016-06-20,23.9,22.3,26.5,28,824
2016-06-21,23.9,21.4,26.3,3.3,788
2016-06-22,23.8,21.3,27,45.5,863
2016-06-23,24.8,21.4,29.2,0.6,896
2016-06-24,24.9,22.2,30.2,0.3,1015
2016-06-25,23.5,21.7,27.6,0,1280
2016-06-26,24,21.9,27.1,0,1155
2016-06-27,20.4,18.3,22.5,6.7,810
2016-06-28,21,19.1,23.4,7.3,667
2016-06-29,22.2,20.1,25.1,49.9,709
2016-06-30,24.9,21.4,28.4,0,797
2016-07-01,27.3,23.4,29.6,18.8,1003
2016-07-02,25.2,22.5,29.6,5.9,1155
2016-07-03,23.7,22.3,28.8,8,1192
2016-07-04,29.1,24.5,34,0,1041
2016-07-05,30.8,26.2,34.4,0,858
2016-07-06,28.1,25.1,32.5,0,983
2016-07-07,26.9,24.1,32.5,0.9,1069
2016-07-08,25.6,24,27.2,0.3,1165
2016-07-09,25,22.7,28.4,0,1495
2016-07-10,24.2,22.5,25.7,2.8,1191
2016-07-11,23.9,22.9,25.1,3.9,952
2016-07-12,24.6,22.5,27.2,57.1,964
2016-07-13,26.6,25.1,30.1,0.9,1091
2016-07-14,25.9,23.9,29.1,0,1116
2016-07-15,26.7,22.8,30.8,0,1104
2016-07-16,26.3,24.3,30.9,0,1521
2016-07-17,25.6,24.1,28.8,0,1504
2016-07-18,25.4,23.6,27.7,0,1230
2016-07-19,28,25,31.9,0,1178
2016-07-20,28,26.2,31.7,0,1223
2016-07-21,28.5,26,31.3,0,1217
2016-07-22,28.4,25.9,31.6,0,1467
2016-07-23,28.5,25.9,32.4,0,1772
2016-07-24,28.5,26,30.9,0,1715
2016-07-25,28.6,26.1,31.3,0,1734
2016-07-26,29.1,27,31.9,0,1573
2016-07-27,29.8,27.4,33.1,0,1718
2016-07-28,30.1,28.2,35.5,0,1723
2016-07-29,30.1,28.2,32.6,0,1730
2016-07-30,30.4,28.4,34,0,2224
2016-07-31,29.6,27.8,31.9,0,2241
2016-08-01,29.6,27.3,32.6,0,2260
2016-08-02,29.2,27.3,31.8,0.1,2031
2016-08-03,27.8,25.7,29.5,3.5,1943
2016-08-04,28.8,26.6,33.2,3.3,1888
2016-08-05,28.4,26.5,31.2,0,1788
2016-08-06,28.7,26.4,32.5,0,1891
2016-08-07,29,25.9,33.9,1.6,1673
2016-08-08,29.1,26.9,32.2,0,1733
2016-08-09,29.3,27.1,31.4,0,1677
2016-08-10,29.1,27.6,31.9,0,1767
2016-08-11,30.2,26.9,33.1,0,1806
2016-08-12,30.5,27.8,34.4,0,1885
2016-08-13,30.5,27.8,33.8,0,2462
2016-08-14,30.6,27.8,33.9,0,2372
2016-08-15,30.5,28,33.8,0,2014
2016-08-16,30,27.2,33.1,0,1749
2016-08-17,29,25.5,33.2,0,1654
2016-08-18,29.6,27.1,31.9,0,1620
2016-08-19,28.7,26.9,31.4,4.5,1601
2016-08-20,28.8,26.6,31.8,0,1862
2016-08-21,28.7,26.3,31.3,0,1793
2016-08-22,29.4,27.9,31.6,0,1648
2016-08-23,29,27.1,31.2,0,1562
2016-08-24,28,26.4,29.8,0,1531
2016-08-25,28.1,26.5,30.6,0,1636
2016-08-26,28.2,26,31.7,0,1714
2016-08-27,24.7,22.4,26.3,13,1831
2016-08-28,22.8,19.9,25.3,49.6,1741
2016-08-29,24.1,22.2,27.3,0,1615
2016-08-30,25.3,22.9,28,0,1401
2016-08-31,26.4,23.5,29.8,0,1312
2016-09-01,27.1,21.7,33,4.7,1441
2016-09-02,23.2,21.9,24.5,16.4,1417
2016-09-03,24.5,22.6,26.7,0,1654
2016-09-04,26.3,24.1,28.8,0,1526
2016-09-05,26.1,24.5,29.2,0,1373
2016-09-06,24.9,23.1,27.1,0,1144
2016-09-07,24.5,23.2,26.7,0.9,1007
2016-09-08,25,21.7,27.8,0,1078
2016-09-09,25.1,23.1,28.1,0,1268
2016-09-10,24.1,21.9,26.6,0,1717
2016-09-11,24.7,22.9,26.9,0,1517
2016-09-12,23,20.8,24.9,11.4,1337
2016-09-13,24.4,21.4,27,0,1290
2016-09-14,23.6,22.4,26.3,0.8,1405
2016-09-15,24.2,22.4,27,0.1,1481
2016-09-16,24.8,22.9,26.4,0.9,1395
2016-09-17,26.8,24.7,30.2,3.4,1132
2016-09-18,24.1,21.6,27,1.3,782
2016-09-19,22,20.7,22.9,17.5,603
2016-09-20,22.4,20.7,24.6,0,801
2016-09-21,22,19.6,24.6,0,887
2016-09-22,22,19.8,24.8,1.4,1029
2016-09-23,22,18.9,24.9,0,1245
2016-09-24,22.8,20.6,25,0,1605
2016-09-25,23.4,20.6,25.1,0,1423
2016-09-26,24.2,23.5,25.6,3,1050
2016-09-27,25,22.9,28.2,3.5,996
2016-09-28,23.1,22.2,24.7,61.8,869
2016-09-29,21.6,20.5,22.7,24.2,899
2016-09-30,21.1,20.4,22.2,21,1261
2016-10-01,22.7,21.5,25.3,5,1759
2016-10-02,26.5,21.7,32.1,0,1915
2016-10-03,25.7,23.6,29.3,0,1463
2016-10-04,23.8,21.8,26.5,16.6,1070
2016-10-05,22.6,20.4,26.5,158.5,840
2016-10-06,21.9,19.9,24.7,0,964
2016-10-07,22.8,21.3,25,1.9,1207
2016-10-08,21.8,17.3,26.6,23.1,1544
2016-10-09,17.5,15.8,19.5,0,1336
2016-10-10,18.5,15.6,21.4,0,970
2016-10-11,19,17.5,20.8,0,857
2016-10-12,19.6,17.4,21.9,0,822
2016-10-13,19.9,18.2,22.3,0,931
2016-10-14,20.6,18.7,24,0,1378
2016-10-15,20.5,17.9,24.5,0,1670
2016-10-16,21.8,19.8,23.6,2.9,1451
2016-10-17,21.6,19.4,24.4,0,994
2016-10-18,20.7,19.2,22.3,0,807
2016-10-19,21.1,19.9,23,0,818
2016-10-20,20.3,18.3,21.3,0,1053
2016-10-21,19.6,18.7,21.3,18.4,1426
2016-10-22,18.8,18.3,19.3,20.9,1605
2016-10-23,19.1,17.4,21.9,2.6,1283
2016-10-24,19,17.2,21.7,0,913
2016-10-25,19.8,17,25.9,1.2,871
2016-10-26,17.3,15.1,20.8,7.5,834
2016-10-27,19.4,15.5,23.2,0.1,960
2016-10-28,18.7,16.6,21.7,23.2,1209
2016-10-29,14.8,13,17,0,1606
2016-10-30,14.1,12.2,16.6,0,1168
2016-10-31,14.7,13.5,16.8,0.5,778
2016-11-01,10.9,9.8,13.7,0,749
2016-11-02,11.5,9.3,14,0,772
2016-11-03,13.7,10.6,17.7,0,905
2016-11-04,14.5,10.8,19.5,0,1263
2016-11-05,16.8,11.6,22.9,0,1563
2016-11-06,17.4,13.3,21.3,0,1186
2016-11-07,18.1,15.8,21.7,0,871
2016-11-08,12.6,10.5,17.7,5.5,775
2016-11-09,10.6,7.8,12.3,0,815
2016-11-10,13.1,10.9,15.2,7.4,994
2016-11-11,14.5,11.3,18.3,0,1239
2016-11-12,15.5,9.7,20.2,0,1450
2016-11-13,17.4,14.5,21.9,9.5,1329
2016-11-14,18.7,16.7,23.2,14,859
2016-11-15,13.8,10.3,16.8,0,768
2016-11-16,13,8.4,16.6,0,826
2016-11-17,15.8,11.8,19.6,0,1020
2016-11-18,19.3,15.5,22.6,0.5,1278
2016-11-19,17.9,17.3,20.4,3.6,1490
2016-11-20,16.7,15.2,17.8,0,1205
2016-11-21,17.4,15.9,19.4,9.2,742
2016-11-22,11.4,8.3,16.9,0,657
2016-11-23,8.4,7.5,10.6,0,628
2016-11-24,7.5,6.7,8.8,0.1,755
2016-11-25,9.3,7.4,11.7,0,1076
2016-11-26,10.6,7.2,13.7,18.7,1483
2016-11-27,11.6,10.3,12.9,1.7,1058
2016-11-28,10.1,8.6,11.7,0,729
2016-11-29,9.8,8,12,0,522
2016-11-30,13,10.1,16.4,1.1,533
2016-12-01,11.8,8.5,13.9,0,718
2016-12-02,8.5,6.2,11.6,0,995
2016-12-03,9.5,5.9,14.1,0,1206
2016-12-04,12,8.1,14.5,0,874
2016-12-05,13.2,10.8,16,0,650
2016-12-06,7.4,4.7,10.9,0,566
2016-12-07,10,4.7,13.9,0,529
2016-12-08,11.1,6.7,14.9,0,693
2016-12-09,10.3,7.1,14.4,0,939
2016-12-10,7.9,6.6,10.3,0,1261
2016-12-11,8.3,3.3,11.3,0,936
2016-12-12,12.8,7.9,16.4,0,677
2016-12-13,12,9,14.4,0,521
2016-12-14,6.8,5.7,9.1,0,598
2016-12-15,5.3,3.7,6.4,0.9,758
2016-12-16,5.1,3.1,6.4,1.3,1022
2016-12-17,7.8,4.4,11.7,0,1369
2016-12-18,11.6,5.5,16.8,0,1175
2016-12-19,14.7,12.1,16.9,7,795
2016-12-20,13.3,11.5,14.9,0.2,710
2016-12-21,18.5,13.9,22.3,12.1,693
2016-12-22,11.1,9,21.6,7.6,815
2016-12-23,7.4,6.1,9.2,0.2,1158
2016-12-24,6.9,5.9,8,0,1760
2016-12-25,10,5.8,14.5,1.4,1532
2016-12-26,12.1,8.5,16.7,25.2,1218
2016-12-27,6.2,3.8,9.1,0.7,1183
2016-12-28,5.5,3.9,7.9,0,1233
2016-12-29,5.4,4,7.6,0,1437
2016-12-30,5,3.6,7.7,0,1540
2016-12-31,7,3.4,10,0,1681
2017-01-01,9.9,6,13,0,1426
2017-01-02,11.3,9.8,13.8,0.9,927
2017-01-03,9.1,6.9,11.7,0,913
2017-01-04,8.9,6,12.2,0,914
2017-01-05,11.1,8.4,13.5,9.8,1139
2017-01-06,11.5,10.4,13.6,2,1156
2017-01-07,11.3,9.9,12.4,13.5,1353
2017-01-08,10.9,9.9,12.6,17.2,1031
2017-01-09,8.1,6.4,10,0,917
2017-01-10,6.4,5.6,7.2,0,925
2017-01-11,4.6,3.5,5.6,0,984
2017-01-12,7.4,5.1,10.1,0,1049
2017-01-13,6.5,3.1,10,0,1149
2017-01-14,3.3,1.3,4.6,0,1314
2017-01-15,2.8,0.7,5,0,1249
2017-01-16,4.3,2.3,6.2,0,974
2017-01-17,5.1,1.7,8.9,0,904
2017-01-18,6.5,4.6,7.8,0,999
2017-01-19,6.2,5.1,8.5,0,932
2017-01-20,3.9,1.1,7.3,0.2,1006
2017-01-21,4.6,2.5,6.8,0,1169
2017-01-22,3.6,1.5,6.6,0.8,927
2017-01-23,2.1,0.7,3.6,0,725
2017-01-24,3.5,2.3,5.2,0,525
2017-01-25,3.7,1.7,6.6,0,454
2017-01-26,5.4,0.7,8.9,0,567
2017-01-27,6.8,2.1,11.3,0,788
2017-01-28,7.1,1.1,12.3,0,1007
2017-01-29,11.8,8.2,14.8,2.9,1020
2017-01-30,3.9,1.7,9.7,3.4,749
2017-01-31,3.2,1.4,5.6,0,461
2017-02-01,4.1,2.5,6.2,0,553
2017-02-02,4.2,1.3,7.8,0,807
2017-02-03,6.2,1.9,9.7,0,1006
2017-02-04,10.1,8,12.4,2.5,1196
2017-02-05,9.1,7.4,11.4,2.5,915
2017-02-06,5.3,4.3,7.7,0,741
2017-02-07,5.6,4,8.7,0,792
2017-02-08,5.4,3.6,7.5,0.2,898
2017-02-09,2.7,0.3,4.6,0.9,928
2017-02-10,1.6,-1.1,3.1,3.7,948
2017-02-11,3,-0.4,4,2.2,1214
2017-02-12,4.8,3.1,8,0,1178
2017-02-13,6.8,1.3,10.5,0,954
2017-02-14,7.1,5.1,9.9,0,1072
2017-02-15,6.9,2.4,11,0,1126
2017-02-16,13.4,5,18.9,0,1301
2017-02-17,9.5,4.3,17.4,0,1480
2017-02-18,4.6,3,7.5,0,1720
2017-02-19,10.1,0.9,17.5,0,1418
2017-02-20,8,2.6,17.9,0.6,1266
2017-02-21,7.6,2.3,12.7,0,1159
2017-02-22,10.6,6.7,14.4,26.5,1326
2017-02-23,5,3.1,6.8,0,1354
2017-02-24,5.1,3.1,7.6,0,1500
2017-02-25,8.2,4.8,10.7,0,1645
2017-02-26,8.3,5.7,11.6,0,1574
2017-02-27,7.1,3.7,10.7,0,1217
2017-02-28,8.7,3.9,13.3,0,1139
2017-03-01,10.7,7,15.8,1.1,1095
2017-03-02,5.7,4.7,8.4,0,1152
2017-03-03,7.4,3,10.8,0,1261
2017-03-04,10.4,6.8,14.4,0,1494
2017-03-05,10,7.7,13.8,0,1078
2017-03-06,6.3,4.3,9.3,0,771
2017-03-07,5,3.4,8.6,0.2,690
2017-03-08,6.1,3.3,8.3,0,637
2017-03-09,9.8,6.8,13.1,0,771
2017-03-10,10.2,7.3,13.9,0,1247
2017-03-11,11.1,6.1,14.9,0,1478
2017-03-12,13,8,17.8,0,1197
2017-03-13,10.4,9,12.9,0,837
2017-03-14,8.9,6.7,12,0,798
2017-03-15,8.3,6.1,12.4,0,914
2017-03-16,8.7,5.3,12.1,0,1073
2017-03-17,9.4,5,13.2,0,1543
2017-03-18,10.7,7.1,14.6,0,1723
2017-03-19,12.7,7.4,15.7,0,1403
2017-03-20,11.8,9.9,13.8,23,986
2017-03-21,9.3,7.4,11.4,0.9,935
2017-03-22,9.2,5.3,12,0,978
2017-03-23,10,8,13.5,6.4,1245
2017-03-24,11.3,7.4,14.7,0,1491
2017-03-25,9.9,8.3,11.5,2.9,1890
2017-03-26,8.7,6.8,11.3,0,1649
2017-03-27,10.2,8.2,12.7,0,1194
2017-03-28,11.7,6.9,14.8,0.3,1019
2017-03-29,14.4,11,17.9,0,1092
2017-03-30,12.8,11.1,15,0,1369
2017-03-31,10.7,9.4,12.9,13.4,1673
2017-04-01,10.6,9.1,13.4,0,2047
2017-04-02,12,8.8,16.1,0,1725
2017-04-03,13.6,8.5,17.8,0,1167
2017-04-04,14.5,10.5,18.2,0,1072
2017-04-05,18.6,14.7,23.1,0.4,1005
2017-04-06,16.6,14.1,20.2,17.4,1296
2017-04-07,14.8,11.4,18.8,0,1787
2017-04-08,14.4,11.3,18.4,0,2121
2017-04-09,13.6,10.8,15.8,0,1799
2017-04-10,13.4,12.3,14.6,3.9,1300
2017-04-11,12.3,10.6,15.9,9.1,1071
2017-04-12,13.5,11.4,17.2,0,1305
2017-04-13,16,11.7,20.2,0,1633
2017-04-14,18.3,11.6,24.1,0,1954
2017-04-15,18.9,15.5,22.1,0,2218
2017-04-16,16.6,14,21.8,0,1929
2017-04-17,16.7,12.2,22,14.4,1297
2017-04-18,16.2,12.3,25,0,1182
2017-04-19,14.9,12.1,18,0,1277
2017-04-20,15,13.3,18.2,0,1597
2017-04-21,14.3,12.3,17.3,0,1920
2017-04-22,13.9,11,17.4,0,2240
2017-04-23,14.4,10.2,17.6,0,1913
2017-04-24,17.2,12,22,0,1324
2017-04-25,18.3,15.7,21.3,0,1145
2017-04-26,15.6,13.6,18.4,6.2,1334
2017-04-27,14.5,12.2,17.8,0,1544
2017-04-28,18.4,14.1,21.8,0,1975
2017-04-29,19.6,15.5,24.1,0,2752
2017-04-30,24.5,20.2,27.6,0,3495
2017-05-01,18.2,15.1,23.1,0,3463
2017-05-02,18.1,16.5,21.5,0,3683
2017-05-03,19.7,15.5,25.3,0,3932
2017-05-04,20.8,16.7,26.9,5.8,3793
2017-05-05,20.5,17.1,25.1,0.3,3632
2017-05-06,16.7,15.2,20.3,0,3068
2017-05-07,20,14.7,24.4,0,2691
2017-05-08,18.6,16.5,22.1,0.8,1704
2017-05-09,16.3,14.2,19.4,4.3,1061
2017-05-10,15.8,14.2,18.6,1.5,916
2017-05-11,23.7,15.1,28.1,0,1318
2017-05-12,17.9,15.6,20.7,25.3,1739
2017-05-13,18.7,15.1,23.1,0,1971
2017-05-14,17.2,13.7,23.2,0,1701
2017-05-15,17.5,14.5,21.3,0,1216
2017-05-16,17.8,15,20.3,0,1157
2017-05-17,18.9,15.6,21.4,0,1342
2017-05-18,20,16,23.6,0,1641
2017-05-19,20.2,16.9,24.3,0,2025
2017-05-20,20.2,17.7,23.7,0,2265
2017-05-21,21.8,17.8,27.8,0,1880
2017-05-22,22,17.6,27.5,0,1385
2017-05-23,20.9,18.1,26.6,0,1261
2017-05-24,20,18.2,23.2,0.5,1232
2017-05-25,20,16.3,25.1,0,1426
2017-05-26,17.5,14.8,21.4,0,1936
2017-05-27,17.8,13.6,21.5,0,2328
2017-05-28,20.6,16.8,23.3,0,1949
2017-05-29,22.8,18.3,27.1,0,1387
2017-05-30,22.6,19.4,26.8,0,1174
2017-05-31,21.9,18.5,26.3,0,1021
2017-06-01,21.2,18.3,25.4,0,1371
2017-06-02,20.2,17.2,25.6,0,2142
2017-06-03,20.4,17.5,24.1,0,2965
2017-06-04,20.3,16.7,23,0,2979
2017-06-05,21.9,19.4,27.1,0,2438
2017-06-06,20.9,18.9,24.9,3.9,2059
2017-06-07,19.9,17.9,25.1,1.2,1593
2017-06-08,20.4,17.5,24.8,0,1838
2017-06-09,23.4,18.9,26.9,0,2040
2017-06-10,22.9,20.4,25.7,0.9,2394
2017-06-11,21.6,19.9,26.2,0,2055
2017-06-12,20.5,18.9,23.3,0,1711
2017-06-13,19.1,17.7,21.3,0,1595
2017-06-14,20.1,17.3,24.8,0,1664
2017-06-15,21.9,17.8,26.2,0,1810
2017-06-16,22.2,20.5,24.7,0,2197
2017-06-17,21.7,19.3,25.1,0,2705
2017-06-18,23,20.2,28,0,2362
2017-06-19,23.4,20.9,26,0,1968
2017-06-20,22.3,19.6,24.4,11.7,1687
2017-06-21,22.3,19.7,25.8,0,1749
2017-06-22,23.1,20.8,26.6,0,1873
2017-06-23,23.1,21.2,25.8,0,2154
2017-06-24,22.5,21.2,24.5,2.2,2495
2017-06-25,23.4,21.1,25.8,0,2206
2017-06-26,23.4,21.6,26.4,0,1828
2017-06-27,23.2,21.6,25.5,1,1797
2017-06-28,24.1,21,26.4,0,1759
2017-06-29,22.1,21,23.2,39.8,1752
2017-06-30,24,21.9,26.8,0,1960
2017-07-01,26.6,23.1,28.9,0,2471
2017-07-02,30.3,24.8,34.7,0,2234
2017-07-03,28.9,26.1,33.4,0,1825
2017-07-04,28.9,25.5,33.9,0,1663
2017-07-05,28.2,26.1,31.9,0.7,1774
2017-07-06,27.9,26,32.9,0,1957
2017-07-07,29.2,25.6,31.6,0,2361
2017-07-08,28.2,24,32,0,2684
2017-07-09,28.2,26.1,30.2,0,2465
2017-07-10,30.3,27.5,34.1,0,2111
2017-07-11,26,24.2,28.3,24.8,2130
2017-07-12,26.8,24.6,29.3,0,2361
2017-07-13,27.4,24.8,30.8,0,2443
2017-07-14,28.8,26,30.7,0,2677
2017-07-15,29.2,27.4,32.5,0,3154
2017-07-16,30,27.1,35.5,0,2899
2017-07-17,30.8,28.1,34.5,0,2506
2017-07-18,29.2,26.7,31.3,7.9,2181
2017-07-19,29.1,26.3,32.3,0,2198
2017-07-20,31.1,27.9,34.8,0,2358
2017-07-21,32.1,28.6,37,0,2666
2017-07-22,30.1,27.9,34.2,0,3156
2017-07-23,31,28.2,33.9,0,2725
2017-07-24,31.8,29.4,34.9,0,2717
2017-07-25,30.7,27.9,34.4,0,2487
2017-07-26,26.8,25.5,28.8,0,2474
2017-07-27,28.3,26.1,31.9,0,2725
2017-07-28,28.7,25.2,32,0,3016
2017-07-29,29.2,27.6,32,0,3516
2017-07-30,30.6,27.7,34,0,3537
2017-07-31,30.6,28.2,36.3,1.8,3400
2017-08-01,31,28.3,35.7,0,3374
2017-08-02,29.6,28.2,32.9,0,3657
2017-08-03,30.5,26.8,35.3,0,3607
2017-08-04,29.7,28.1,32.5,0,3300
2017-08-05,29.9,28.4,32.7,0,3098
2017-08-06,30.2,28.7,33.1,0,2617
2017-08-07,30.9,28.6,34,0,2660
2017-08-08,29.5,24.7,32.8,58.7,2731
2017-08-09,29.2,26,31.8,11.8,2592
2017-08-10,28.7,27.2,32,0,2857
2017-08-11,28.8,26.5,31.6,0,3172
2017-08-12,28.7,26.6,32.7,0,3903
2017-08-13,27.7,26.8,30,0.5,3640
2017-08-14,28.7,25.2,32.5,50.9,3271
2017-08-15,28.9,27.3,32.8,1.2,3181
2017-08-16,28.3,26.2,31.2,0,3203
2017-08-17,27.7,25.2,30.6,2.3,3108
2017-08-18,27.2,24.6,29.7,0,3018
2017-08-19,27.6,25.3,33,2.9,3050
2017-08-20,28.9,25.9,33.3,3.1,2908
2017-08-21,28,23.9,31.7,27.4,2700
2017-08-22,30,26.8,32.8,0.1,2823
2017-08-23,30.7,28,33.1,0,2869
2017-08-24,31.5,28.5,35.7,0,3146
2017-08-25,29.6,27.9,32.5,0.6,3376
2017-08-26,27.2,24.4,29.8,0,3513
2017-08-27,26.6,22.7,29.7,0,3562
2017-08-28,28.8,24.6,33.5,0,2965
2017-08-29,26.6,23.3,28.9,0,2668
2017-08-30,24.2,22.1,26.7,0,2649
2017-08-31,24.3,22.7,27.4,0,2661
2017-09-01,25.1,23.3,27.6,0,2876
2017-09-02,23.5,21.9,25.8,0,3163
2017-09-03,24.4,21.9,26.8,0,3258
2017-09-04,24.5,23.6,26,3.2,3003
2017-09-05,25.9,23,28.5,2.2,2639
2017-09-06,27.9,24.5,32.1,19.7,2714
2017-09-07,22.7,20.3,24.6,35.9,2623
2017-09-08,23.7,21.2,27.1,0,2920
2017-09-09,24.7,21,27.9,0,3378
2017-09-10,25.9,22.2,30.3,0,3083
2017-09-11,25.3,22.6,29.1,21.3,2518
2017-09-12,24.5,22.3,27.6,0,2466
2017-09-13,23.9,19.7,27.3,0,2252
2017-09-14,24.2,21.8,26.7,0,2495
2017-09-15,23.7,23,25,0,2296
2017-09-16,23.3,22.7,23.5,0.2,2418
2017-09-17,23.3,21.6,26.3,0.1,2498
2017-09-18,23.5,20.5,26.9,0,2213
2017-09-19,24.9,21.8,29.9,0,2121
2017-09-20,23.9,21.5,26.2,0,1936
2017-09-21,21.9,19,24.6,0,2151
2017-09-22,23.6,21.6,28.1,0,2737
2017-09-23,22.5,20.6,26.6,0,2968
2017-09-24,23.7,20.4,29.2,0,2396
2017-09-25,24.9,21.9,28.5,0,1839
2017-09-26,25.8,23.9,29.6,0.4,1703
2017-09-27,23.5,21.4,25.6,0.4,1483
2017-09-28,22.9,21,26.2,0,1306
2017-09-29,20.8,18.5,24.2,0,1987
2017-09-30,22.6,18,28.2,0,3102
2017-10-01,23.2,19.9,27,38.4,3985
2017-10-02,22.6,21.1,26.2,67.5,3729
2017-10-03,21.4,19.4,24,0.2,3393
2017-10-04,20.9,19.1,23.1,0,3419
2017-10-05,20.7,17.1,22.5,8.4,3598
2017-10-06,20.7,17,23.1,10.6,3392
2017-10-07,21.3,20.4,22.9,0,3156
2017-10-08,22.8,19.7,25.2,0,2545
2017-10-09,23.4,19.7,25.9,0,1736
2017-10-10,24.2,21.7,27.4,0,1186
2017-10-11,20.9,18.1,25.7,0,1096
2017-10-12,17.5,15.7,18.7,0.8,1160
2017-10-13,17.6,15.2,19.8,0,1579
2017-10-14,18.6,17.1,20.4,0.8,2090
2017-10-15,18.1,16,20.1,20,1852
2017-10-16,18,16.7,20.3,15.3,1453
2017-10-17,19.7,17.2,20.7,0,1361
2017-10-18,19.5,19,20.4,0,1404
2017-10-19,18.6,16.4,20.3,0,1665
2017-10-20,19.2,16,22.1,0,2116
2017-10-21,19.7,17.9,22,0,2692
2017-10-22,19.8,18.7,21.4,0,2273
2017-10-23,17.9,15.5,20.4,0,1450
2017-10-24,17.5,14.3,21,0,1371
2017-10-25,16.3,13.6,19.6,0,1522
2017-10-26,17.2,12.9,21,0,1583
2017-10-27,18.4,15.6,21,0,2030
2017-10-28,19.7,17.8,20.5,0,2496
2017-10-29,16.8,13.3,20.5,0,2022
2017-10-30,13.2,10.6,16.2,0,1523
2017-10-31,13.4,9.8,17.6,0,1361
2017-11-01,14.1,10.8,18.5,0,1475
2017-11-02,15.6,12.2,19.6,0,1774
2017-11-03,16.1,12.9,21.2,0,2215
2017-11-04,11.7,8.9,13.8,0,2375
2017-11-05,11.8,8.7,15.5,0,2193
2017-11-06,15.8,10.1,19.8,0,1669
2017-11-07,19.8,15.7,23.8,0.1,1692
2017-11-08,17,12.5,20.5,0,1707
2017-11-09,14.4,10.1,19,0,1815
2017-11-10,17.2,12.8,24.2,0,2180
2017-11-11,12.2,10.5,14.5,0,2495
2017-11-12,11.7,8,14.9,0,2201
2017-11-13,13.2,9.4,17.1,0,1565
2017-11-14,14.8,12.1,17.3,0,1489
2017-11-15,12.6,11.1,15.3,0,1649
2017-11-16,11,8.8,13.7,0,1823
2017-11-17,12.8,8.9,15.8,0.9,2109
2017-11-18,7.9,5.9,14.4,0.1,2392
2017-11-19,8,6.5,9.8,0,1929
2017-11-20,9.7,7.6,13.1,2.3,1447
2017-11-21,9.7,6,13.5,0,1219
2017-11-22,12.3,10.1,15.3,0.7,1282
2017-11-23,9.7,8.9,11.2,0,1500
2017-11-24,10.3,8.3,13,0,1962
2017-11-25,12,7.7,16.2,0,2266
2017-11-26,14.1,10.9,17.2,1.6,1737
2017-11-27,9.4,7.4,11.8,0,1307
2017-11-28,12.5,7,16.1,2.6,1134
2017-11-29,12.1,9.2,14.5,10.9,1152
2017-11-30,7.4,5,9.7,0,1289
2017-12-01,6,3.9,8.2,0,1583
2017-12-02,6.7,2.9,10.8,0,1966
2017-12-03,10,5.4,14.3,0,1570
2017-12-04,8.9,5.8,12.3,0,1310
2017-12-05,5.4,2.4,7.5,4.3,1153
2017-12-06,8.3,5.7,11.3,0.2,1179
2017-12-07,9.7,7.3,13.2,0.2,1372
2017-12-08,5.7,3.8,7.5,0,1697
2017-12-09,8.8,6.3,11.7,0,1975
2017-12-10,10.6,8.1,13.3,8.3,1617
2017-12-11,6.2,3.5,9.3,0.3,1345
2017-12-12,3.2,2.2,4.6,0,1207
2017-12-13,3.3,2.5,4.8,0,1209
2017-12-14,5.1,0.7,7.7,0,1399
2017-12-15,6.9,4.3,9.3,0,1882
2017-12-16,5.8,1.6,9.4,1.1,2123
2017-12-17,3.9,2.1,5.6,1,1909
2017-12-18,7.2,4.5,8.8,0,1410
2017-12-19,6.3,3.8,9.5,0,1392
2017-12-20,6.1,4.2,8.4,0.4,1353
2017-12-21,7.4,6.1,9.8,0,1460
2017-12-22,8.3,4.6,12.3,0,2031
2017-12-23,11.4,7.9,15.1,0,2976
2017-12-24,11.3,7.9,14.6,6.7,3199
2017-12-25,6,5.4,8,0,2479
2017-12-26,7,4.2,9.4,0,2054
2017-12-27,4,2.4,5.9,0,1876
2017-12-28,5.4,2.3,7.2,0,1980
2017-12-29,8.5,4,11.7,0,2338
2017-12-30,10.5,9.5,12.5,1.4,2722
2017-12-31,7.8,6.7,9.8,1.5,2743
2018-01-01,6.4,4,8.8,0,2371
2018-01-02,7,3,10.1,0,1660
2018-01-03,5,3.5,8.4,0,1614
2018-01-04,3.9,2.4,4.6,0.6,1672
2018-01-05,5.1,1.9,6.5,4.2,1706
2018-01-06,6.2,4.8,8.7,0,1862
2018-01-07,8.5,4.4,11.5,3.6,1750
2018-01-08,8.7,6.1,11.3,4.1,1623
2018-01-09,4.9,2.8,7,0.4,1460
2018-01-10,2.4,-0.5,5.9,3.4,1354
2018-01-11,0,-2.2,1.7,8.3,899
2018-01-12,0.7,-2.3,2.3,1.8,1189
2018-01-13,4.5,1.4,6.9,0,1979
2018-01-14,7.8,3.1,12.9,0,1831
2018-01-15,10.8,7.8,14.4,0,1614
2018-01-16,12.1,8.7,14.4,16.5,1661
2018-01-17,9.5,8.5,11.5,3.8,1547
2018-01-18,8.9,6.3,10.8,0,1849
2018-01-19,6.8,4.3,9.4,0,1914
2018-01-20,6.1,2.8,9.9,0,2284
2018-01-21,8.5,3.9,11.4,0,2154
2018-01-22,9,7.1,10.9,0.7,1723
2018-01-23,2.1,0,7.6,0.3,1624
2018-01-24,-1.2,-2.4,1.2,4.5,1523
2018-01-25,-1.9,-2.6,-1.2,0,1789
2018-01-26,-1.3,-2.1,-0.4,0.1,1984
2018-01-27,0.9,-1.6,3.6,0,2363
2018-01-28,2.6,0.5,4.6,2,2095
2018-01-29,1.8,-0.1,4,1.7,1618
2018-01-30,2.2,-0.2,4.1,1.5,1341
2018-01-31,3.8,2.1,5,0.5,1346
2018-02-01,4.5,3.2,6.8,0,1519
2018-02-02,3.8,1.6,6.1,0,1757
2018-02-03,1.4,-0.7,4.9,1.1,1815
2018-02-04,-0.4,-2.3,0.8,5.9,1323
2018-02-05,0.2,-1.7,2.6,3.5,1147
2018-02-06,-0.6,-2.5,0.8,5.7,837
2018-02-07,0.6,-1.3,1.9,1.7,1024
2018-02-08,2.5,-0.7,6.8,3.1,1130
2018-02-09,6,1.4,11.2,0,1518
2018-02-10,5.8,2.7,7.9,2.2,1866
2018-02-11,2.5,1,5.4,0.8,1548
2018-02-12,2.7,-0.1,4.1,0,1157
2018-02-13,4.9,2.7,8.3,0,1040
2018-02-14,9.8,2.5,15.4,0,1096
2018-02-15,7.1,4.6,10.5,0,1407
2018-02-16,6.1,3.9,9.7,0,1663
2018-02-17,4.4,2.8,7.5,0,1602
2018-02-18,6.7,1.7,10.2,0.9,1264
2018-02-19,8.3,5.5,10.5,2.1,1115
2018-02-20,8.4,4.6,11.9,0,1334
2018-02-21,5.5,4.2,7.5,0,1713
2018-02-22,5,3.2,7.6,0,1953
2018-02-23,8.7,3.3,13.1,0,2256
2018-02-24,9.4,5.3,13.3,0,2456
2018-02-25,9.8,6.7,13.2,0,2320
2018-02-26,8.1,4.2,11.9,0,1997
2018-02-27,10.6,5.8,15,0,2036
2018-02-28,11,6.9,17.5,59.6,2246
2018-03-01,6.8,3.3,10.5,0,2876
2018-03-02,5.7,2.8,9.1,0,2916
2018-03-03,12,6,19.2,0,2980
2018-03-04,17.2,10.9,23.2,0.8,1955
2018-03-05,10.4,8.2,21.7,3.9,1429
2018-03-06,9.6,8.2,11.3,0,1408
2018-03-07,10,8.4,11.6,30.1,1336
2018-03-08,6.8,5.1,8.6,18.2,1451
2018-03-09,5.6,4.2,7.8,0,1845
2018-03-10,8.1,4.3,11.5,0,2377
2018-03-11,8.7,5.1,12.1,0,2097
2018-03-12,11.2,7,15.3,0,1463
2018-03-13,14.7,9.6,19.2,0,1490
2018-03-14,16.9,12.5,20.3,0,1449
2018-03-15,17.1,12,21.7,16,1836
2018-03-16,9.5,8.8,12.1,1.9,2151
2018-03-17,10,7.3,13.8,0,2745
2018-03-18,15.2,7.8,22.3,3.1,2193
2018-03-19,12.6,10.1,16.2,8.7,1618
2018-03-20,8.3,6.5,10.2,14.1,1412
2018-03-21,5.4,4.2,6.6,21.2,1463
2018-03-22,7.3,5.3,10.4,0,1863
2018-03-23,8.6,4.6,11.9,0,2245
2018-03-24,12.2,7.7,16.5,0,2651
2018-03-25,13.2,9.6,16.9,0,2311
2018-03-26,13.7,9.7,17,0,1727
2018-03-27,14.8,10.3,19.1,0,1678
2018-03-28,15.1,9.5,19.1,0,1674
2018-03-29,15.6,12,19.3,0,1904
2018-03-30,15.5,13.5,18.9,0,2318
2018-03-31,17,13.3,21,0,2672
2018-04-01,18,15.2,21.3,0,2279
2018-04-02,18,15.3,21.3,0,1736
2018-04-03,17.7,15.3,21.5,0,1641
2018-04-04,17.6,15.8,20.6,0.2,1709
2018-04-05,17.9,14.4,21.3,0,2394
2018-04-06,11,8.1,18.2,20,2938
2018-04-07,7.8,5.3,9.8,0,2919
2018-04-08,12.5,7,16.4,0,2656
2018-04-09,14.3,12.6,16.3,0,1964
2018-04-10,18.8,12.5,22.3,0,1719
2018-04-11,17.2,13.6,21.2,0,1957
2018-04-12,17,13.1,23.5,0,2369
2018-04-13,16.4,14.3,19.5,0,2983
2018-04-14,15.2,10.2,22.9,3.7,3301
2018-04-15,11.9,9.6,15.7,0,2905
2018-04-16,12.2,8.5,14.6,0,2200
2018-04-17,14.5,12.3,16.6,0,1909
2018-04-18,13.6,10.7,17.3,0,2058
2018-04-19,15.2,9.2,20.3,0,2484
2018-04-20,16.6,12.1,20.3,0,2835
2018-04-21,17.4,13.2,19.5,0,3188
2018-04-22,20.4,17.3,25.2,5.2,2916
2018-04-23,18.5,16.1,21.8,41.8,2086
2018-04-24,14.7,13.6,16.4,38.7,1964
2018-04-25,14.6,12.6,17.8,1.7,2138
2018-04-26,15.5,12.1,19.4,0,2511
2018-04-27,16.6,13.5,21.2,0,3050
2018-04-28,16.4,13.1,19.3,0,3567
2018-04-29,17.3,14.4,19.3,0,3774
2018-04-30,20.7,17.4,26.1,1.2,3038
2018-05-01,20.7,16.5,26,0,2279
2018-05-02,17.6,13.4,24.5,0.3,1880
2018-05-03,15.2,12.7,19,0,2284
2018-05-04,16.2,12.3,20.3,0,3034
2018-05-05,19.6,13.7,22.7,0,3773
2018-05-06,20.3,17.2,23.6,21.4,3374
2018-05-07,16.8,15.5,18.1,17.2,2431
2018-05-08,16,14.2,18.3,0,1573
2018-05-09,15.7,13.8,18.1,0,1510
2018-05-10,15.9,13.9,18.3,0,1920
2018-05-11,17.9,12,22.8,0,2684
2018-05-12,22.2,18.4,24.4,1.3,3015
2018-05-13,17.1,14.9,21.7,41.8,2541
2018-05-14,19,14.9,23.2,0,2039
2018-05-15,21.8,17.9,26.3,0,1790
2018-05-16,24.8,21.3,31.1,0,1832
2018-05-17,25.7,22.1,30.1,0,2192
2018-05-18,21.8,16.3,27.8,2.4,3137
2018-05-19,16.6,15.5,17.9,0,4357
2018-05-20,16.5,15.1,18.6,0.7,4162
2018-05-21,17.7,15.7,20.3,0,3403
2018-05-22,20.7,16.8,26.4,2.7,2487
2018-05-23,17.8,16.1,22.7,4.1,1977
2018-05-24,19.2,14.1,24.4,0,2199
2018-05-25,19.9,18,24,0,2480
2018-05-26,18.4,14.8,23.9,2.9,3160
2018-05-27,19.3,16.7,23,0.1,2605
2018-05-28,20.1,17.7,24,3.9,2129
2018-05-29,21,19.1,26.8,0,1998
2018-05-30,21.1,18.6,24.6,0,1855
2018-05-31,18.8,16.8,21.8,0,2126
2018-06-01,20.1,16.2,23.2,0,2556
2018-06-02,22.1,19.2,25.5,0,3376
2018-06-03,21.6,20.3,24.1,0,3438
2018-06-04,22.8,19.5,26.7,0,3094
2018-06-05,19.8,19.1,22.9,28.5,3220
2018-06-06,20.7,18.8,23.8,0,3421
2018-06-07,21.3,18.9,24.4,0,3274
2018-06-08,20.9,18.9,24.6,0,3515
2018-06-09,22.2,18.9,26.9,0,3791
2018-06-10,19.9,18.4,21.1,2.1,3463
2018-06-11,19.4,18,22.4,23.9,3083
2018-06-12,21.1,18.7,24.5,3.1,3111
2018-06-13,21.9,17.7,28.8,0,3524
2018-06-14,22.1,19.5,25.6,0,3379
2018-06-15,21.1,19,23.8,0,3463
2018-06-16,20.3,18.3,23,0,3456
2018-06-17,20.8,18.9,24.5,0,3103
2018-06-18,22,19.5,24.1,0,2569
2018-06-19,22,19.7,24.3,31.3,2532
2018-06-20,21.9,19.7,25.3,1,2611
2018-06-21,22.7,20.2,26.8,0,2922
2018-06-22,22.8,20.1,25.6,0.3,3171
2018-06-23,22.7,19.8,25.1,1.4,3607
2018-06-24,23.9,20.6,27,0,3199
2018-06-25,24,20.6,27.5,0,2549
2018-06-26,28.2,23.6,32.3,0,2303
2018-06-27,26.3,24.3,29,17.3,2322
2018-06-28,25.7,23.4,28.5,44,2448
2018-06-29,25.2,23.2,28.9,10.4,2408
2018-06-30,24,22,26.8,47.8,2662
2018-07-01,27.3,22.7,30.4,7.5,1977
2018-07-02,27.3,24.1,31.4,0,1799
2018-07-03,24.1,22.8,25.5,1.6,1844
2018-07-04,26,24.2,29.8,0,2252
2018-07-05,24.8,23.6,26.5,0,2355
2018-07-06,22.7,21.7,24,38.1,2909
2018-07-07,21.3,19.9,22.3,0,3472
2018-07-08,20.9,19.6,22.5,1.3,3067
2018-07-09,24.6,21.1,28.5,0.1,2627
2018-07-10,28.3,24.7,33.1,0,2760
2018-07-11,30,27.4,35,0,2966
2018-07-12,28,26,30.4,0,3260
2018-07-13,26.7,25.2,29.2,0,3536
2018-07-14,26.9,24.8,29.5,0,4195
2018-07-15,27,24.4,29.8,0,3769
2018-07-16,27,24.5,29.5,0,3307
2018-07-17,27.3,24.8,30.1,0,3109
2018-07-18,27.7,24.6,30.6,0,3211
2018-07-19,27.8,24.7,31,0,3009
2018-07-20,28.8,25.8,31.6,0,3346
2018-07-21,28.9,25,33.9,0,3891
2018-07-22,29.2,28.2,30.8,0.1,3187
2018-07-23,29.9,27,34.1,0,2974
2018-07-24,29.2,27.5,31.7,0,2644
2018-07-25,29.1,27.5,31.9,0,2888
2018-07-26,29.1,27.5,31.8,0,3112
2018-07-27,29.3,27.1,32.5,0,3400
2018-07-28,29.1,27.4,31.1,0,4205
2018-07-29,29.4,27.2,32.5,0,4385
2018-07-30,28.9,27.6,31.1,0,4585
2018-07-31,28.7,25.8,31.6,0,4559
2018-08-01,29.2,26.3,32.3,0,5110
2018-08-02,29,26.7,32.1,0,4859
2018-08-03,30,28.1,34.1,0.9,4684
2018-08-04,29.5,27.8,32,0,4838
2018-08-05,29.9,27.4,33.3,0,4447
2018-08-06,30.1,28.1,32.8,0,4342
2018-08-07,29.7,27.9,31.9,0,3955
2018-08-08,29.3,26.9,31.8,0,3982
2018-08-09,29.6,27.5,32.6,0,3825
2018-08-10,29.9,27.5,33.2,0,4114
2018-08-11,28.8,27.8,32.4,0,4702
2018-08-12,29.8,26.1,33.3,41.1,3924
2018-08-13,31.1,28.7,34.4,0.2,4561
2018-08-14,31.2,28.6,35.3,0,4135
2018-08-15,29.7,27.8,33.5,1.4,4459
2018-08-16,27.5,25.2,28.8,12.7,4131
2018-08-17,26.2,24.4,28.4,8,4084
2018-08-18,26.7,24.4,30.7,0,4343
2018-08-19,28.3,24.8,33.2,0,4012
2018-08-20,29.2,27,32.8,0,3649
2018-08-21,28.1,24.8,30.6,0,3473
2018-08-22,27.8,25.9,30.5,36.9,2832
2018-08-23,26.5,25.6,29.2,265.4,2086
2018-08-24,27.2,24.9,30,0,2838
2018-08-25,26.4,24.7,31.2,1.4,3615
2018-08-26,28.3,26,31.8,8.5,3302
2018-08-27,28.4,26.1,32,0,3614
2018-08-28,27.8,25.9,30.4,0,3517
2018-08-29,28.5,25.1,33.9,0,3347
2018-08-30,28.9,25.8,34.5,0,3431
2018-08-31,30,25.6,33.3,0,3409
2018-09-01,25.8,23.3,28.9,9.5,3522
2018-09-02,24.9,22.7,29.2,1.1,3420
2018-09-03,27,24.1,31.2,0.5,3116
2018-09-04,26.2,23.5,29.1,7.1,2850
2018-09-05,26.6,23.2,30.8,0,3043
2018-09-06,26.2,24.5,29.2,0,3059
2018-09-07,24.3,21,27.4,11.8,3343
2018-09-08,22.3,19.4,24.9,0,3465
2018-09-09,23,19.1,26.3,0,3326
2018-09-10,23,20.2,26.2,0,2865
2018-09-11,22.3,21.4,23.8,0.2,2603
2018-09-12,23,21.4,24.8,0.2,2422
2018-09-13,23.5,21.6,24.3,139.3,2660
2018-09-14,25.3,23,27.8,0,3051
2018-09-15,25.2,23.5,28,0.4,3568
2018-09-16,25.5,23,28.5,0,2789
2018-09-17,24.6,23.4,28.3,0.1,2277
2018-09-18,25,23.4,28.1,0,2008
2018-09-19,23.3,21.3,25.4,0,1584
2018-09-20,25.2,22.3,27.7,11.6,1465
2018-09-21,24.5,23.4,28.2,2.9,1853
2018-09-22,24.2,22.3,27.6,0,2609
2018-09-23,24.4,21.2,29.6,0,2923
2018-09-24,21.9,19.2,23.7,0,2992
2018-09-25,21.5,19.3,24.1,0,2866
2018-09-26,22.2,20.8,24.9,0,2830
2018-09-27,21.2,18.5,23.6,0,2721
2018-09-28,21.7,19.4,24.3,0,2738
2018-09-29,20.7,18.5,22.3,3,2884
2018-09-30,21.9,20.2,25.2,0,2844
2018-10-01,21.3,19.7,23.5,0,2599
2018-10-02,20.7,17.6,23.6,0,2501
2018-10-03,19.2,16.5,22.3,0,2597
2018-10-04,20.4,17.8,21.9,3.4,2403
2018-10-05,21.6,20.6,24.5,310,1900
2018-10-06,21.1,19.6,24.7,27.4,2325
2018-10-07,20.6,17.9,23.9,0,2995
2018-10-08,19.2,16.6,22.3,0,3219
2018-10-09,20.3,17.5,22.3,0,3126
2018-10-10,18.3,16.3,20.5,0,2701
2018-10-11,16.3,15.1,18.5,0,2771
2018-10-12,15.6,13.2,18,0,3077
2018-10-13,15.4,11.8,19,0,3427
2018-10-14,17.6,13.2,20.4,0,3334
2018-10-15,18.7,16.2,20.6,0,2644
2018-10-16,16.1,14,19.3,3.2,2521
2018-10-17,16.8,13.1,20.6,0,2351
2018-10-18,16.6,15.2,19.3,0,2627
2018-10-19,16.1,12.9,19.5,0,3276
2018-10-20,16.3,12.5,20.5,0,3592
2018-10-21,17.1,13.7,20.7,0,3283
2018-10-22,17.4,14.5,20.6,0.3,2336
2018-10-23,18.5,16.4,21.9,0,2046
2018-10-24,16.8,13.8,19.7,0,1980
2018-10-25,17.4,11.6,22.8,0,2176
2018-10-26,18.5,16.3,21.8,2.7,2815
2018-10-27,15.6,14.5,17.9,0,3275
2018-10-28,17.5,13.1,21.1,0,2905
2018-10-29,18,15.2,22,0,2070
2018-10-30,14.8,13.2,17.4,0,1934
2018-10-31,14.1,11.6,18,0,1900
2018-11-01,13.4,11.2,16.3,0,2280
2018-11-02,14.4,9.6,18.5,0,2633
2018-11-03,15.2,11.4,18.5,0,2978
2018-11-04,15.2,12.3,19.6,0,2585
2018-11-05,15,10.5,18.8,0,2139
2018-11-06,16.5,12.9,19.9,0,1970
2018-11-07,17.4,16.1,18.8,1.5,2057
2018-11-08,17.7,15.1,20.5,18.5,2286
2018-11-09,14.6,11.3,17.2,0,2608
2018-11-10,13.6,9.7,17.8,0,3244
2018-11-11,14.6,10.5,18.3,2.4,2819
2018-11-12,13.8,13,15.5,2.2,2208
2018-11-13,13.8,12.5,16.3,0,2083
2018-11-14,13.3,10.2,16.3,0,2046
2018-11-15,16,11.2,20.1,0,2331
2018-11-16,14.9,13.5,17.4,3.6,2674
2018-11-17,12.6,9.7,15.4,0,3314
2018-11-18,12.3,9.6,15.1,0,2578
2018-11-19,13.2,11.8,15.7,0,1993
2018-11-20,12.6,10.1,15.6,0,1884
2018-11-21,13.3,9.9,16.7,0.4,1845
2018-11-22,10.2,8.4,13.5,0,2173
2018-11-23,10,7.3,12.3,0,2583
2018-11-24,14,8.8,19.2,0,3118
2018-11-25,13,10.6,16,0,2626
2018-11-26,14.5,10.4,18.2,0,1881
2018-11-27,13.8,11.5,17,0,1792
2018-11-28,13,10,16.3,0,1711
2018-11-29,12.8,8.5,17.8,0,1988
2018-11-30,13.1,10,16.9,0,2400
2018-12-01,13.7,11.3,16.3,0,2780
2018-12-02,17.6,13.6,20.5,1.6,2225
2018-12-03,18.9,17.1,22.9,2.9,1676
2018-12-04,13.8,10.8,17.6,17.5,1543
2018-12-05,9.9,8,11.7,0,1543
2018-12-06,9.5,8.1,12.6,11.6,1983
2018-12-07,4.8,2.7,10.3,0,2332
2018-12-08,4.2,2.6,6.6,0,2676
2018-12-09,3.9,2.8,4.8,0,2176
2018-12-10,7.6,4.7,10.2,0,1846
2018-12-11,9,7.2,10.1,20,1657
2018-12-12,6.5,5.8,9.1,0.2,1689
2018-12-13,8,6,9.7,0,1873
2018-12-14,5.6,4.4,7,0,2345
2018-12-15,6,2,9.6,0,2930
2018-12-16,9.1,6.5,10.8,7.1,2471
2018-12-17,10.3,9.7,11.8,0,2090
2018-12-18,9.7,8,12,0,1994
2018-12-19,13.9,8.5,18,0,1870
2018-12-20,12.5,11.7,16.1,21.8,2159
2018-12-21,14.6,12.7,16.8,0,2394
2018-12-22,13,11.5,16.2,3,4003
2018-12-23,9.6,7.4,12.2,8,3887
2018-12-24,6.4,4.6,9,0,3850
2018-12-25,7.8,3.8,10.8,0,3141
2018-12-26,8.5,6.8,9.7,0.4,2953
2018-12-27,2.5,1.4,6.8,0,3059
2018-12-28,1.9,0.2,3.2,1.8,3109
2018-12-29,3.1,1.7,4.1,0.1,3817
2018-12-30,3.1,1.9,4.1,0,3932
2018-12-31,4.6,3.5,5.8,0,3751
2019-01-01,5.6,4.8,7,0,3254
2019-01-02,5.1,4.5,6.1,0,2545
2019-01-03,5.1,3.5,8,0,2434
2019-01-04,5.8,2.6,10,1.6,2630
2019-01-05,7,5.2,9,0,2873
2019-01-06,5.7,4.5,7.7,0,2295
2019-01-07,5.9,3.1,8.8,0,2122
2019-01-08,6.6,4.5,8.8,0,2258
2019-01-09,4.5,2.2,5.8,0,2283
2019-01-10,6.9,5.6,7.8,0,2432
2019-01-11,7.9,5.9,9.4,1.7,2768
2019-01-12,8.9,8.1,10.9,2,3254
2019-01-13,7.9,6.6,10,0,2930
2019-01-14,7.3,5.5,9.7,0,2544
2019-01-15,7,3.6,9.9,0,2500
2019-01-16,3.1,2,4,0,2667
2019-01-17,5.6,3.9,6.5,0,2777
2019-01-18,6.4,3.9,9.8,0,3039
2019-01-19,8.9,3.6,12.6,1,3424
2019-01-20,6.7,3.9,11.6,0,3080
2019-01-21,6.2,3.9,8.1,0,2434
2019-01-22,8.3,5.8,10.9,0,2507
2019-01-23,8.6,6.7,11.9,0,2520
2019-01-24,6.2,3.4,9.6,0,2698
2019-01-25,5.7,3.6,10.1,0,2998
2019-01-26,4.3,2.9,5.8,0,3399
2019-01-27,5.6,2.4,8.5,0,3072
2019-01-28,7.7,4.8,10.8,0,2462
2019-01-29,6.3,2.8,9.2,0,2357
2019-01-30,8.2,6.8,10.1,0,1983
2019-01-31,4.9,3.3,8.2,17.9,1826
2019-02-01,5,3.4,6.8,0,2336
2019-02-02,9.3,5,12,0,3080
2019-02-03,13.3,8.6,18.4,9.8,3135
2019-02-04,6.9,4.9,9.5,0,2569
2019-02-05,9.3,4,13.6,0,2177
2019-02-06,11.8,9.1,15.5,0,2468
2019-02-07,6.5,1.9,12.1,3.8,2706
2019-02-08,3.4,1.5,5.6,0,2948
2019-02-09,3,1.5,4.7,0,3199
2019-02-10,3.1,2,4.9,0,2799
2019-02-11,3.7,2.9,4.7,0,2592
2019-02-12,5.7,1,8.7,0,2649
2019-02-13,6.8,5.2,8.7,0,2839
2019-02-14,5.6,4.2,8,0,2959
2019-02-15,6.4,4.3,7.7,0,3282
2019-02-16,4.2,3.1,7,0,3751
2019-02-17,4.4,3.1,6.9,0,3265
2019-02-18,7.1,2.9,9.8,2.1,2709
2019-02-19,9.3,6.4,13,15.9,2799
2019-02-20,6.9,4.8,9.4,0,2766
2019-02-21,7.1,5.6,8.7,0,2852
2019-02-22,8.3,6.5,10.9,1.6,3384
2019-02-23,9.3,4.2,13.7,0,3853
2019-02-24,11,8.6,14.1,0,3456
2019-02-25,9.4,7.3,13.1,0,2919
2019-02-26,8.9,5.3,12.2,0,3077
2019-02-27,10.9,9.4,11.9,4.6,3590
2019-02-28,10.4,8,13.2,0.1,3697
2019-03-01,9.4,6.4,12.3,0,3898
2019-03-02,11,7.3,14.3,0.4,3757
2019-03-03,11.8,10.5,13.3,5.9,2903
2019-03-04,10,8.4,12.2,2,2178
2019-03-05,10.7,6.2,13.4,0,2063
2019-03-06,10.4,8.4,13.8,11.3,2153
2019-03-07,8.3,7.3,10.4,0,2344
2019-03-08,8.5,3.7,12.3,0,2623
2019-03-09,11.6,6.5,16.6,9,3403
2019-03-10,10.7,8.9,13.1,22.1,3069
2019-03-11,10,6.9,13.6,1.2,2286
2019-03-12,10.7,6.1,16,0,2263
2019-03-13,8.4,5.1,11.7,0,2133
2019-03-14,10,7,14,0,2575
2019-03-15,10.2,6.2,15.8,0,2988
2019-03-16,10.1,6,14.1,0,3676
2019-03-17,11.2,8,14.1,0,2868
2019-03-18,10.7,6.9,14.2,1.9,2333
2019-03-19,12.3,9.2,16.1,0,2161
2019-03-20,16.3,9.9,21.2,1.7,2177
2019-03-21,10.7,7.3,20,0,2551
2019-03-22,7.8,6.4,10.6,0,3224
2019-03-23,8.5,6.2,11.8,0,3700
2019-03-24,7.5,3.6,11,0,3255
2019-03-25,9.9,6.4,13.2,0,2504
2019-03-26,14.2,10.1,16.7,0,2294
2019-03-27,16.4,10.3,22,0,2328
2019-03-28,14.6,12.8,16.9,0,2738
2019-03-29,13.9,12.2,17,0,3252
2019-03-30,11,7.9,14.6,0,3865
2019-03-31,8.4,7.1,11.4,0,3377
2019-04-01,10.5,7.1,13.2,0,2451
2019-04-02,10.6,8.6,14,0,2218
2019-04-03,10.5,6.6,14.4,0,2378
2019-04-04,11.3,6.2,14.6,0,2747
2019-04-05,14.5,11.9,18.2,0,3583
2019-04-06,15,11,20.8,0,4088
2019-04-07,16.4,13,21.4,2.7,3410
2019-04-08,14.8,11.7,18.1,0,2602
2019-04-09,15,14.1,17.4,6,2363
2019-04-10,10.4,9.6,14.2,6.7,2324
2019-04-11,11.6,9.7,13.8,0,2964
2019-04-12,12.7,9.2,16.6,0,3540
2019-04-13,13.7,9.4,17.7,0,4015
2019-04-14,13.6,10.6,17.1,0,3494
2019-04-15,13,8.7,17.1,0,2678
2019-04-16,16.8,10.7,25,0,2433
2019-04-17,15.8,13.6,18.6,0,2473
2019-04-18,16.7,12.3,22.1,0,2991
2019-04-19,16.8,14.3,21.6,0,3587
2019-04-20,17.1,14.5,20,0,4037
2019-04-21,18.5,15,23.1,0,3493
2019-04-22,19.3,16.6,24,0,2781
2019-04-23,19.1,17.3,22.5,18.7,2589
2019-04-24,18,15.7,21.2,0,2599
2019-04-25,15.8,14.1,17.9,0,3131
2019-04-26,12.2,11.3,15.9,0.3,3668
2019-04-27,14,11.7,17,0,4213
2019-04-28,15,12.1,17.5,0.1,3833
2019-04-29,16.1,14.5,20.3,10.5,3254
2019-04-30,15.6,14.5,17.6,1.4,3426
2019-05-01,14.7,12.4,18.6,0,3782
2019-05-02,17.2,12.8,21.5,0,4042
2019-05-03,18.9,16,21.9,0,4972
2019-05-04,19.2,14.7,23.3,0,5594
2019-05-05,19,16.4,22.2,0,4816
2019-05-06,15.9,13.4,19.2,0,3974
2019-05-07,15.6,12.3,19.5,0,2640
2019-05-08,16.3,11.9,19.6,0,2329
2019-05-09,17.4,14.7,20.3,0,2945
2019-05-10,17.6,14.3,21.4,0,3471
2019-05-11,18.5,15,23.4,0,4043
2019-05-12,18.7,15.7,21.5,0,3634
2019-05-13,20.1,17.4,23.7,0,2631
2019-05-14,20.5,18.6,23.2,0,2398
2019-05-15,21.2,16.9,26.6,0,2605
2019-05-16,23.2,18,28.3,0,3137
2019-05-17,21.2,18.4,26.3,12,4070
2019-05-18,20.6,17.4,23.3,19.6,4473
2019-05-19,21.4,18.8,26.3,0,3571
2019-05-20,17.3,14.9,19.8,0.8,2921
2019-05-21,19.2,14.5,23,0,2571
2019-05-22,23.4,19.5,27.6,0,2749
2019-05-23,26.2,22,31.3,0,3111
2019-05-24,28.4,23.8,33.1,0,3934
2019-05-25,23.3,20.4,27.2,0,4221
2019-05-26,23.1,20.3,25.4,0,3539
2019-05-27,20.7,15.8,25.5,9.8,2701
2019-05-28,18.9,15.5,21.7,0,2582
2019-05-29,22.3,18.7,27,0,2702
2019-05-30,21.7,18,25.9,0,2947
2019-05-31,17.9,15.6,21.4,0.6,3513
2019-06-01,19,15.9,22.4,0,4232
2019-06-02,20.1,17.9,24.6,0,4161
2019-06-03,20.9,17.9,24.5,0,3517
2019-06-04,22.8,19.4,29,0,3604
2019-06-05,22.5,19.2,26.1,0,4598
2019-06-06,23.6,19.1,28.1,13.3,5650
2019-06-07,19.6,18.2,25.3,0,5179
2019-06-08,19.9,17.5,23.2,0.2,5169
2019-06-09,20.2,17,23.2,0,4145
2019-06-10,20.2,17.5,24.8,0,3475
2019-06-11,20.2,18.4,22.9,0,3330
2019-06-12,19.9,17.6,22.9,0,3321
2019-06-13,21.9,17.6,28,0,3813
2019-06-14,19.4,17.4,21.4,43.5,4436
2019-06-15,20.1,18.2,22.5,0.3,4801
2019-06-16,20.6,18.6,23.3,0,4265
2019-06-17,20.8,17.8,23.3,0,3529
2019-06-18,21.6,20.5,23.3,1,3399
2019-06-19,21.7,19.4,24.4,0,3364
2019-06-20,22,19.8,24.4,0,3801
2019-06-21,22.6,20.3,26.4,0,4114
2019-06-22,22.1,19.7,25.5,0,4608
2019-06-23,21.1,19.3,25.6,0,4308
2019-06-24,21.6,18.8,24.4,0,3652
2019-06-25,24.2,19.1,28.9,0,3319
2019-06-26,22.1,19.8,25.9,85.1,3268
2019-06-27,23.1,21.9,25.9,0,3395
2019-06-28,23.5,21,25.8,0,3630
2019-06-29,25.2,22.6,29.8,2,3736
2019-06-30,23.4,21.4,26.9,0.4,3371
2019-07-01,23.4,22.3,25.6,1.9,3138
2019-07-02,23.3,21.8,25.7,0,3209
2019-07-03,22.6,21.6,24.9,0,3414
2019-07-04,22.3,20.4,25.9,0,3692
2019-07-05,23.9,21.6,28.7,0,4127
2019-07-06,23.8,20.8,27.2,0,4723
2019-07-07,23.3,22.2,26.4,0,4020
2019-07-08,21.8,20.6,22.7,3.7,3488
2019-07-09,22,20.9,23.6,2.2,3362
2019-07-10,21.4,20.5,22,104.7,3371
2019-07-11,23.2,20.6,26.7,1.2,3931
2019-07-12,23.3,21.7,25.8,0.4,4300
2019-07-13,21.6,20.4,22.9,13.4,4710
2019-07-14,24.2,21.5,27.1,0,4629
2019-07-15,24.2,22.2,26.5,0,4095
2019-07-16,24.8,22.2,27.2,0,3704
2019-07-17,25,22.9,28,6.8,3800
2019-07-18,24.2,22.9,25.9,21.3,3794
2019-07-19,24.1,22.3,26.2,187.7,3816
2019-07-20,25.7,24.6,28.2,43.8,3767
2019-07-21,27.3,24.8,30.7,0,4169
2019-07-22,27.1,23.8,32.7,108.3,4299
2019-07-23,27.6,24.3,30.3,0,4280
2019-07-24,27.9,25.7,30.9,0,4251
2019-07-25,27.9,25.9,31.1,0,4372
2019-07-26,27.8,25.3,31.2,0,4560
2019-07-27,28.1,26.5,31,14.7,5475
2019-07-28,29.3,27,31.8,0,5454
2019-07-29,28.7,26.1,31.3,0,5759
2019-07-30,30.4,27.3,35.4,0,5501
2019-07-31,29.5,27.9,32.3,0,5960
2019-08-01,29.2,26.9,32.1,0,6519
2019-08-02,28.8,26.7,31.2,0,6269
2019-08-03,29,25.4,31.7,0,6486
2019-08-04,27.9,25.9,30.2,0,6411
2019-08-05,27.8,24.9,30.9,0,6244
2019-08-06,28.8,26.2,32.2,0,6018
2019-08-07,29.6,26.6,34.2,0,5695
2019-08-08,31.1,27.7,34.7,0,5700
2019-08-09,30.1,27.7,33.3,0,5454
2019-08-10,29.5,28.8,30.9,0,5515
2019-08-11,28.7,27.7,30.5,25,4914
2019-08-12,29.7,27.2,33.9,12,5028
2019-08-13,29.2,26.8,31.2,0,5272
2019-08-14,28.6,26.8,31.6,1.2,5590
2019-08-15,27.1,26.4,27.9,0,6051
2019-08-16,27.7,25.7,30.9,4.5,6051
2019-08-17,28.8,25.7,32.6,0,6028
2019-08-18,27.2,25.9,29.7,0,5522
2019-08-19,26.3,24.6,29.1,0,4979
2019-08-20,27.1,25.7,30.1,0.1,4839
2019-08-21,28.1,25.3,31.6,3.4,4908
2019-08-22,28.5,25.8,31.8,6.3,4834
2019-08-23,27.4,26.2,30.7,0,4912
2019-08-24,27,25.2,28.8,0,5306
2019-08-25,25.5,23.3,27.7,0.1,5194
2019-08-26,25.9,23.5,28.3,0.3,5126
2019-08-27,26.9,24.5,31,87.2,4872
2019-08-28,24.8,23,27,33.3,4685
2019-08-29,23.3,21.3,25.4,68.9,4598
2019-08-30,25.5,22.2,28.8,0,4896
2019-08-31,24.9,20.8,28.2,0,4722
2019-09-01,23.3,20.6,26.3,26.1,4490
2019-09-02,24.1,21.9,26.6,25.7,3637
2019-09-03,24.8,22.4,26.7,13.9,3310
2019-09-04,24.7,23.7,27.9,43,3044
2019-09-05,26.2,23.4,30.4,7,2887
2019-09-06,26.8,25.1,28.6,68.8,2536
2019-09-07,27.6,24.9,30.3,34.3,2204
2019-09-08,24.5,23.4,26.3,19,2926
2019-09-09,26.2,23.7,29,24.7,2720
2019-09-10,27,24,29.4,0,2736
2019-09-11,26,24.1,29.3,5,2886
2019-09-12,24.1,23,25.1,0.6,3608
2019-09-13,24,22.1,26.7,0,3936
2019-09-14,24.3,21.7,26.9,0,3731
2019-09-15,24.6,22.9,26.9,0,3185
2019-09-16,24.6,23.6,27,0,2962
2019-09-17,23.8,22,25.8,0,3069
2019-09-18,23.3,20.6,27.6,0,3321
2019-09-19,22.8,19.3,25.9,0,3980
2019-09-20,22.5,19.9,25,0,4141
2019-09-21,20.5,19.1,21.7,156,3587
2019-09-22,20.4,19.1,21.7,126.2,2982
2019-09-23,21,18.4,24.5,0,3097
2019-09-24,20.4,16.7,25.2,0,3537
2019-09-25,21.8,18.3,25.2,0,3915
2019-09-26,23.8,21.3,27.7,1,4015
2019-09-27,23.8,22.7,25.7,36,4528
2019-09-28,24.1,23.1,25.6,0.7,4845
2019-09-29,24.1,22.9,26.3,0,4344
2019-09-30,23.6,22,26.8,22.6,3464
2019-10-01,23.4,20.5,26.4,36.3,3158
2019-10-02,24.8,20.6,27.3,136.2,3156
2019-10-03,23.4,21.9,26.2,0.2,4000
2019-10-04,23.1,21.2,26.1,0,5075
2019-10-05,20.8,18.4,23.2,0,6247
2019-10-06,20.8,17,24.6,1,5615
2019-10-07,21.8,20.2,23.6,0,4845
2019-10-08,20.5,17.4,24,0,4762
2019-10-09,17.6,14.2,21.5,0,5250
2019-10-10,19,14,23.1,0,4997
2019-10-11,21,17.1,23.9,0,5057
2019-10-12,21.4,18.7,24.8,0,5073
2019-10-13,19.7,17.1,22.8,0,4603
2019-10-14,19.3,16.7,23.2,0,3864
2019-10-15,17.4,15.2,19.1,3.2,3748
2019-10-16,18.1,15.8,21.3,0,3724
2019-10-17,19.3,16.2,21.8,0,3819
2019-10-18,19.1,18.1,20.5,8.3,4624
2019-10-19,19.8,17.7,22.7,0,5062
2019-10-20,19.1,15.4,21.8,0,4856
2019-10-21,19.9,17.4,22.9,0,3642
2019-10-22,20.8,18.6,22.5,0.5,3329
2019-10-23,20.3,19.2,21.8,0.6,3208
2019-10-24,20.1,18.4,22.3,2.3,3498
2019-10-25,20.1,16.8,23.5,0,4250
2019-10-26,16.5,15.5,19.4,0,4757
2019-10-27,16,13.7,18.7,0,4213
2019-10-28,15.7,11.9,19.2,0,3323
2019-10-29,17.9,15.2,20.8,0,3059
2019-10-30,16.3,13.7,19.5,0,3173
2019-10-31,16.5,12.1,20.7,0,3402
2019-11-01,18.3,15.6,22,0,4074
2019-11-02,18.6,15.6,22.7,0,4687
2019-11-03,17.5,15.2,20.4,0,4022
2019-11-04,17.3,13.5,20.6,0,3316
2019-11-05,17.3,14.6,20.3,0,3231
2019-11-06,15.8,12.3,19.4,0,3366
2019-11-07,15.9,13.4,19.3,0,3723
2019-11-08,13.8,12.4,17.3,0,4502
2019-11-09,14.4,11.9,18.1,0,4936
2019-11-10,15.5,10.3,19.7,2.9,4342
2019-11-11,17.1,15.3,19.5,0,3570
2019-11-12,14.7,12.1,17.9,0,3270
2019-11-13,15,11.8,18.3,1.7,3524
2019-11-14,11.2,7.9,14.5,0,4012
2019-11-15,12.1,7,17.2,0,4575
2019-11-16,16,10.6,21.3,0,4829
2019-11-17,20.1,14.9,24.3,0,4148
2019-11-18,13.7,11.2,22.7,6.1,3407
2019-11-19,10.6,9.9,12.3,0,3050
2019-11-20,9.9,7.8,12.5,0,3200
2019-11-21,13.1,7.8,17.1,0,3672
2019-11-22,17.1,13.5,21.8,0,4127
2019-11-23,18.1,14.5,21.7,0,4681
2019-11-24,17.3,13.7,19.5,4.7,3916
2019-11-25,10.1,9.2,13.9,0,3096
2019-11-26,13.5,9.7,15.3,8.2,2836
2019-11-27,11.1,9.3,14.8,3.8,3043
2019-11-28,10.8,8.8,14,0,3344
2019-11-29,9.7,6.9,12.6,0,3740
2019-11-30,12.5,6.9,18,0.1,4164
2019-12-01,12.5,11.1,15.1,18.9,3279
2019-12-02,9.9,7.4,11.8,0,2583
2019-12-03,9.5,7.5,10.8,0,2421
2019-12-04,11.3,10,14.1,0,2620
2019-12-05,8.7,5.7,11.5,0,3100
2019-12-06,4.2,3.2,5.8,0,3666
2019-12-07,7.5,4.3,9.5,0,4228
2019-12-08,8.7,6,10.2,0,3679
2019-12-09,10.7,5.9,15.2,0,3299
2019-12-10,13.3,8.5,18.7,0,2967
2019-12-11,12.9,9.6,18,0,3064
2019-12-12,8.3,5.4,10.3,0,3663
2019-12-13,8.6,4.6,12.9,0,4108
2019-12-14,10,6.9,12.7,0,4521
2019-12-15,12.5,6.9,17.4,0,4058
2019-12-16,14.9,12.2,18.2,0.1,3385
2019-12-17,14.1,10.9,17.6,7.3,3276
2019-12-18,8.8,7.4,10.9,0,3221
2019-12-19,7.8,7,9.4,0,3606
2019-12-20,8.4,6.9,11.1,0,3965
2019-12-21,8,5.6,10.1,0,4604
2019-12-22,9.6,6.8,11.6,1,4468
2019-12-23,9.4,6.7,12.4,0,4176
2019-12-24,9.2,7.3,11.9,0,4447
2019-12-25,11.4,7,15.1,0.1,5018
2019-12-26,9.9,6.7,13.1,9.4,5108
2019-12-27,6.7,5.7,7.3,0,5303
2019-12-28,7.7,6.1,9.7,0,5531
2019-12-29,11.8,7.1,16.4,11.4,5751
2019-12-30,11.5,6.3,13.6,0,5050
2019-12-31,2.9,1.8,6.4,0,4990
2020-01-01,5.2,2.4,7.3,0,5598
2020-01-02,8.1,5.5,9.2,0,4542
2020-01-03,8.8,6.4,11.4,0,4631
2020-01-04,7.9,5.1,11.4,0,4253
2020-01-05,8.5,4.3,11.1,0,3849
2020-01-06,14.5,10.1,18.9,0.3,3667
2020-01-07,19.2,12.8,23.6,12.4,3414
2020-01-08,8.1,6.9,13.2,1.4,3644
2020-01-09,7.3,6.7,8.2,0,3982
2020-01-10,8,4.3,11,0,4390
2020-01-11,8,6.9,9.1,0,4795
2020-01-12,7.5,6.7,8.5,0,4637
2020-01-13,7.1,6.1,8.8,0,4181
2020-01-14,4.8,3.4,6.2,4.6,4034
2020-01-15,5.6,4.6,7.2,0,4169
2020-01-16,6.3,4.6,8,0,4239
2020-01-17,6.9,6,9.2,0,4476
2020-01-18,7,6.2,9,0,5031
2020-01-19,8.6,5.9,10,0,4519
2020-01-20,8.4,7.1,10.9,0,3402
2020-01-21,7.4,4.9,10.5,0,2558
2020-01-22,11.4,8.6,13.5,25.8,2196
2020-01-23,11.2,10.5,13.6,0.7,2409
2020-01-24,11.3,9.5,12.7,0,3191
2020-01-25,11.9,10.6,14,1,3575
2020-01-26,11.6,10.6,13,10.1,3590
2020-01-27,9.8,8.1,11.5,60.3,2940
2020-01-28,9.9,9.1,11.1,0,2326
2020-01-29,9.6,8.5,11.3,0,2256
2020-01-30,8.3,7.5,10.2,0.1,2412
2020-01-31,7.2,5.9,8,0,2358
2020-02-01,8.2,4.5,10.9,0,2446
2020-02-02,7.7,6,10.7,0,2047
2020-02-03,6.9,5.1,9.3,0,1601
2020-02-04,5.6,2.6,8.2,0,1449
2020-02-05,3.4,1.2,7.7,0.7,1439
2020-02-06,3.3,0.8,5.4,0,1411
2020-02-07,6.4,4.8,8.9,0,1718
2020-02-08,6.9,4.7,9,0,2184
2020-02-09,6.6,4.9,8.9,0,1830
2020-02-10,10.6,6.1,14.1,0,1501
2020-02-11,11.2,6.7,15.1,0,1516
2020-02-12,13.3,11.1,16.7,1.1,1639
2020-02-13,12.3,11.1,14.9,0,1937
2020-02-14,13.6,11.1,16.4,0,2658
2020-02-15,16.2,12.2,21.6,0.8,3346
2020-02-16,5.4,3,12.5,7,2748
2020-02-17,2.6,0.8,4.2,2,2308
2020-02-18,4.9,0.5,7.8,0.1,2581
2020-02-19,6.6,2.2,10.7,0,2799
2020-02-20,10,6.7,13.2,0,3011
2020-02-21,12.4,6.4,16.9,0,3370
2020-02-22,10.8,7.6,14.3,0,3470
2020-02-23,7.8,5.9,11.1,0,2601
2020-02-24,11.5,5.4,15.8,0,1827
2020-02-25,16.6,11.5,21.8,0.1,1556
2020-02-26,11.4,8.4,12.7,0.1,1453
2020-02-27,10,6.8,13.4,0,1308
2020-02-28,10.4,8.7,11.6,3.7,1414
2020-02-29,11.6,10.9,12.2,14.2,1810
2020-03-01,11.2,8.1,12.7,4.2,1539
2020-03-02,8,6,10.4,0,1379
2020-03-03,10.7,6.2,15,0,1569
2020-03-04,8,5.2,10.6,0,1640
2020-03-05,6.1,4,9.6,0,1768
2020-03-06,7.4,2.5,11.9,0,1855
2020-03-07,10.3,8,11,8.1,1963
2020-03-08,12,7.3,15.4,0,1769
2020-03-09,13.1,11.3,14.6,25.3,1694
2020-03-10,9.6,7.7,13.4,21.5,1769
2020-03-11,8.4,5.5,11.1,0,2093
2020-03-12,9.4,3.8,13.7,0,2054
2020-03-13,11.2,8.2,14.5,0,2417
2020-03-14,8.4,5.9,10.6,0,2699
2020-03-15,11.1,6.8,15.3,0,2350
2020-03-16,7.3,4.6,10.6,0,2220
2020-03-17,13,6.2,19.8,0,2104
2020-03-18,14,10.1,16.7,0,2068
2020-03-19,13.9,9.9,21.2,0,2028
2020-03-20,12,7.2,16,0,2216
2020-03-21,17.4,9.9,22.8,0,2685
2020-03-22,14.4,11.3,18.5,1,2300
2020-03-23,12.7,9.3,16.3,0,2179
2020-03-24,12.6,8.8,15.8,0,1800
2020-03-25,16.3,10.8,20.9,0,1544
2020-03-26,17.9,15,23.2,17,1377
2020-03-27,12,8.4,19.9,0,1534
2020-03-28,9,7.1,9.9,3.9,1965
2020-03-29,11.2,6.6,14.4,0,1680
2020-03-30,13.5,11.7,15.9,0,1297
2020-03-31,13.9,11.3,17.2,0.6,1146
2020-04-01,11.6,8.4,15.4,3.4,1282
2020-04-02,11.8,8.7,14.7,0,1541
2020-04-03,12.8,10.9,16.3,0,1756
2020-04-04,11.6,7.6,16.9,0,2087
2020-04-05,9.7,7.4,13.4,0,1690
2020-04-06,10.7,6,14.3,0,1263
2020-04-07,13.4,8.9,17.9,0,1325
2020-04-08,12.9,10.5,16.8,0,1314
2020-04-09,12.1,8.8,15.3,0,1352
2020-04-10,12.9,9.9,15.9,0,1586
2020-04-11,12.3,9.7,16.8,23.9,2102
2020-04-12,9.8,7.5,11.2,25.4,1884
2020-04-13,11.6,9.6,13.8,0,1789
2020-04-14,13.2,8.3,16.6,0,1758
2020-04-15,13.4,10.1,16.9,0,1809
2020-04-16,15.9,10.3,21.4,0,1766
2020-04-17,16,13.6,18.7,9.7,2060
2020-04-18,12.9,11.1,16.2,0,2331
2020-04-19,13.3,11,15.6,19.5,1638
2020-04-20,13.8,11.6,18,0.4,1530
2020-04-21,12.8,10.2,16.5,0,1710
2020-04-22,11.1,8.7,14.8,0,1826
2020-04-23,11.1,8.7,14.1,0,2014
2020-04-24,13.1,9.1,16.8,0,2358
2020-04-25,18.3,10.2,23,0,3246
2020-04-26,14.2,11.1,18.9,0,2916
2020-04-27,14.3,11,17.7,0,2831
2020-04-28,15.2,10.4,19.7,0,2910
2020-04-29,15.9,13,20,0,3828
2020-04-30,19,12.5,24.8,0,5951
2020-05-01,20.5,17.4,24.6,0,6441
2020-05-02,19.2,16.4,21.9,3.2,6340
2020-05-03,19.2,16,23.6,0.9,4935
2020-05-04,18.5,15.5,23.7,0,3602
2020-05-05,17.6,14.2,24.6,0,2403
2020-05-06,19.5,15.9,24.5,0,2207
2020-05-07,17.8,14.8,22.9,0,2151
2020-05-08,20.9,15.5,26.5,0.2,2022
2020-05-09,21.3,15.5,27.7,3.4,2396
2020-05-10,16,15,18.1,0,3035
2020-05-11,17.3,14.6,23.2,0,3170
2020-05-12,18.5,14.9,25.1,0,3223
2020-05-13,17,13.2,20.4,0,3004
2020-05-14,20.2,15.2,25.8,0,2729
2020-05-15,22.1,19,27.1,2.9,2804
2020-05-16,16.6,14,19.1,5.3,3289
2020-05-17,17,13.6,21.9,0,3212
2020-05-18,19.2,15.9,29.5,0.4,3011
2020-05-19,17.2,14.4,21.1,0,3125
2020-05-20,16.6,13.8,20.6,0,3087
2020-05-21,18.8,14.5,24.6,0,3447
2020-05-22,19.1,16.3,23.9,0,3992
2020-05-23,19.6,16.1,22.4,0,4554
2020-05-24,20.4,17.9,26.1,0,4217
2020-05-25,17.7,16.4,20.6,0,3684
2020-05-26,18.4,16.5,21.1,0,3447
2020-05-27,18.2,16,21.1,0,3277
2020-05-28,19.7,15.9,25,0,3553
2020-05-29,18.5,14.7,20.5,0,3799
2020-05-30,20,17.8,23.6,0.6,4610
2020-05-31,19.7,17.1,23.6,3.7,4085
2020-06-01,18.7,16.7,21.7,0.4,3561
2020-06-02,18.6,15,22.5,0,3304
2020-06-03,20.5,18.1,24.7,0,3276
2020-06-04,21.2,18.7,25.3,0,3551
2020-06-05,19.9,17.4,24.2,0,4169
2020-06-06,21.2,19.2,26.5,0,5048
2020-06-07,21.3,18.5,23.9,0,4528
2020-06-08,23.4,18.6,29.7,0,4183
2020-06-09,26.7,22.2,30.1,0,3646
2020-06-10,24.7,22.7,28.9,0.4,3366
2020-06-11,24.5,21.6,28.9,0,3438
2020-06-12,22.7,21.1,24.2,1.1,3871
2020-06-13,25.6,22.8,29.6,24.3,4239
2020-06-14,24.2,20.8,27.7,26,4075
2020-06-15,22.2,20.2,25,0,3629
2020-06-16,23.3,21.4,26.9,0,3349
2020-06-17,20.9,18.3,23.2,30.9,3634
2020-06-18,19.5,18.3,22.5,49.3,4034
2020-06-19,19.9,18.3,22.6,11.4,5035
2020-06-20,21.9,19.7,24.9,0,6033
2020-06-21,21.8,20.1,24.3,0,6084
2020-06-22,22.7,20.1,28.9,0,5411
2020-06-23,25.6,20,30.9,0,4580
2020-06-24,24.9,21.9,27.1,38.3,4099
2020-06-25,22.9,21.6,24.9,14.2,4511
2020-06-26,22.9,20.7,25.4,0,5120
2020-06-27,23.1,20.8,26.8,0.1,5631
2020-06-28,23.5,20.5,28.7,0,5062
2020-06-29,23.2,19.1,27.6,25.1,4222
2020-06-30,21.8,20,24,0,3988
2020-07-01,22.6,19.7,26.8,0,4795
2020-07-02,23,20.2,25.2,0,5000
2020-07-03,21.4,19.7,23.8,17,5295
2020-07-04,20.2,19.5,21.7,0.4,5452
2020-07-05,21.2,19.2,24.2,0,5146
2020-07-06,22.5,20.7,26.1,15.7,4764
2020-07-07,22.5,21.2,25.5,35.1,4869
2020-07-08,22.3,20,25.6,0,4968
2020-07-09,23.2,20.9,27.6,2,5048
2020-07-10,25.6,21.9,29.8,16.4,5112
2020-07-11,23.3,22.5,25.8,0,5911
2020-07-12,24.6,22.6,26.5,4.3,5955
2020-07-13,25.6,22.6,30.6,1.5,5617
2020-07-14,21.6,19.8,23.6,0.5,5582
2020-07-15,21.6,20.2,24.6,0,5757
2020-07-16,22.2,20.2,24.5,0.4,5921
2020-07-17,23.1,20.1,25.8,0,5705
2020-07-18,24.2,20.7,26.7,0.2,5912
2020-07-19,29.1,23,34.3,0,5607
2020-07-20,26.4,22.8,29.9,1.2,5162
2020-07-21,24.6,22.6,27.2,4.4,5048
2020-07-22,26.8,23.8,30.4,0,4950
2020-07-23,26.5,23.6,30.5,9.2,4859
2020-07-24,23,21.3,25.1,2.4,4842
2020-07-25,23.7,21.2,26.6,0,5206
2020-07-26,23.4,20.7,25.5,0,4970
2020-07-27,24.8,22.6,27.9,71.5,4701
2020-07-28,28.7,25.1,33.8,2,4552
2020-07-29,27.9,25.7,30.9,0.5,5169
2020-07-30,27.8,25.4,31,0,5804
2020-07-31,26.9,25.1,29.5,0,6504
2020-08-01,28.2,25.5,30.7,0,7908
2020-08-02,29.3,26.7,34,0,8118
2020-08-03,28.8,26.7,32.5,0,8870
2020-08-04,30.2,27.1,34.9,0,8393
2020-08-05,30.3,26.4,34.1,9.7,8238
2020-08-06,30.2,27.9,32.7,0,7992
2020-08-07,30.6,27.8,32.7,0,8162
2020-08-08,30.9,29.7,32.7,0,8238
2020-08-09,30.4,28,33.9,0,7914
2020-08-10,29.4,26.6,32.3,4.2,7336
2020-08-11,30.4,27.6,33.6,2,7639
2020-08-12,31,28.2,34.5,0,8105
2020-08-13,31.3,28.2,36.1,0,8470
2020-08-14,32.2,27.6,36.3,0,8933
2020-08-15,31.1,27.8,36.3,0,9835
2020-08-16,29.9,27.5,32.7,0,9709
2020-08-17,29.4,27,32.3,0,8844
2020-08-18,29,26.8,30.8,0,8314
2020-08-19,28.3,26,31.2,0,8303
2020-08-20,28.2,26,31.3,0,8108
2020-08-21,28,25.4,30.3,0,7742
2020-08-22,27.4,24.3,33.3,2.8,7741
2020-08-23,28.3,24.8,31.2,0,7533
2020-08-24,30,26.2,35.1,0,7351
2020-08-25,29.8,27.7,33.6,2.9,5372
2020-08-26,28.4,25.4,29.8,114.3,3734
2020-08-27,28.7,27.2,30.8,0.7,4405
2020-08-28,28.4,26.4,32.6,2.3,4892
2020-08-29,28.4,26.3,31.3,1.5,5065
2020-08-30,28.1,26.1,31.4,0,4951
2020-08-31,27.8,25.9,31.6,0,4299
2020-09-01,26.8,25.6,28,0.1,3862
2020-09-02,25.1,23.1,27.9,183.6,2597
2020-09-03,25.2,23.2,28.7,0.3,3825
2020-09-04,25.5,21.5,29.3,0,4011
2020-09-05,21.9,19.3,24.1,7.6,3939
2020-09-06,21.7,20.5,23.1,71.7,3313
2020-09-07,23,20.7,26.3,79.8,3092
2020-09-08,26.7,22.4,30.7,0,4303
2020-09-09,25.8,24.4,28.7,0,4966
2020-09-10,24.5,22.7,26.6,0,5180
2020-09-11,23.5,21.8,26,0.6,5458
2020-09-12,23.1,21.6,25.5,0,5412
2020-09-13,23,21.7,26.1,5.2,5588
2020-09-14,23.3,21.8,25.9,0,5263
2020-09-15,23.7,21,25.8,0,4929
2020-09-16,23.5,21.5,28.3,6.1,4877
2020-09-17,21.2,19.3,23.3,26.6,5048
2020-09-18,20.5,17.8,23.1,11.3,4949
2020-09-19,21.2,16.8,25.6,0,5692
2020-09-20,22,18,25.6,0,5530
2020-09-21,21.5,18.5,25,0,5035
2020-09-22,21.2,19.5,22.6,0,4628
2020-09-23,20.9,20.1,21.7,1.3,4575
2020-09-24,21.3,20.6,22.7,0,4589
2020-09-25,22.5,20.1,25.3,0.6,5317
2020-09-26,22.1,20.5,25.8,0,6024
2020-09-27,21.4,19,24.1,5.7,5719
2020-09-28,20.9,19.3,23.4,0,4800
2020-09-29,21.2,18.1,23.8,0,4511
2020-09-30,21.9,19,24.9,0,5493
2020-10-01,21.5,19.4,24.1,0,6180
2020-10-02,21.7,17.6,25.5,0,6436
2020-10-03,22.5,20.2,25.3,0,4925
2020-10-04,21.4,19.5,23.5,1.1,3679
2020-10-05,18.4,16.8,21.1,0,3776
2020-10-06,18.6,17.1,20.4,0,4102
2020-10-07,20.5,17,22.2,0,4671
2020-10-08,20.3,19.1,22.5,0,5787
2020-10-09,20.1,18.6,21.5,0,7204
2020-10-10,20.3,18.9,22.4,0,6840
2020-10-11,20.4,18.9,23.3,0,6334
2020-10-12,20.4,18,23.5,0,5801
2020-10-13,18.4,16.1,21,0,5832
2020-10-14,19.1,15.7,21.7,0,5850
2020-10-15,17.9,15.6,20.3,0,6233
2020-10-16,17.2,14.4,20,4,6745
2020-10-17,17.5,13.7,20.7,0,7106
2020-10-18,17.7,15.6,20.9,0,7062
2020-10-19,17.7,14.2,21.1,0,6588
2020-10-20,18.7,15.6,22.2,0,6508
2020-10-21,18.3,16.3,22.2,46.4,6900
2020-10-22,17.5,15.4,20.5,2.2,6990
2020-10-23,15.2,14.3,16.7,0,7194
2020-10-24,15.4,14,17.6,0,7338
2020-10-25,16.3,13.2,19.9,0,6791
2020-10-26,15.6,12.1,20.8,0,6196
2020-10-27,16.5,12.5,20.3,0,6018
2020-10-28,17.4,15.5,20,0,6028
2020-10-29,15.8,12.8,18.7,0,6337
2020-10-30,16.1,13.7,18.5,0,6291
2020-10-31,16.5,14.3,19.6,0,7057
2020-11-01,18.1,13.7,22.3,1,6492
2020-11-02,15.7,12.8,18.5,5.4,5873
2020-11-03,13.1,11.8,16,0,5943
2020-11-04,12,9.2,15.1,0,6235
2020-11-05,14,8.2,17.9,0,6619
2020-11-06,17.8,13.8,21.7,0,6674
2020-11-07,17.6,14.5,21,0,7102
2020-11-08,14.6,11.5,19.2,0,7072
2020-11-09,12,10.1,14.5,0,6430
2020-11-10,13,9.2,17.2,0,5971
2020-11-11,12.4,8.6,15.9,0,6321
2020-11-12,14.4,11.6,17.9,0,6673
2020-11-13,14.4,10.6,18.7,0,7029
2020-11-14,15.8,12,19.4,0,7257
2020-11-15,16.6,13.3,19.7,0,6926
2020-11-16,16.8,14.5,19.4,1.4,6246
2020-11-17,21,16.3,26.7,0,5892
2020-11-18,22.4,18.5,25.9,0,5982
2020-11-19,20.4,15.6,25.8,12.2,6326
2020-11-20,12.9,10.9,15.6,0,6617
2020-11-21,13.7,8.7,16.4,0,6718
2020-11-22,13.2,11.3,15.6,4.2,6469
2020-11-23,10,9.2,11.2,0,5758
2020-11-24,10.5,8.7,12.9,0,5237
2020-11-25,12.1,9.6,14.7,0,5163
2020-11-26,11.8,9.4,14.1,3.8,5162
2020-11-27,11,9.1,12.9,0,5155
2020-11-28,8.6,7.9,9.4,0,5064
2020-11-29,9.2,7.6,12,0,4449
2020-11-30,8.7,7.8,10.1,0.2,3759
2020-12-01,7.8,6.1,10.3,0,3599
2020-12-02,9.3,6,12.4,0,3587
2020-12-03,8.2,5.8,10.5,0,3766
2020-12-04,7.8,6.8,9.4,0,3874
2020-12-05,8.8,6,12.3,0,4412
2020-12-06,8.3,5.3,11.7,0,3932
2020-12-07,10.1,6.3,13.1,0,3506
2020-12-08,8.2,6.8,10.3,0,3361
2020-12-09,7.7,4.2,10.6,0,3398
2020-12-10,10.3,7.6,12.4,0,3452
2020-12-11,11.1,8.9,12.5,0,3611
2020-12-12,9.7,6.5,11.5,0,3913
2020-12-13,8.7,5.7,14.6,0,3958
2020-12-14,3.2,1.7,5.9,0.1,3778
2020-12-15,3,2,4.3,0,3535
2020-12-16,3.9,3,5.3,1.5,3437
2020-12-17,5.7,3.8,7.2,0,3326
2020-12-18,7.7,6.1,10.8,0,3018
2020-12-19,4.4,2.8,6.3,0,2823
2020-12-20,6.8,3.6,7.9,0,2761
2020-12-21,7.9,6.4,10.2,0,2529
2020-12-22,8.9,6,13.1,0,2452
2020-12-23,10.1,4.5,15,0,2553
2020-12-24,10.5,8,13.5,0,3180
2020-12-25,6.8,4.8,10,0,3607
2020-12-26,7.4,3.8,10.6,0,3045
2020-12-27,10.1,8.1,11.5,14.4,2329
2020-12-28,11.4,8.3,14.5,0,2148
2020-12-29,9.6,3,14.6,5.4,2103
2020-12-30,0.9,-1.4,4.3,4.3,1847
2020-12-31,2.9,-0.3,4.6,3.8,2461
2021-01-01,5.5,4,7.2,0,2926
2021-01-02,5.9,2.8,8.4,0,2272
2021-01-03,4.5,2.7,6.3,0,1486
2021-01-04,5.9,2.2,9.2,0,1395
2021-01-05,5.6,2.6,9,0,1370
2021-01-06,4,1.7,5.6,0.6,1413
2021-01-07,-1.1,-3.1,4.4,7.9,928
2021-01-08,-1.1,-2.7,1,6.1,729
2021-01-09,1.2,-2.1,3.1,0.9,849
2021-01-10,3.6,0.8,5.1,0,1251
2021-01-11,3.4,1.5,5.1,10.8,1612
2021-01-12,4.7,2.6,6.4,1.2,1935
2021-01-13,10,5.2,13.6,0,2219
2021-01-14,10.8,7.9,15.4,0,2371
2021-01-15,12.1,7.7,18.2,0,2590
2021-01-16,5.1,2.8,8.6,0,2857
2021-01-17,3.1,1.2,4.4,2,2628
2021-01-18,6.6,3.1,9.9,0,2600
2021-01-19,4,2,6.3,0,2722
2021-01-20,9.2,3.8,15.9,0,2808
2021-01-21,12.6,7.3,17.9,0.5,2793
2021-01-22,12.7,11.5,14.5,8.2,2976
2021-01-23,12.5,11.1,13.5,57.8,3485
2021-01-24,11.8,10.4,13.6,0.2,3293
2021-01-25,12.6,11.3,15.3,0,3281
2021-01-26,10.4,8.8,12.8,19.7,3131
2021-01-27,7.6,5.8,10,0,3248
2021-01-28,6.2,0.4,10.6,0.5,3232
2021-01-29,2.5,0.3,5.3,0.2,3347
2021-01-30,7.8,2.2,11.7,0,3825
2021-01-31,10.7,5.6,14.9,0,3515
2021-02-01,11.6,9.8,15.8,22.4,3133
2021-02-02,4.2,2.9,10,0,3408
2021-02-03,5.8,3.6,8.6,0,3501
2021-02-04,6.4,3.6,9.5,0.1,3497
2021-02-05,7.1,2.2,9.9,0,3861
2021-02-06,10.6,7.5,14.6,0,4376
2021-02-07,11,7.5,15.1,0,4028
2021-02-08,4.1,2.3,7.5,0,3465
2021-02-09,4.8,2.9,7.8,0,3019
2021-02-10,7,3.1,10.9,0,3290
2021-02-11,9.7,6,13,0,4636
2021-02-12,12.2,10.2,14.1,0,5122
2021-02-13,13,10.1,16.3,0,4648
2021-02-14,13.3,10.8,16,2.4,3933
2021-02-15,7.5,3.5,12.4,0,3639
2021-02-16,5.7,3.3,9.1,0,3677
2021-02-17,1.3,-1.2,3.8,0.9,3632
2021-02-18,2.5,-1,3.8,1.9,4095
2021-02-19,8.5,2.8,13.4,0,5020
2021-02-20,15.6,11.7,17.7,0,5525
2021-02-21,18.9,16.4,23.7,0,5516
2021-02-22,15.3,8.7,23.4,0,5181
2021-02-23,7.5,5,10.6,0,4935
2021-02-24,9.9,5.2,13.2,0,4752
2021-02-25,11.6,9.8,15.2,19.6,4782
2021-02-26,11.2,9.8,13,5.4,5256
2021-02-27,11.4,10.8,12.6,0,6562
2021-02-28,14.4,11.3,17.1,0.1,5918
2021-03-01,15.5,7.8,21.9,11.2,4415
2021-03-02,7.5,6.2,9.8,0,3609
2021-03-03,9.2,4.8,12.8,0,3480
2021-03-04,10.9,9.2,12,26.9,3348
2021-03-05,11.9,10.7,14.2,0.1,3725
2021-03-06,11.3,9.2,14.2,0,4584
2021-03-07,10.1,9.1,11.1,0,4359
2021-03-08,10.4,8.7,12.7,0,4006
2021-03-09,10.6,7.9,13.5,0,4093
2021-03-10,11.5,7,16.5,0,3931
2021-03-11,14.1,10.9,19,7.6,3935
2021-03-12,11.3,10.3,13.4,14.2,4837
2021-03-13,11.7,9.4,14.7,0,5404
2021-03-14,11.4,8.5,15.2,0,5018
2021-03-15,13.9,7.9,19.2,0,4467
2021-03-16,12.6,7.9,19.1,3.1,4036
2021-03-17,11.3,6.3,15.7,0,4090
2021-03-18,13.7,10.8,17.1,0,4333
2021-03-19,14.2,12.9,16.2,6.2,5105
2021-03-20,12.8,9.6,15.7,7.6,5961
2021-03-21,9.2,7.3,12.5,0,5685
2021-03-22,9.8,6.4,12.8,0,5376
2021-03-23,12.3,9,16.5,0,5056
2021-03-24,13.3,8.8,17.3,0,5150
2021-03-25,14.1,11.6,17.7,0,5420
2021-03-26,14.6,9.7,21.2,0,5856
2021-03-27,17.5,12.2,21.5,4.2,6430
2021-03-28,14.5,12.7,17.5,0,5727
2021-03-29,15.2,12,17.8,0,5024
2021-03-30,14.3,11.4,19.1,0,4524
2021-03-31,16.2,12.1,20.6,0,4321
2021-04-01,15.2,13.8,17.5,8.8,5250
2021-04-02,17.2,13.8,19.9,9.8,5528
2021-04-03,18,13,22.8,0,5981
2021-04-04,11.4,10.8,13.2,5.2,5735
2021-04-05,12.6,10.6,14.6,4.1,5659
2021-04-06,13.9,11.3,17.4,0,5497
2021-04-07,14.8,11.2,18.3,0,5605
2021-04-08,14.4,11.2,18.6,0,5965
2021-04-09,13.8,9.7,17.5,0,6526
2021-04-10,14,11.4,17.5,0,7118
2021-04-11,16.6,12.2,21.5,0,6424
2021-04-12,16.5,14.3,19.9,16.9,5667
2021-04-13,11.8,8.5,14.4,0,5333
2021-04-14,11,8.2,14.9,0,5754
2021-04-15,13.1,8.6,17.9,0,6143
2021-04-16,15.1,11.1,19.7,0,6876
2021-04-17,13.7,11.3,16.3,0,7537
2021-04-18,13,11.1,16.5,0,6798
2021-04-19,14.5,9.9,19.1,0,6196
2021-04-20,14.8,10.3,18.5,0,5719
2021-04-21,17.5,12.3,22.8,0,5549
2021-04-22,21,16.8,25.9,0,6098
2021-04-23,19.3,16.5,25,0,6574
2021-04-24,17.5,15.9,21.9,0,7232
2021-04-25,16.9,14.7,20.7,0,6921
2021-04-26,16.5,13.5,20.9,0,6019
2021-04-27,17.1,14,21.5,0.8,5472
2021-04-28,17,14.9,19.5,0,5205
2021-04-29,18.8,14.7,23.3,0,5472
2021-04-30,16.3,11.3,19.9,13.2,6177
