year,avgTemp,minTemp,maxTemp,rainFall,history
2015-01-01,3.3,1.7,5.4,4.2,30
2015-01-02,6.1,3.9,8.5,0,35
2015-01-03,6.8,3.5,9.6,0,35
2015-01-04,11.5,7.7,15,0,45
2015-01-05,12.9,6.8,17.5,0.7,20
2015-01-06,7.8,3.9,17.2,0.2,13
2015-01-07,4.7,3.4,5.8,0,11
2015-01-08,6.3,5.1,7.6,0,8
2015-01-09,8,6.5,10,0,14
2015-01-10,8.6,6.5,11,0,25
2015-01-11,8.5,5.4,12.1,0,30
2015-01-12,4.9,3.8,7.9,0,18
2015-01-13,9.7,4.2,13.7,0,9
2015-01-14,9.3,8.7,10.7,37.4,15
2015-01-15,8.4,5.9,10.9,0,21
2015-01-16,7.7,5.3,9.4,0.1,23
2015-01-17,5,2.7,8,0,26
2015-01-18,6,1.2,10.1,0,32
2015-01-19,8.5,5.9,11,0,20
2015-01-20,6.9,3.7,9.7,0,12
2015-01-21,9.2,7.8,10.6,5.8,4
2015-01-22,7.6,6.5,9,4.7,18
2015-01-23,6.9,5.4,9.9,0,17
2015-01-24,8,5,11,0,38
2015-01-25,11.6,6.9,15.8,9.2,27
2015-01-26,10.3,7.4,13.6,0,23
2015-01-27,5.6,3.3,7.6,0,19
2015-01-28,4.5,3.2,6.4,0,23
2015-01-29,6.8,4.8,8.1,19.1,11
2015-01-30,5,3.6,6.7,1,21
2015-01-31,3.4,2.7,5.1,0,31
2015-02-01,4.1,0.6,7.7,0,25
2015-02-02,6,4.3,9.3,0,13
2015-02-03,6.2,2.8,9.6,0,8
2015-02-04,6.8,6,7.4,0,9
2015-02-05,5.5,3.1,6.9,0.3,3
2015-02-06,6.1,5,7.8,0,7
2015-02-07,8,5.8,9.7,0.1,17
2015-02-08,1.7,-0.7,8.8,0.1,17
2015-02-09,1.8,-0.3,3.6,0.4,10
2015-02-10,7.1,2.5,9.4,0,21
2015-02-11,8.9,5.8,12.3,0,17
2015-02-12,7,4.6,10,0,17
2015-02-13,4.7,3.3,8.1,0,15
2015-02-14,8.4,3.1,14.4,0,23
2015-02-15,12.5,9,14.9,12.8,21
2015-02-16,11.8,9.8,14.4,3,25
2015-02-17,8.3,7.3,10,0,15
2015-02-18,6.5,5.5,7.4,0,20
2015-02-19,5.7,4,8.9,0,57
2015-02-20,9.3,3.1,14.9,0,55
2015-02-21,11.9,9,17.3,5.5,37
2015-02-22,8.7,6.5,10.8,0.3,22
2015-02-23,6.9,5.4,9.8,0,27
2015-02-24,7.9,5.9,10.9,0,22
2015-02-25,10.3,6.8,12.7,0,28
2015-02-26,8.8,4.9,11.6,0,22
2015-02-27,4.2,3.7,5.4,0,38
2015-02-28,7.9,4.1,9.8,13,29
2015-03-01,7.3,5.9,9.2,2.6,24
2015-03-02,7,3.4,10.1,0,10
2015-03-03,8.4,6.8,10.1,1.3,12
2015-03-04,4,3.2,6.8,0,27
2015-03-05,5.4,2.8,7.1,0,14
2015-03-06,8,6.3,9.3,1.5,6
2015-03-07,9.3,6.3,12.1,0,17
2015-03-08,10.7,4,16.1,0,26
2015-03-09,7.6,2,11.6,9.5,25
2015-03-10,2.9,0.2,4.1,0.2,11
2015-03-11,7,3.3,9.7,0,14
2015-03-12,8.3,6.2,11.3,0,14
2015-03-13,11.5,4.7,17.7,0,14
2015-03-14,10.3,8.7,12.2,0,40
2015-03-15,10.8,7.8,14,0,49
2015-03-16,13.5,9.9,17.1,0,23
2015-03-17,15.7,11.1,19.6,0,21
2015-03-18,17.1,13.9,20.6,60.5,6
2015-03-19,12.8,11.5,14.8,4.2,18
2015-03-20,12.9,11.3,16.5,0.2,34
2015-03-21,13.8,10.9,17.5,0,52
2015-03-22,12.3,9,16.5,0,37
2015-03-23,9.1,6.7,11.7,0,29
2015-03-24,8.5,6,12,0,17
2015-03-25,8.6,4.3,12.9,0,18
2015-03-26,9.8,5.1,14.5,0,23
2015-03-27,10.9,7.5,13.9,0,22
2015-03-28,12.8,10.2,15.7,0,48
2015-03-29,13.5,10.3,16.7,0,44
2015-03-30,14,10.7,17.9,0,33
2015-03-31,18.1,14.9,22.2,0.7,15
2015-04-01,15.4,14,19,0,31
2015-04-02,20.2,14,27.7,0.9,23
2015-04-03,12.6,10,22.1,7.8,35
2015-04-04,14.4,10,17.4,10.5,35
2015-04-05,13.2,12.3,14.4,3.9,36
2015-04-06,12.1,10,13.3,36.6,15
2015-04-07,10.3,8.7,12.6,0,27
2015-04-08,11,8.8,14.4,0,29
2015-04-09,12.1,9.3,14.5,0,28
2015-04-10,12.8,10.6,15.2,0,41
2015-04-11,13.5,9.5,17.6,0,53
2015-04-12,13.5,11.7,18.4,15.6,47
2015-04-13,12.1,8.9,14.5,15.1,27
2015-04-14,10.1,7,14.2,2.5,24
2015-04-15,15.6,10.1,20.3,0,32
2015-04-16,17.3,13.1,24.9,0,26
2015-04-17,14.1,10.1,18,0,35
2015-04-18,17.9,13,24.1,27.9,22
2015-04-19,18.5,15.5,23.9,10.3,39
2015-04-20,12.9,12,15.5,2.9,24
2015-04-21,14.2,12.5,17.5,0,39
2015-04-22,15.5,11.1,21.2,0,38
2015-04-23,15.5,11.8,19.2,0,34
2015-04-24,17.3,13.4,22,0,32
2015-04-25,17.2,13.6,23.6,0,37
2015-04-26,18.8,14.1,23.1,0,46
2015-04-27,19.5,14.9,23.1,0,24
2015-04-28,20.7,17.9,25.3,1,23
2015-04-29,17.7,15.4,22.1,3.8,20
2015-04-30,16.4,15.3,18.2,9.1,33
2015-05-01,18,15.5,21.4,0,47
2015-05-02,18.3,14.5,23.2,24.8,47
2015-05-03,18.1,14.8,22,6.7,69
2015-05-04,16.5,13.3,21.7,0,68
2015-05-05,14.8,11,18.5,0,69
2015-05-06,15.3,13.2,17.8,0,50
2015-05-07,17.2,13.2,21.7,0,32
2015-05-08,17.7,14.5,20.8,0,25
2015-05-09,17.5,15,20.7,1.9,46
2015-05-10,18,14.7,23,0,40
2015-05-11,19.8,15.9,23.1,69.3,25
2015-05-12,18.5,14,21.6,4.3,24
2015-05-13,23,19.2,27.3,0,22
2015-05-14,23.8,19.4,29.4,0,31
2015-05-15,19.7,17.3,23,2.9,31
2015-05-16,19,16.6,22.1,0,52
2015-05-17,19.3,16.1,26.4,0,37
2015-05-18,16.2,14.9,19,35,18
2015-05-19,16.3,14.8,19.3,0,42
2015-05-20,17.4,14.7,22.1,0,35
2015-05-21,18.4,14.1,22.8,0,17
2015-05-22,19.8,17,24.1,0,39
2015-05-23,18.8,17.4,21.7,0,72
2015-05-24,20.2,17.7,23.5,0,109
2015-05-25,20.1,17.1,23.6,0,187
2015-05-26,19.2,15.7,23.7,0,49
2015-05-27,20.5,17.4,23.4,0,33
2015-05-28,22.6,18,27.6,0.9,41
2015-05-29,21.3,19,25.3,0,39
2015-05-30,18.9,17.8,20.9,4.2,65
2015-05-31,19.7,17.6,23,0,73
2015-06-01,20.6,17.6,24.8,0,42
2015-06-02,20.2,18.5,21.8,39.9,31
2015-06-03,21.4,18.5,25.5,1.1,25
2015-06-04,20.6,17.6,23.9,0,39
2015-06-05,17.2,15.4,22.2,14.3,49
2015-06-06,19.9,15.3,26.3,0,60
2015-06-07,21.7,18,26,0,49
2015-06-08,20.9,18.5,24,4.4,22
2015-06-09,21.2,18.5,24.2,0,20
2015-06-10,22.9,18.1,28.9,0,35
2015-06-11,22.6,20.2,26.5,0.9,19
2015-06-12,26,21.9,30.6,0,35
2015-06-13,24.1,21.5,28.7,0,59
2015-06-14,22.9,20.9,25.4,0,53
2015-06-15,22.8,20.9,25.3,0,27
2015-06-16,22.2,21.1,25.3,0.7,29
2015-06-17,20.6,19.6,21.6,15.4,18
2015-06-18,22,19.7,25.6,0.1,43
2015-06-19,22.9,19.9,25.8,0,32
2015-06-20,22,19.4,24.2,0,38
2015-06-21,22.1,20.5,24.6,2,48
2015-06-22,21.7,20.5,24.3,0.3,14
2015-06-23,23.5,20.9,26.9,0,30
2015-06-24,22.1,21.1,23.2,32.7,13
2015-06-25,23.6,21.5,25.9,7.9,5
2015-06-26,23.5,21.2,27.8,2.7,23
2015-06-27,21.2,20.5,22.2,9.2,37
2015-06-28,22,19.8,25.9,0,43
2015-06-29,22.3,19.2,25.8,0,36
2015-06-30,21.9,19.6,26.4,54.8,6
2015-07-01,22.9,20.5,26.3,0.1,20
2015-07-02,22.9,19.6,25.5,0,27
2015-07-03,23.9,21.6,26,0,30
2015-07-04,22.5,21.3,24.4,0,42
2015-07-05,22,20.5,24.2,0,48
2015-07-06,21.4,20.3,23.5,1.4,38
2015-07-07,20.7,19.1,22.3,53.7,16
2015-07-08,25.8,19.9,31.6,82.1,24
2015-07-09,24.9,22.8,29,0,40
2015-07-10,23.6,22.1,25.2,0,50
2015-07-11,24.3,23,26.4,98.9,17
2015-07-12,26.5,23.8,28.7,88.7,28
2015-07-13,27.8,23.4,33,0,33
2015-07-14,26.5,24.1,29.9,0,42
2015-07-15,25.2,22.4,27.9,0,30
2015-07-16,24.8,22.1,28.6,0,37
2015-07-17,24.2,21.6,26.7,0,48
2015-07-18,25,22.8,29.2,0,74
2015-07-19,25.6,22.7,29.8,0,44
2015-07-20,24.3,22.8,27.1,0,51
2015-07-21,24.3,22.8,27.4,0,45
2015-07-22,26.5,23.7,28.2,4.6,38
2015-07-23,30.4,27.7,34.1,0,46
2015-07-24,29.5,27.2,32.5,0,61
2015-07-25,29.1,26.3,33.8,0,44
2015-07-26,27.5,25.6,29.7,0,69
2015-07-27,27.8,25.9,31.1,0.2,43
2015-07-28,27.6,25.9,30.9,0,46
2015-07-29,30.5,25.8,36.7,0,58
2015-07-30,28.1,26.5,30.4,0,47
2015-07-31,28.1,25.4,33.6,0,52
2015-08-01,27.9,24.8,30.5,0,86
2015-08-02,28.6,24.7,32,0,60
2015-08-03,28,24.9,30.6,0,85
2015-08-04,28.4,25.5,31.6,0,78
2015-08-05,28.1,25.7,30.7,0,73
2015-08-06,29.2,25.9,35.5,0,59
2015-08-07,29.7,26.9,33.8,0,76
2015-08-08,27.5,26.2,30.3,3.4,54
2015-08-09,27.8,25,30.3,0,58
2015-08-10,28,26.2,30.3,0,50
2015-08-11,27.2,23.7,30,91.8,52
2015-08-12,25.2,23.9,26.4,0.2,75
2015-08-13,27,25.2,30.2,0,55
2015-08-14,26.5,25.1,29.4,0,69
2015-08-15,27.2,23.7,31.8,0,80
2015-08-16,25.5,22.8,28.1,74.6,60
2015-08-17,25.2,22.9,27.9,3.5,47
2015-08-18,26.1,24.5,27.9,0,47
2015-08-19,25.9,24.6,28.8,1.8,49
2015-08-20,26,24.3,29.3,0,35
2015-08-21,26,24.5,28.8,20.8,37
2015-08-22,25.2,23.8,26.6,0,61
2015-08-23,25.4,23.6,27.6,0,43
2015-08-24,24.5,22.2,25.9,14.6,34
2015-08-25,22.8,20.4,25.2,34.1,51
2015-08-26,24.8,22.8,27.6,0,37
2015-08-27,25.5,21.6,28.6,0,44
2015-08-28,25.7,22.1,28.4,0.6,58
2015-08-29,24.8,23,27.5,0,74
2015-08-30,24.7,22.6,27.3,0,49
2015-08-31,24.9,23.3,28,3.2,26
2015-09-01,24.8,23.2,26.9,0.3,50
2015-09-02,25.4,22.7,28.4,0,47
2015-09-03,26.1,24.1,28.6,0,47
2015-09-04,25.1,22.6,28.3,0,66
2015-09-05,23.3,21.2,25.6,13,39
2015-09-06,23.2,20.7,26.1,22.3,72
2015-09-07,23.1,21.5,25.1,0,51
2015-09-08,22.5,19.7,24.5,0,51
2015-09-09,22.5,20,25.7,0,45
2015-09-10,23.2,19.6,26.2,0,51
2015-09-11,23.9,19.5,27.2,0,37
2015-09-12,22.4,20.9,24.1,6.9,37
2015-09-13,22.5,19.6,25.1,0,56
2015-09-14,22.6,19.5,26.6,0,52
2015-09-15,22.3,20.6,25,0,41
2015-09-16,21.1,20,22.2,22.4,29
2015-09-17,22.5,19.9,25,0.1,40
2015-09-18,22.7,20.7,25,0,54
2015-09-19,22.4,19.9,25.8,0,71
2015-09-20,22.6,18.4,25.1,0,55
2015-09-21,23.3,20.4,26.8,0,41
2015-09-22,23.9,20.6,27.8,0,27
2015-09-23,22.3,20.7,24.3,49,3
2015-09-24,22.9,20.9,24.8,2,30
2015-09-25,23.2,21.5,25.5,0,18
2015-09-26,23.3,20.5,25.9,0,50
2015-09-27,22.9,20.8,25.8,0,101
2015-09-28,23.6,20.8,27.5,0,125
2015-09-29,24,22.5,27.3,0,90
2015-09-30,20.9,18.6,23.3,56.9,30
2015-10-01,23.6,19.1,27.5,24.3,34
2015-10-02,19.4,17.5,22.5,0,51
2015-10-03,21.1,18,24.7,0,66
2015-10-04,21.3,19.1,24.8,0,59
2015-10-05,20.9,18,24.3,0.1,44
2015-10-06,20.3,17.1,23.1,0,35
2015-10-07,20.9,17.3,23.8,0,52
2015-10-08,20.8,19.4,23.7,0,42
2015-10-09,19.2,15.6,22.5,0,74
2015-10-10,19.9,15.7,25.8,0,102
2015-10-11,18.3,16.2,20.7,0,99
2015-10-12,18.7,15.5,20.9,0.7,43
2015-10-13,18.9,15.9,21.6,0,37
2015-10-14,18.8,15,23,0,42
2015-10-15,19.2,15.8,23.8,0,51
2015-10-16,18.6,15.8,22.4,0,43
2015-10-17,19.1,15.8,22.3,0,97
2015-10-18,19.1,16.1,22.7,0,59
2015-10-19,19.6,15.3,24.2,0,49
2015-10-20,19.5,17,22.3,0,40
2015-10-21,20.1,18.1,23.7,0,44
2015-10-22,20.4,17.7,24.1,0,54
2015-10-23,19.2,17.1,21.9,0,57
2015-10-24,19.5,15.9,22.9,0,79
2015-10-25,19,16.7,22.7,0,74
2015-10-26,19.1,15.7,23.2,0,44
2015-10-27,17.9,16.2,22.5,5.9,45
2015-10-28,16.8,15.2,19.9,0,58
2015-10-29,17.2,13.4,19.7,0,51
2015-10-30,14.5,12.3,18.3,0,32
2015-10-31,13.1,11.7,16.1,0,53
2015-11-01,13,10.6,15.1,0.9,36
2015-11-02,14.2,10.6,18.5,0,40
2015-11-03,14.8,12,18.2,0,40
2015-11-04,17.4,11.8,23.8,0,36
2015-11-05,19,16,21.5,0.4,36
2015-11-06,19.7,16.8,23.3,6.4,49
2015-11-07,20.2,18.6,21.4,11.2,46
2015-11-08,18.8,17.3,21.3,4.2,58
2015-11-09,15.9,14.5,17.7,0.4,41
2015-11-10,14.2,11.9,16.2,0,55
2015-11-11,15.1,11.5,17.8,1.3,32
2015-11-12,17.5,15.1,20.6,1.4,43
2015-11-13,17.5,16,19.2,47.3,24
2015-11-14,17.1,16.3,18.4,1.2,65
2015-11-15,16,13.1,19,0,67
2015-11-16,17.7,12.9,22.1,0,41
2015-11-17,17.5,16.9,18.5,0.3,36
2015-11-18,16.2,14.5,17.6,33,14
2015-11-19,15.2,14.3,16.4,12.3,23
2015-11-20,15.5,14.2,17.6,3.7,43
2015-11-21,15.7,13.9,17.8,0,70
2015-11-22,16.9,13.5,19.8,0,43
2015-11-23,16.5,14.5,18.2,14.3,28
2015-11-24,13.6,11.9,15.1,0.3,40
2015-11-25,10.9,7.1,13.4,28,18
2015-11-26,6,3.1,8.4,6.6,16
2015-11-27,7.9,4.7,9.5,0,33
2015-11-28,10.5,8.1,14.3,0,51
2015-11-29,12.1,8.1,16.1,0,43
2015-11-30,12.9,9.5,16.7,0,25
2015-12-01,11.3,7.2,16.1,0,23
2015-12-02,13.1,10.2,20.1,1.6,22
2015-12-03,9.2,7.2,10.8,0.3,12
2015-12-04,9,7.9,9.6,0,21
2015-12-05,10.2,8.8,11,0,45
2015-12-06,9.2,7.4,10.3,0,41
2015-12-07,9.4,7.5,11.8,0,20
2015-12-08,9.2,7.5,11.9,0,20
2015-12-09,13.7,7.5,19.2,0,14
2015-12-10,15.2,13.4,16.6,50.7,14
2015-12-11,11.5,10.1,13.5,11.4,25
2015-12-12,12.2,10,13.8,0.3,36
2015-12-13,14.1,12.1,17,0,40
2015-12-14,14,12.9,15.8,0.6,31
2015-12-15,11,9.2,13.2,0,30
2015-12-16,7,3.1,9.6,0.1,26
2015-12-17,4.8,2.3,6.1,2.9,19
2015-12-18,7.1,5.6,8.1,0,23
2015-12-19,7.8,5.6,11,0,33
2015-12-20,9.6,5.9,11.7,7.3,28
2015-12-21,10.8,7.4,13.6,4.3,32
2015-12-22,12.3,7.5,16.9,0,45
2015-12-23,12.8,11,15.4,10.2,29
2015-12-24,9.8,8.4,11.1,0,44
2015-12-25,8,6.3,9.8,0,85
2015-12-26,11.3,7.1,13.5,0,93
2015-12-27,6.7,4.5,11.2,0,66
2015-12-28,5.8,4.7,6.7,0,51
2015-12-29,6.9,5.7,7.8,0,39
2015-12-30,8.4,6.6,11,0,61
2015-12-31,9,7.7,10.7,0.3,82
2016-01-01,8.2,5.2,10.8,0,113
2016-01-02,12.5,7.8,16.8,0,88
2016-01-03,13,10.5,16.2,0,74
2016-01-04,11.7,10.9,12.9,0,42
2016-01-05,8.5,6.6,11.1,6.2,35
2016-01-06,7.3,5.7,8.7,0,53
2016-01-07,7,6.3,8.2,0,47
2016-01-08,6,4.4,7.5,0.1,55
2016-01-09,7,5.6,8.3,0,61
2016-01-10,8.1,6.4,10.9,0,79
2016-01-11,6.1,4.3,7.7,0,56
2016-01-12,4.9,4.1,6.1,0,39
2016-01-13,4.6,2.5,5.7,0.1,45
2016-01-14,6.4,5,7.9,0,48
2016-01-15,7.1,4.5,11,0,63
2016-01-16,7.5,4.2,11.1,0,59
2016-01-17,8.9,7.4,10.4,33.5,37
2016-01-18,4.1,-0.3,8.9,0.8,34
2016-01-19,1.5,-0.4,3.1,3.2,28
2016-01-20,2.4,1.5,3.6,0,33
2016-01-21,2.9,2.2,3.9,0,52
2016-01-22,2.8,1.6,4.3,0,71
2016-01-23,-0.5,-4.1,3.4,12.2,24
2016-01-24,-3,-5.8,0.3,4.4,0
2016-01-25,1.9,-1.1,4.1,1.6,0
2016-01-26,5.5,3.8,7.2,0.1,8
2016-01-27,7.2,4.5,9.6,0,34
2016-01-28,8.6,5.8,11.5,27.2,12
2016-01-29,8.6,7.7,10,32.4,28
2016-01-30,7.9,6.5,9,3.8,59
2016-01-31,4.6,3.1,6.5,0,43
2016-02-01,2.7,1.6,3.6,0,28
2016-02-02,2.8,2,4.7,0,19
2016-02-03,4.8,2.3,6.8,0,34
2016-02-04,6.9,5.2,9.4,0,19
2016-02-05,6,4.6,8.5,0,14
2016-02-06,4.2,3,5.8,0.1,29
2016-02-07,4.3,2.6,7.2,0.1,51
2016-02-08,8.2,4.7,11.2,0,97
2016-02-09,8.4,5.2,11.6,0,97
2016-02-10,9.9,4.5,16.7,0,79
2016-02-11,14.9,9.2,19.5,0.1,46
2016-02-12,17.4,15.7,20.5,24,18
2016-02-13,14.8,9,19.7,9.1,44
2016-02-14,4.3,2.4,9.2,0,58
2016-02-15,2.1,-0.4,3.7,0.1,34
2016-02-16,5.7,2.9,7.9,0,56
2016-02-17,5.8,3.8,8.1,0,55
2016-02-18,8,2.6,13.9,0,47
2016-02-19,10.4,8.3,12.5,0.2,58
2016-02-20,8.3,5.3,11.1,0,70
2016-02-21,5.7,4.2,8.7,0,74
2016-02-22,6,4.9,8.7,5.4,40
2016-02-23,7.2,3.7,10.8,0.3,54
2016-02-24,3.1,2.3,4.8,0,60
2016-02-25,4.3,2.1,7.8,0,52
2016-02-26,9.2,3.3,13.5,0,75
2016-02-27,12,10,14.6,0.1,79
2016-02-28,11.4,6.3,19.5,0,110
2016-02-29,3.5,0.4,6.6,0.5,70
2016-03-01,3.6,1,6.9,0,54
2016-03-02,7.9,2.1,13.6,0,37
2016-03-03,12.3,6.1,16,0.3,28
2016-03-04,16.6,12.6,22.5,0,32
2016-03-05,18.1,14.2,22,32.7,44
2016-03-06,12.1,10,15.8,7.9,65
2016-03-07,14.1,10.4,18.6,0,23
2016-03-08,10.1,6.5,14.3,17.3,27
2016-03-09,6.1,4.3,8.5,25,47
2016-03-10,4.4,2.9,6.7,0,29
2016-03-11,4.8,2.9,7.7,0,58
2016-03-12,6.4,2.9,8.4,0,59
2016-03-13,8.4,6.1,11,9.4,51
2016-03-14,7.6,6.4,9.6,0,47
2016-03-15,8.3,3.7,11.6,0,51
2016-03-16,12,8,16.1,0,38
2016-03-17,15,8.5,21.3,0,39
2016-03-18,15.3,13.2,20,4.2,34
2016-03-19,12.4,9.8,15.2,0,64
2016-03-20,11.1,7.3,13.9,0,77
2016-03-21,12.4,9.7,15.5,0,44
2016-03-22,11.2,7.9,15.1,0,40
2016-03-23,9.8,7.3,14.5,0,45
2016-03-24,9.1,7,12.1,0,47
2016-03-25,8.9,7.4,12.1,0,69
2016-03-26,8.7,6.7,11.3,0,85
2016-03-27,10.2,6.6,13.9,0,76
2016-03-28,13.1,6.9,17.2,0,63
2016-03-29,14.7,10.2,17.8,0,40
2016-03-30,14.7,12.4,17.4,0,52
2016-03-31,13.9,13.2,16.1,0.1,36
2016-04-01,14.4,9.8,18.8,0,71
2016-04-02,16.3,11.1,21.6,0,76
2016-04-03,15.6,14.5,17.2,25.2,32
2016-04-04,13.3,12.8,15,5.9,49
2016-04-05,13.8,12.6,16.4,0,46
2016-04-06,15.1,11.6,18.6,2.3,29
2016-04-07,14.9,12.6,21.6,14.5,38
2016-04-08,13.3,11.5,16.6,0,48
2016-04-09,14.6,11.1,20,0,81
2016-04-10,15.3,12.2,18.8,0,83
2016-04-11,14.6,12.5,18.8,0,71
2016-04-12,16.5,12.2,21.1,0,53
2016-04-13,15.9,13,19.6,24.4,49
2016-04-14,15.1,12.8,22.3,0,47
2016-04-15,16.2,11,21.2,0,53
2016-04-16,20.1,14.2,24.5,18.6,44
2016-04-17,13.5,12.4,16.4,0.2,55
2016-04-18,14.6,12.6,17.3,0,41
2016-04-19,14.9,13.2,17.2,0,41
2016-04-20,18,12.3,21.7,0,27
2016-04-21,16.7,13.4,22.4,4.2,52
2016-04-22,16.7,11.5,22.3,0,51
2016-04-23,16.6,14.7,20.2,2.9,53
2016-04-24,16.9,14.3,20.7,0,86
2016-04-25,16.8,13.7,19.8,0,64
2016-04-26,18.2,14,24.2,1,33
2016-04-27,14.3,13.1,16,13.6,31
2016-04-28,13.9,12.7,15.9,8.6,47
2016-04-29,14.9,11.3,19,0,42
2016-04-30,17,11.8,22.1,0,80
2016-05-01,18.4,14.2,22.4,0,94
2016-05-02,21.3,16.5,25.7,0.8,42
2016-05-03,18.4,15,24.3,7.6,52
2016-05-04,20.8,16.3,25.7,0,61
2016-05-05,18.8,15.6,23.1,0.4,85
2016-05-06,18.6,15.8,23.1,3,130
2016-05-07,17.7,13.8,21.2,0,109
2016-05-08,18.1,14.9,23.8,0.7,63
2016-05-09,15.4,14.7,16.6,0.2,49
2016-05-10,14.6,13.3,15.8,31.6,37
2016-05-11,15.7,13.4,18.9,0,43
2016-05-12,17.1,14.1,21.3,0,49
2016-05-13,16.7,14.8,19.6,0,66
2016-05-14,18.3,15.9,22,0,187
2016-05-15,21.5,14.2,30.4,0,77
2016-05-16,15.6,11.8,19.5,16.7,49
2016-05-17,19.5,14.5,24,0,28
2016-05-18,19.6,15.3,24,0,53
2016-05-19,19.8,16.8,24.8,0,28
2016-05-20,19.9,15.4,24,0,40
2016-05-21,20.8,18.2,23.8,0,70
2016-05-22,21,18.7,23.3,0,72
2016-05-23,23.1,19.6,28,0,38
2016-05-24,18.6,16.6,22.5,20.8,33
2016-05-25,19,15.7,22.3,0,43
2016-05-26,20.7,17.7,23.6,0,45
2016-05-27,19.3,17.5,23,2.5,47
2016-05-28,18.6,17.1,22.2,16.6,43
2016-05-29,17.5,16.4,19.8,12.1,54
2016-05-30,20.3,15.7,24.9,0,27
2016-05-31,20.7,17.2,25.3,0,41
2016-06-01,20,17.9,22.3,0,37
2016-06-02,20,16.7,23.4,0,36
2016-06-03,22.8,17.1,28.8,0,47
2016-06-04,18.6,17.1,23.8,3.6,50
2016-06-05,19.8,17.2,21.8,0,79
2016-06-06,18.6,17.8,20.1,8.4,67
2016-06-07,20,18.8,23.9,0,37
2016-06-08,20,18.8,22.1,0.5,26
2016-06-09,20.8,19.4,23.9,0,32
2016-06-10,23.2,19.1,27.1,0,38
2016-06-11,24,20.3,29.3,0,77
2016-06-12,22.5,20.2,24.7,4.8,60
2016-06-13,21.8,20.2,24.8,0,38
2016-06-14,21.8,19.8,25.1,0,35
2016-06-15,23.3,19.8,26.5,0,25
2016-06-16,21.8,20.5,24,0.1,34
2016-06-17,22.4,19.7,25.9,0,42
2016-06-18,22.9,19.9,25.3,3.7,29
2016-06-19,24.8,23,28.2,0,50
2016-06-20,23.9,22.3,26.5,28,13
2016-06-21,23.9,21.4,26.3,3.3,38
2016-06-22,23.8,21.3,27,45.5,21
2016-06-23,24.8,21.4,29.2,0.6,30
2016-06-24,24.9,22.2,30.2,0.3,37
2016-06-25,23.5,21.7,27.6,0,54
2016-06-26,24,21.9,27.1,0,53
2016-06-27,20.4,18.3,22.5,6.7,22
2016-06-28,21,19.1,23.4,7.3,27
2016-06-29,22.2,20.1,25.1,49.9,33
2016-06-30,24.9,21.4,28.4,0,27
2016-07-01,27.3,23.4,29.6,18.8,31
2016-07-02,25.2,22.5,29.6,5.9,40
2016-07-03,23.7,22.3,28.8,8,41
2016-07-04,29.1,24.5,34,0,52
2016-07-05,30.8,26.2,34.4,0,41
2016-07-06,28.1,25.1,32.5,0,39
2016-07-07,26.9,24.1,32.5,0.9,30
2016-07-08,25.6,24,27.2,0.3,45
2016-07-09,25,22.7,28.4,0,48
2016-07-10,24.2,22.5,25.7,2.8,36
2016-07-11,23.9,22.9,25.1,3.9,35
2016-07-12,24.6,22.5,27.2,57.1,15
2016-07-13,26.6,25.1,30.1,0.9,36
2016-07-14,25.9,23.9,29.1,0,33
2016-07-15,26.7,22.8,30.8,0,34
2016-07-16,26.3,24.3,30.9,0,44
2016-07-17,25.6,24.1,28.8,0,39
2016-07-18,25.4,23.6,27.7,0,32
2016-07-19,28,25,31.9,0,36
2016-07-20,28,26.2,31.7,0,34
2016-07-21,28.5,26,31.3,0,48
2016-07-22,28.4,25.9,31.6,0,34
2016-07-23,28.5,25.9,32.4,0,43
2016-07-24,28.5,26,30.9,0,62
2016-07-25,28.6,26.1,31.3,0,35
2016-07-26,29.1,27,31.9,0,44
2016-07-27,29.8,27.4,33.1,0,41
2016-07-28,30.1,28.2,35.5,0,49
2016-07-29,30.1,28.2,32.6,0,46
2016-07-30,30.4,28.4,34,0,66
2016-07-31,29.6,27.8,31.9,0,65
2016-08-01,29.6,27.3,32.6,0,78
2016-08-02,29.2,27.3,31.8,0.1,79
2016-08-03,27.8,25.7,29.5,3.5,64
2016-08-04,28.8,26.6,33.2,3.3,48
2016-08-05,28.4,26.5,31.2,0,48
2016-08-06,28.7,26.4,32.5,0,52
2016-08-07,29,25.9,33.9,1.6,45
2016-08-08,29.1,26.9,32.2,0,58
2016-08-09,29.3,27.1,31.4,0,38
2016-08-10,29.1,27.6,31.9,0,39
2016-08-11,30.2,26.9,33.1,0,51
2016-08-12,30.5,27.8,34.4,0,64
2016-08-13,30.5,27.8,33.8,0,61
2016-08-14,30.6,27.8,33.9,0,74
2016-08-15,30.5,28,33.8,0,71
2016-08-16,30,27.2,33.1,0,62
2016-08-17,29,25.5,33.2,0,47
2016-08-18,29.6,27.1,31.9,0,59
2016-08-19,28.7,26.9,31.4,4.5,45
2016-08-20,28.8,26.6,31.8,0,60
2016-08-21,28.7,26.3,31.3,0,40
2016-08-22,29.4,27.9,31.6,0,36
2016-08-23,29,27.1,31.2,0,48
2016-08-24,28,26.4,29.8,0,39
2016-08-25,28.1,26.5,30.6,0,44
2016-08-26,28.2,26,31.7,0,39
2016-08-27,24.7,22.4,26.3,13,66
2016-08-28,22.8,19.9,25.3,49.6,53
2016-08-29,24.1,22.2,27.3,0,37
2016-08-30,25.3,22.9,28,0,46
2016-08-31,26.4,23.5,29.8,0,51
2016-09-01,27.1,21.7,33,4.7,37
2016-09-02,23.2,21.9,24.5,16.4,40
2016-09-03,24.5,22.6,26.7,0,33
2016-09-04,26.3,24.1,28.8,0,32
2016-09-05,26.1,24.5,29.2,0,39
2016-09-06,24.9,23.1,27.1,0,40
2016-09-07,24.5,23.2,26.7,0.9,30
2016-09-08,25,21.7,27.8,0,26
2016-09-09,25.1,23.1,28.1,0,44
2016-09-10,24.1,21.9,26.6,0,61
2016-09-11,24.7,22.9,26.9,0,72
2016-09-12,23,20.8,24.9,11.4,56
2016-09-13,24.4,21.4,27,0,48
2016-09-14,23.6,22.4,26.3,0.8,68
2016-09-15,24.2,22.4,27,0.1,132
2016-09-16,24.8,22.9,26.4,0.9,103
2016-09-17,26.8,24.7,30.2,3.4,62
2016-09-18,24.1,21.6,27,1.3,58
2016-09-19,22,20.7,22.9,17.5,18
2016-09-20,22.4,20.7,24.6,0,39
2016-09-21,22,19.6,24.6,0,47
2016-09-22,22,19.8,24.8,1.4,57
2016-09-23,22,18.9,24.9,0,52
2016-09-24,22.8,20.6,25,0,84
2016-09-25,23.4,20.6,25.1,0,83
2016-09-26,24.2,23.5,25.6,3,36
2016-09-27,25,22.9,28.2,3.5,42
2016-09-28,23.1,22.2,24.7,61.8,29
2016-09-29,21.6,20.5,22.7,24.2,30
2016-09-30,21.1,20.4,22.2,21,47
2016-10-01,22.7,21.5,25.3,5,67
2016-10-02,26.5,21.7,32.1,0,96
2016-10-03,25.7,23.6,29.3,0,76
2016-10-04,23.8,21.8,26.5,16.6,43
2016-10-05,22.6,20.4,26.5,158.5,36
2016-10-06,21.9,19.9,24.7,0,20
2016-10-07,22.8,21.3,25,1.9,31
2016-10-08,21.8,17.3,26.6,23.1,24
2016-10-09,17.5,15.8,19.5,0,75
2016-10-10,18.5,15.6,21.4,0,33
2016-10-11,19,17.5,20.8,0,36
2016-10-12,19.6,17.4,21.9,0,39
2016-10-13,19.9,18.2,22.3,0,42
2016-10-14,20.6,18.7,24,0,53
2016-10-15,20.5,17.9,24.5,0,81
2016-10-16,21.8,19.8,23.6,2.9,67
2016-10-17,21.6,19.4,24.4,0,39
2016-10-18,20.7,19.2,22.3,0,57
2016-10-19,21.1,19.9,23,0,42
2016-10-20,20.3,18.3,21.3,0,23
2016-10-21,19.6,18.7,21.3,18.4,32
2016-10-22,18.8,18.3,19.3,20.9,57
2016-10-23,19.1,17.4,21.9,2.6,81
2016-10-24,19,17.2,21.7,0,44
2016-10-25,19.8,17,25.9,1.2,42
2016-10-26,17.3,15.1,20.8,7.5,26
2016-10-27,19.4,15.5,23.2,0.1,44
2016-10-28,18.7,16.6,21.7,23.2,49
2016-10-29,14.8,13,17,0,59
2016-10-30,14.1,12.2,16.6,0,61
2016-10-31,14.7,13.5,16.8,0.5,43
2016-11-01,10.9,9.8,13.7,0,36
2016-11-02,11.5,9.3,14,0,29
2016-11-03,13.7,10.6,17.7,0,27
2016-11-04,14.5,10.8,19.5,0,53
2016-11-05,16.8,11.6,22.9,0,62
2016-11-06,17.4,13.3,21.3,0,75
2016-11-07,18.1,15.8,21.7,0,44
2016-11-08,12.6,10.5,17.7,5.5,26
2016-11-09,10.6,7.8,12.3,0,54
2016-11-10,13.1,10.9,15.2,7.4,27
2016-11-11,14.5,11.3,18.3,0,55
2016-11-12,15.5,9.7,20.2,0,59
2016-11-13,17.4,14.5,21.9,9.5,50
2016-11-14,18.7,16.7,23.2,14,46
2016-11-15,13.8,10.3,16.8,0,45
2016-11-16,13,8.4,16.6,0,66
2016-11-17,15.8,11.8,19.6,0,39
2016-11-18,19.3,15.5,22.6,0.5,44
2016-11-19,17.9,17.3,20.4,3.6,66
2016-11-20,16.7,15.2,17.8,0,65
2016-11-21,17.4,15.9,19.4,9.2,38
2016-11-22,11.4,8.3,16.9,0,39
2016-11-23,8.4,7.5,10.6,0,43
2016-11-24,7.5,6.7,8.8,0.1,43
2016-11-25,9.3,7.4,11.7,0,37
2016-11-26,10.6,7.2,13.7,18.7,62
2016-11-27,11.6,10.3,12.9,1.7,80
2016-11-28,10.1,8.6,11.7,0,44
2016-11-29,9.8,8,12,0,65
2016-11-30,13,10.1,16.4,1.1,49
2016-12-01,11.8,8.5,13.9,0,39
2016-12-02,8.5,6.2,11.6,0,43
2016-12-03,9.5,5.9,14.1,0,92
2016-12-04,12,8.1,14.5,0,75
2016-12-05,13.2,10.8,16,0,63
2016-12-06,7.4,4.7,10.9,0,44
2016-12-07,10,4.7,13.9,0,29
2016-12-08,11.1,6.7,14.9,0,45
2016-12-09,10.3,7.1,14.4,0,64
2016-12-10,7.9,6.6,10.3,0,86
2016-12-11,8.3,3.3,11.3,0,86
2016-12-12,12.8,7.9,16.4,0,51
2016-12-13,12,9,14.4,0,43
2016-12-14,6.8,5.7,9.1,0,56
2016-12-15,5.3,3.7,6.4,0.9,53
2016-12-16,5.1,3.1,6.4,1.3,57
2016-12-17,7.8,4.4,11.7,0,106
2016-12-18,11.6,5.5,16.8,0,111
2016-12-19,14.7,12.1,16.9,7,59
2016-12-20,13.3,11.5,14.9,0.2,62
2016-12-21,18.5,13.9,22.3,12.1,56
2016-12-22,11.1,9,21.6,7.6,70
2016-12-23,7.4,6.1,9.2,0.2,68
2016-12-24,6.9,5.9,8,0,128
2016-12-25,10,5.8,14.5,1.4,116
2016-12-26,12.1,8.5,16.7,25.2,54
2016-12-27,6.2,3.8,9.1,0.7,101
2016-12-28,5.5,3.9,7.9,0,121
2016-12-29,5.4,4,7.6,0,94
2016-12-30,5,3.6,7.7,0,117
2016-12-31,7,3.4,10,0,124
2017-01-01,9.9,6,13,0,149
2017-01-02,11.3,9.8,13.8,0.9,117
2017-01-03,9.1,6.9,11.7,0,103
2017-01-04,8.9,6,12.2,0,88
2017-01-05,11.1,8.4,13.5,9.8,81
2017-01-06,11.5,10.4,13.6,2,81
2017-01-07,11.3,9.9,12.4,13.5,96
2017-01-08,10.9,9.9,12.6,17.2,137
2017-01-09,8.1,6.4,10,0,88
2017-01-10,6.4,5.6,7.2,0,97
2017-01-11,4.6,3.5,5.6,0,84
2017-01-12,7.4,5.1,10.1,0,84
2017-01-13,6.5,3.1,10,0,86
2017-01-14,3.3,1.3,4.6,0,128
2017-01-15,2.8,0.7,5,0,99
2017-01-16,4.3,2.3,6.2,0,77
2017-01-17,5.1,1.7,8.9,0,56
2017-01-18,6.5,4.6,7.8,0,82
2017-01-19,6.2,5.1,8.5,0,67
2017-01-20,3.9,1.1,7.3,0.2,74
2017-01-21,4.6,2.5,6.8,0,102
2017-01-22,3.6,1.5,6.6,0.8,85
2017-01-23,2.1,0.7,3.6,0,63
2017-01-24,3.5,2.3,5.2,0,72
2017-01-25,3.7,1.7,6.6,0,44
2017-01-26,5.4,0.7,8.9,0,35
2017-01-27,6.8,2.1,11.3,0,49
2017-01-28,7.1,1.1,12.3,0,153
2017-01-29,11.8,8.2,14.8,2.9,141
2017-01-30,3.9,1.7,9.7,3.4,110
2017-01-31,3.2,1.4,5.6,0,54
2017-02-01,4.1,2.5,6.2,0,55
2017-02-02,4.2,1.3,7.8,0,74
2017-02-03,6.2,1.9,9.7,0,71
2017-02-04,10.1,8,12.4,2.5,71
2017-02-05,9.1,7.4,11.4,2.5,94
2017-02-06,5.3,4.3,7.7,0,57
2017-02-07,5.6,4,8.7,0,59
2017-02-08,5.4,3.6,7.5,0.2,52
2017-02-09,2.7,0.3,4.6,0.9,49
2017-02-10,1.6,-1.1,3.1,3.7,53
2017-02-11,3,-0.4,4,2.2,81
2017-02-12,4.8,3.1,8,0,77
2017-02-13,6.8,1.3,10.5,0,81
2017-02-14,7.1,5.1,9.9,0,78
2017-02-15,6.9,2.4,11,0,69
2017-02-16,13.4,5,18.9,0,85
2017-02-17,9.5,4.3,17.4,0,83
2017-02-18,4.6,3,7.5,0,115
2017-02-19,10.1,0.9,17.5,0,115
2017-02-20,8,2.6,17.9,0.6,95
2017-02-21,7.6,2.3,12.7,0,63
2017-02-22,10.6,6.7,14.4,26.5,32
2017-02-23,5,3.1,6.8,0,72
2017-02-24,5.1,3.1,7.6,0,65
2017-02-25,8.2,4.8,10.7,0,97
2017-02-26,8.3,5.7,11.6,0,114
2017-02-27,7.1,3.7,10.7,0,66
2017-02-28,8.7,3.9,13.3,0,45
2017-03-01,10.7,7,15.8,1.1,64
2017-03-02,5.7,4.7,8.4,0,48
2017-03-03,7.4,3,10.8,0,42
2017-03-04,10.4,6.8,14.4,0,63
2017-03-05,10,7.7,13.8,0,62
2017-03-06,6.3,4.3,9.3,0,30
2017-03-07,5,3.4,8.6,0.2,34
2017-03-08,6.1,3.3,8.3,0,23
2017-03-09,9.8,6.8,13.1,0,30
2017-03-10,10.2,7.3,13.9,0,38
2017-03-11,11.1,6.1,14.9,0,86
2017-03-12,13,8,17.8,0,66
2017-03-13,10.4,9,12.9,0,52
2017-03-14,8.9,6.7,12,0,52
2017-03-15,8.3,6.1,12.4,0,53
2017-03-16,8.7,5.3,12.1,0,36
2017-03-17,9.4,5,13.2,0,62
2017-03-18,10.7,7.1,14.6,0,86
2017-03-19,12.7,7.4,15.7,0,90
2017-03-20,11.8,9.9,13.8,23,24
2017-03-21,9.3,7.4,11.4,0.9,54
2017-03-22,9.2,5.3,12,0,55
2017-03-23,10,8,13.5,6.4,48
2017-03-24,11.3,7.4,14.7,0,60
2017-03-25,9.9,8.3,11.5,2.9,70
2017-03-26,8.7,6.8,11.3,0,70
2017-03-27,10.2,8.2,12.7,0,68
2017-03-28,11.7,6.9,14.8,0.3,79
2017-03-29,14.4,11,17.9,0,56
2017-03-30,12.8,11.1,15,0,55
2017-03-31,10.7,9.4,12.9,13.4,63
2017-04-01,10.6,9.1,13.4,0,110
2017-04-02,12,8.8,16.1,0,86
2017-04-03,13.6,8.5,17.8,0,83
2017-04-04,14.5,10.5,18.2,0,67
2017-04-05,18.6,14.7,23.1,0.4,45
2017-04-06,16.6,14.1,20.2,17.4,21
2017-04-07,14.8,11.4,18.8,0,65
2017-04-08,14.4,11.3,18.4,0,95
2017-04-09,13.6,10.8,15.8,0,94
2017-04-10,13.4,12.3,14.6,3.9,54
2017-04-11,12.3,10.6,15.9,9.1,61
2017-04-12,13.5,11.4,17.2,0,60
2017-04-13,16,11.7,20.2,0,74
2017-04-14,18.3,11.6,24.1,0,67
2017-04-15,18.9,15.5,22.1,0,102
2017-04-16,16.6,14,21.8,0,87
2017-04-17,16.7,12.2,22,14.4,41
2017-04-18,16.2,12.3,25,0,74
2017-04-19,14.9,12.1,18,0,54
2017-04-20,15,13.3,18.2,0,55
2017-04-21,14.3,12.3,17.3,0,57
2017-04-22,13.9,11,17.4,0,79
2017-04-23,14.4,10.2,17.6,0,83
2017-04-24,17.2,12,22,0,50
2017-04-25,18.3,15.7,21.3,0,56
2017-04-26,15.6,13.6,18.4,6.2,33
2017-04-27,14.5,12.2,17.8,0,53
2017-04-28,18.4,14.1,21.8,0,66
2017-04-29,19.6,15.5,24.1,0,94
2017-04-30,24.5,20.2,27.6,0,132
2017-05-01,18.2,15.1,23.1,0,130
2017-05-02,18.1,16.5,21.5,0,166
2017-05-03,19.7,15.5,25.3,0,374
2017-05-04,20.8,16.7,26.9,5.8,139
2017-05-05,20.5,17.1,25.1,0.3,149
2017-05-06,16.7,15.2,20.3,0,136
2017-05-07,20,14.7,24.4,0,94
2017-05-08,18.6,16.5,22.1,0.8,50
2017-05-09,16.3,14.2,19.4,4.3,46
2017-05-10,15.8,14.2,18.6,1.5,36
2017-05-11,23.7,15.1,28.1,0,49
2017-05-12,17.9,15.6,20.7,25.3,34
2017-05-13,18.7,15.1,23.1,0,71
2017-05-14,17.2,13.7,23.2,0,52
2017-05-15,17.5,14.5,21.3,0,39
2017-05-16,17.8,15,20.3,0,31
2017-05-17,18.9,15.6,21.4,0,44
2017-05-18,20,16,23.6,0,42
2017-05-19,20.2,16.9,24.3,0,42
2017-05-20,20.2,17.7,23.7,0,66
2017-05-21,21.8,17.8,27.8,0,87
2017-05-22,22,17.6,27.5,0,51
2017-05-23,20.9,18.1,26.6,0,33
2017-05-24,20,18.2,23.2,0.5,44
2017-05-25,20,16.3,25.1,0,47
2017-05-26,17.5,14.8,21.4,0,59
2017-05-27,17.8,13.6,21.5,0,87
2017-05-28,20.6,16.8,23.3,0,75
2017-05-29,22.8,18.3,27.1,0,40
2017-05-30,22.6,19.4,26.8,0,31
2017-05-31,21.9,18.5,26.3,0,31
2017-06-01,21.2,18.3,25.4,0,54
2017-06-02,20.2,17.2,25.6,0,47
2017-06-03,20.4,17.5,24.1,0,79
2017-06-04,20.3,16.7,23,0,88
2017-06-05,21.9,19.4,27.1,0,94
2017-06-06,20.9,18.9,24.9,3.9,30
2017-06-07,19.9,17.9,25.1,1.2,55
2017-06-08,20.4,17.5,24.8,0,44
2017-06-09,23.4,18.9,26.9,0,64
2017-06-10,22.9,20.4,25.7,0.9,75
2017-06-11,21.6,19.9,26.2,0,76
2017-06-12,20.5,18.9,23.3,0,55
2017-06-13,19.1,17.7,21.3,0,75
2017-06-14,20.1,17.3,24.8,0,51
2017-06-15,21.9,17.8,26.2,0,68
2017-06-16,22.2,20.5,24.7,0,70
2017-06-17,21.7,19.3,25.1,0,106
2017-06-18,23,20.2,28,0,105
2017-06-19,23.4,20.9,26,0,70
2017-06-20,22.3,19.6,24.4,11.7,42
2017-06-21,22.3,19.7,25.8,0,67
2017-06-22,23.1,20.8,26.6,0,64
2017-06-23,23.1,21.2,25.8,0,58
2017-06-24,22.5,21.2,24.5,2.2,91
2017-06-25,23.4,21.1,25.8,0,105
2017-06-26,23.4,21.6,26.4,0,64
2017-06-27,23.2,21.6,25.5,1,76
2017-06-28,24.1,21,26.4,0,71
2017-06-29,22.1,21,23.2,39.8,42
2017-06-30,24,21.9,26.8,0,77
2017-07-01,26.6,23.1,28.9,0,85
2017-07-02,30.3,24.8,34.7,0,104
2017-07-03,28.9,26.1,33.4,0,48
2017-07-04,28.9,25.5,33.9,0,70
2017-07-05,28.2,26.1,31.9,0.7,55
2017-07-06,27.9,26,32.9,0,57
2017-07-07,29.2,25.6,31.6,0,75
2017-07-08,28.2,24,32,0,101
2017-07-09,28.2,26.1,30.2,0,92
2017-07-10,30.3,27.5,34.1,0,64
2017-07-11,26,24.2,28.3,24.8,59
2017-07-12,26.8,24.6,29.3,0,40
2017-07-13,27.4,24.8,30.8,0,78
2017-07-14,28.8,26,30.7,0,64
2017-07-15,29.2,27.4,32.5,0,72
2017-07-16,30,27.1,35.5,0,95
2017-07-17,30.8,28.1,34.5,0,58
2017-07-18,29.2,26.7,31.3,7.9,51
2017-07-19,29.1,26.3,32.3,0,51
2017-07-20,31.1,27.9,34.8,0,54
2017-07-21,32.1,28.6,37,0,49
2017-07-22,30.1,27.9,34.2,0,73
2017-07-23,31,28.2,33.9,0,79
2017-07-24,31.8,29.4,34.9,0,51
2017-07-25,30.7,27.9,34.4,0,59
2017-07-26,26.8,25.5,28.8,0,64
2017-07-27,28.3,26.1,31.9,0,52
2017-07-28,28.7,25.2,32,0,64
2017-07-29,29.2,27.6,32,0,81
2017-07-30,30.6,27.7,34,0,113
2017-07-31,30.6,28.2,36.3,1.8,97
2017-08-01,31,28.3,35.7,0,96
2017-08-02,29.6,28.2,32.9,0,77
2017-08-03,30.5,26.8,35.3,0,95
2017-08-04,29.7,28.1,32.5,0,87
2017-08-05,29.9,28.4,32.7,0,81
2017-08-06,30.2,28.7,33.1,0,80
2017-08-07,30.9,28.6,34,0,59
2017-08-08,29.5,24.7,32.8,58.7,72
2017-08-09,29.2,26,31.8,11.8,76
2017-08-10,28.7,27.2,32,0,72
2017-08-11,28.8,26.5,31.6,0,69
2017-08-12,28.7,26.6,32.7,0,113
2017-08-13,27.7,26.8,30,0.5,96
2017-08-14,28.7,25.2,32.5,50.9,97
2017-08-15,28.9,27.3,32.8,1.2,86
2017-08-16,28.3,26.2,31.2,0,82
2017-08-17,27.7,25.2,30.6,2.3,81
2017-08-18,27.2,24.6,29.7,0,63
2017-08-19,27.6,25.3,33,2.9,88
2017-08-20,28.9,25.9,33.3,3.1,87
2017-08-21,28,23.9,31.7,27.4,85
2017-08-22,30,26.8,32.8,0.1,51
2017-08-23,30.7,28,33.1,0,80
2017-08-24,31.5,28.5,35.7,0,72
2017-08-25,29.6,27.9,32.5,0.6,68
2017-08-26,27.2,24.4,29.8,0,101
2017-08-27,26.6,22.7,29.7,0,115
2017-08-28,28.8,24.6,33.5,0,96
2017-08-29,26.6,23.3,28.9,0,104
2017-08-30,24.2,22.1,26.7,0,71
2017-08-31,24.3,22.7,27.4,0,77
2017-09-01,25.1,23.3,27.6,0,90
2017-09-02,23.5,21.9,25.8,0,106
2017-09-03,24.4,21.9,26.8,0,124
2017-09-04,24.5,23.6,26,3.2,88
2017-09-05,25.9,23,28.5,2.2,83
2017-09-06,27.9,24.5,32.1,19.7,84
2017-09-07,22.7,20.3,24.6,35.9,109
2017-09-08,23.7,21.2,27.1,0,103
2017-09-09,24.7,21,27.9,0,132
2017-09-10,25.9,22.2,30.3,0,146
2017-09-11,25.3,22.6,29.1,21.3,106
2017-09-12,24.5,22.3,27.6,0,106
2017-09-13,23.9,19.7,27.3,0,91
2017-09-14,24.2,21.8,26.7,0,110
2017-09-15,23.7,23,25,0,101
2017-09-16,23.3,22.7,23.5,0.2,78
2017-09-17,23.3,21.6,26.3,0.1,131
2017-09-18,23.5,20.5,26.9,0,108
2017-09-19,24.9,21.8,29.9,0,100
2017-09-20,23.9,21.5,26.2,0,109
2017-09-21,21.9,19,24.6,0,102
2017-09-22,23.6,21.6,28.1,0,87
2017-09-23,22.5,20.6,26.6,0,151
2017-09-24,23.7,20.4,29.2,0,141
2017-09-25,24.9,21.9,28.5,0,101
2017-09-26,25.8,23.9,29.6,0.4,68
2017-09-27,23.5,21.4,25.6,0.4,62
2017-09-28,22.9,21,26.2,0,72
2017-09-29,20.8,18.5,24.2,0,73
2017-09-30,22.6,18,28.2,0,136
2017-10-01,23.2,19.9,27,38.4,93
2017-10-02,22.6,21.1,26.2,67.5,156
2017-10-03,21.4,19.4,24,0.2,207
2017-10-04,20.9,19.1,23.1,0,241
2017-10-05,20.7,17.1,22.5,8.4,235
2017-10-06,20.7,17,23.1,10.6,192
2017-10-07,21.3,20.4,22.9,0,219
2017-10-08,22.8,19.7,25.2,0,193
2017-10-09,23.4,19.7,25.9,0,139
2017-10-10,24.2,21.7,27.4,0,65
2017-10-11,20.9,18.1,25.7,0,43
2017-10-12,17.5,15.7,18.7,0.8,58
2017-10-13,17.6,15.2,19.8,0,61
2017-10-14,18.6,17.1,20.4,0.8,86
2017-10-15,18.1,16,20.1,20,73
2017-10-16,18,16.7,20.3,15.3,52
2017-10-17,19.7,17.2,20.7,0,75
2017-10-18,19.5,19,20.4,0,86
2017-10-19,18.6,16.4,20.3,0,69
2017-10-20,19.2,16,22.1,0,83
2017-10-21,19.7,17.9,22,0,135
2017-10-22,19.8,18.7,21.4,0,110
2017-10-23,17.9,15.5,20.4,0,67
2017-10-24,17.5,14.3,21,0,73
2017-10-25,16.3,13.6,19.6,0,81
2017-10-26,17.2,12.9,21,0,96
2017-10-27,18.4,15.6,21,0,76
2017-10-28,19.7,17.8,20.5,0,104
2017-10-29,16.8,13.3,20.5,0,131
2017-10-30,13.2,10.6,16.2,0,81
2017-10-31,13.4,9.8,17.6,0,83
2017-11-01,14.1,10.8,18.5,0,65
2017-11-02,15.6,12.2,19.6,0,82
2017-11-03,16.1,12.9,21.2,0,91
2017-11-04,11.7,8.9,13.8,0,126
2017-11-05,11.8,8.7,15.5,0,140
2017-11-06,15.8,10.1,19.8,0,89
2017-11-07,19.8,15.7,23.8,0.1,75
2017-11-08,17,12.5,20.5,0,81
2017-11-09,14.4,10.1,19,0,85
2017-11-10,17.2,12.8,24.2,0,86
2017-11-11,12.2,10.5,14.5,0,131
2017-11-12,11.7,8,14.9,0,151
2017-11-13,13.2,9.4,17.1,0,108
2017-11-14,14.8,12.1,17.3,0,137
2017-11-15,12.6,11.1,15.3,0,126
2017-11-16,11,8.8,13.7,0,122
2017-11-17,12.8,8.9,15.8,0.9,81
2017-11-18,7.9,5.9,14.4,0.1,145
2017-11-19,8,6.5,9.8,0,194
2017-11-20,9.7,7.6,13.1,2.3,127
2017-11-21,9.7,6,13.5,0,105
2017-11-22,12.3,10.1,15.3,0.7,83
2017-11-23,9.7,8.9,11.2,0,101
2017-11-24,10.3,8.3,13,0,106
2017-11-25,12,7.7,16.2,0,179
2017-11-26,14.1,10.9,17.2,1.6,194
2017-11-27,9.4,7.4,11.8,0,123
2017-11-28,12.5,7,16.1,2.6,97
2017-11-29,12.1,9.2,14.5,10.9,109
2017-11-30,7.4,5,9.7,0,108
2017-12-01,6,3.9,8.2,0,115
2017-12-02,6.7,2.9,10.8,0,139
2017-12-03,10,5.4,14.3,0,170
2017-12-04,8.9,5.8,12.3,0,111
2017-12-05,5.4,2.4,7.5,4.3,95
2017-12-06,8.3,5.7,11.3,0.2,121
2017-12-07,9.7,7.3,13.2,0.2,88
2017-12-08,5.7,3.8,7.5,0,112
2017-12-09,8.8,6.3,11.7,0,163
2017-12-10,10.6,8.1,13.3,8.3,151
2017-12-11,6.2,3.5,9.3,0.3,107
2017-12-12,3.2,2.2,4.6,0,106
2017-12-13,3.3,2.5,4.8,0,117
2017-12-14,5.1,0.7,7.7,0,92
2017-12-15,6.9,4.3,9.3,0,117
2017-12-16,5.8,1.6,9.4,1.1,166
2017-12-17,3.9,2.1,5.6,1,137
2017-12-18,7.2,4.5,8.8,0,114
2017-12-19,6.3,3.8,9.5,0,111
2017-12-20,6.1,4.2,8.4,0.4,112
2017-12-21,7.4,6.1,9.8,0,148
2017-12-22,8.3,4.6,12.3,0,148
2017-12-23,11.4,7.9,15.1,0,180
2017-12-24,11.3,7.9,14.6,6.7,220
2017-12-25,6,5.4,8,0,216
2017-12-26,7,4.2,9.4,0,155
2017-12-27,4,2.4,5.9,0,122
2017-12-28,5.4,2.3,7.2,0,134
2017-12-29,8.5,4,11.7,0,204
2017-12-30,10.5,9.5,12.5,1.4,219
2017-12-31,7.8,6.7,9.8,1.5,263
2018-01-01,6.4,4,8.8,0,232
2018-01-02,7,3,10.1,0,157
2018-01-03,5,3.5,8.4,0,148
2018-01-04,3.9,2.4,4.6,0.6,135
2018-01-05,5.1,1.9,6.5,4.2,124
2018-01-06,6.2,4.8,8.7,0,162
2018-01-07,8.5,4.4,11.5,3.6,151
2018-01-08,8.7,6.1,11.3,4.1,128
2018-01-09,4.9,2.8,7,0.4,127
2018-01-10,2.4,-0.5,5.9,3.4,117
2018-01-11,0,-2.2,1.7,8.3,55
2018-01-12,0.7,-2.3,2.3,1.8,78
2018-01-13,4.5,1.4,6.9,0,134
2018-01-14,7.8,3.1,12.9,0,177
2018-01-15,10.8,7.8,14.4,0,148
2018-01-16,12.1,8.7,14.4,16.5,102
2018-01-17,9.5,8.5,11.5,3.8,154
2018-01-18,8.9,6.3,10.8,0,122
2018-01-19,6.8,4.3,9.4,0,155
2018-01-20,6.1,2.8,9.9,0,196
2018-01-21,8.5,3.9,11.4,0,175
2018-01-22,9,7.1,10.9,0.7,180
2018-01-23,2.1,0,7.6,0.3,167
2018-01-24,-1.2,-2.4,1.2,4.5,137
2018-01-25,-1.9,-2.6,-1.2,0,156
2018-01-26,-1.3,-2.1,-0.4,0.1,122
2018-01-27,0.9,-1.6,3.6,0,181
2018-01-28,2.6,0.5,4.6,2,135
2018-01-29,1.8,-0.1,4,1.7,158
2018-01-30,2.2,-0.2,4.1,1.5,120
2018-01-31,3.8,2.1,5,0.5,121
2018-02-01,4.5,3.2,6.8,0,127
2018-02-02,3.8,1.6,6.1,0,146
2018-02-03,1.4,-0.7,4.9,1.1,114
2018-02-04,-0.4,-2.3,0.8,5.9,101
2018-02-05,0.2,-1.7,2.6,3.5,80
2018-02-06,-0.6,-2.5,0.8,5.7,62
2018-02-07,0.6,-1.3,1.9,1.7,60
2018-02-08,2.5,-0.7,6.8,3.1,65
2018-02-09,6,1.4,11.2,0,112
2018-02-10,5.8,2.7,7.9,2.2,143
2018-02-11,2.5,1,5.4,0.8,153
2018-02-12,2.7,-0.1,4.1,0,104
2018-02-13,4.9,2.7,8.3,0,104
2018-02-14,9.8,2.5,15.4,0,106
2018-02-15,7.1,4.6,10.5,0,161
2018-02-16,6.1,3.9,9.7,0,216
2018-02-17,4.4,2.8,7.5,0,248
2018-02-18,6.7,1.7,10.2,0.9,167
2018-02-19,8.3,5.5,10.5,2.1,103
2018-02-20,8.4,4.6,11.9,0,116
2018-02-21,5.5,4.2,7.5,0,106
2018-02-22,5,3.2,7.6,0,138
2018-02-23,8.7,3.3,13.1,0,157
2018-02-24,9.4,5.3,13.3,0,194
2018-02-25,9.8,6.7,13.2,0,167
2018-02-26,8.1,4.2,11.9,0,126
2018-02-27,10.6,5.8,15,0,147
2018-02-28,11,6.9,17.5,59.6,47
2018-03-01,6.8,3.3,10.5,0,172
2018-03-02,5.7,2.8,9.1,0,161
2018-03-03,12,6,19.2,0,157
2018-03-04,17.2,10.9,23.2,0.8,131
2018-03-05,10.4,8.2,21.7,3.9,79
2018-03-06,9.6,8.2,11.3,0,94
2018-03-07,10,8.4,11.6,30.1,75
2018-03-08,6.8,5.1,8.6,18.2,83
2018-03-09,5.6,4.2,7.8,0,121
2018-03-10,8.1,4.3,11.5,0,133
2018-03-11,8.7,5.1,12.1,0,149
2018-03-12,11.2,7,15.3,0,72
2018-03-13,14.7,9.6,19.2,0,94
2018-03-14,16.9,12.5,20.3,0,107
2018-03-15,17.1,12,21.7,16,42
2018-03-16,9.5,8.8,12.1,1.9,105
2018-03-17,10,7.3,13.8,0,167
2018-03-18,15.2,7.8,22.3,3.1,146
2018-03-19,12.6,10.1,16.2,8.7,89
2018-03-20,8.3,6.5,10.2,14.1,62
2018-03-21,5.4,4.2,6.6,21.2,61
2018-03-22,7.3,5.3,10.4,0,114
2018-03-23,8.6,4.6,11.9,0,109
2018-03-24,12.2,7.7,16.5,0,133
2018-03-25,13.2,9.6,16.9,0,162
2018-03-26,13.7,9.7,17,0,103
2018-03-27,14.8,10.3,19.1,0,122
2018-03-28,15.1,9.5,19.1,0,103
2018-03-29,15.6,12,19.3,0,113
2018-03-30,15.5,13.5,18.9,0,141
2018-03-31,17,13.3,21,0,143
2018-04-01,18,15.2,21.3,0,170
2018-04-02,18,15.3,21.3,0,117
2018-04-03,17.7,15.3,21.5,0,108
2018-04-04,17.6,15.8,20.6,0.2,106
2018-04-05,17.9,14.4,21.3,0,74
2018-04-06,11,8.1,18.2,20,122
2018-04-07,7.8,5.3,9.8,0,166
2018-04-08,12.5,7,16.4,0,190
2018-04-09,14.3,12.6,16.3,0,133
2018-04-10,18.8,12.5,22.3,0,112
2018-04-11,17.2,13.6,21.2,0,126
2018-04-12,17,13.1,23.5,0,143
2018-04-13,16.4,14.3,19.5,0,109
2018-04-14,15.2,10.2,22.9,3.7,116
2018-04-15,11.9,9.6,15.7,0,194
2018-04-16,12.2,8.5,14.6,0,127
2018-04-17,14.5,12.3,16.6,0,100
2018-04-18,13.6,10.7,17.3,0,115
2018-04-19,15.2,9.2,20.3,0,116
2018-04-20,16.6,12.1,20.3,0,126
2018-04-21,17.4,13.2,19.5,0,182
2018-04-22,20.4,17.3,25.2,5.2,103
2018-04-23,18.5,16.1,21.8,41.8,55
2018-04-24,14.7,13.6,16.4,38.7,127
2018-04-25,14.6,12.6,17.8,1.7,111
2018-04-26,15.5,12.1,19.4,0,96
2018-04-27,16.6,13.5,21.2,0,108
2018-04-28,16.4,13.1,19.3,0,153
2018-04-29,17.3,14.4,19.3,0,161
2018-04-30,20.7,17.4,26.1,1.2,135
2018-05-01,20.7,16.5,26,0,128
2018-05-02,17.6,13.4,24.5,0.3,119
2018-05-03,15.2,12.7,19,0,88
2018-05-04,16.2,12.3,20.3,0,123
2018-05-05,19.6,13.7,22.7,0,176
2018-05-06,20.3,17.2,23.6,21.4,97
2018-05-07,16.8,15.5,18.1,17.2,125
2018-05-08,16,14.2,18.3,0,98
2018-05-09,15.7,13.8,18.1,0,80
2018-05-10,15.9,13.9,18.3,0,94
2018-05-11,17.9,12,22.8,0,140
2018-05-12,22.2,18.4,24.4,1.3,121
2018-05-13,17.1,14.9,21.7,41.8,143
2018-05-14,19,14.9,23.2,0,95
2018-05-15,21.8,17.9,26.3,0,119
2018-05-16,24.8,21.3,31.1,0,90
2018-05-17,25.7,22.1,30.1,0,109
2018-05-18,21.8,16.3,27.8,2.4,117
2018-05-19,16.6,15.5,17.9,0,192
2018-05-20,16.5,15.1,18.6,0.7,175
2018-05-21,17.7,15.7,20.3,0,228
2018-05-22,20.7,16.8,26.4,2.7,465
2018-05-23,17.8,16.1,22.7,4.1,104
2018-05-24,19.2,14.1,24.4,0,67
2018-05-25,19.9,18,24,0,102
2018-05-26,18.4,14.8,23.9,2.9,135
2018-05-27,19.3,16.7,23,0.1,108
2018-05-28,20.1,17.7,24,3.9,67
2018-05-29,21,19.1,26.8,0,66
2018-05-30,21.1,18.6,24.6,0,67
2018-05-31,18.8,16.8,21.8,0,90
2018-06-01,20.1,16.2,23.2,0,105
2018-06-02,22.1,19.2,25.5,0,135
2018-06-03,21.6,20.3,24.1,0,129
2018-06-04,22.8,19.5,26.7,0,119
2018-06-05,19.8,19.1,22.9,28.5,114
2018-06-06,20.7,18.8,23.8,0,156
2018-06-07,21.3,18.9,24.4,0,118
2018-06-08,20.9,18.9,24.6,0,126
2018-06-09,22.2,18.9,26.9,0,163
2018-06-10,19.9,18.4,21.1,2.1,142
2018-06-11,19.4,18,22.4,23.9,119
2018-06-12,21.1,18.7,24.5,3.1,140
2018-06-13,21.9,17.7,28.8,0,186
2018-06-14,22.1,19.5,25.6,0,153
2018-06-15,21.1,19,23.8,0,153
2018-06-16,20.3,18.3,23,0,208
2018-06-17,20.8,18.9,24.5,0,190
2018-06-18,22,19.5,24.1,0,112
2018-06-19,22,19.7,24.3,31.3,93
2018-06-20,21.9,19.7,25.3,1,138
2018-06-21,22.7,20.2,26.8,0,152
2018-06-22,22.8,20.1,25.6,0.3,116
2018-06-23,22.7,19.8,25.1,1.4,179
2018-06-24,23.9,20.6,27,0,184
2018-06-25,24,20.6,27.5,0,122
2018-06-26,28.2,23.6,32.3,0,132
2018-06-27,26.3,24.3,29,17.3,87
2018-06-28,25.7,23.4,28.5,44,67
2018-06-29,25.2,23.2,28.9,10.4,92
2018-06-30,24,22,26.8,47.8,117
2018-07-01,27.3,22.7,30.4,7.5,96
2018-07-02,27.3,24.1,31.4,0,73
2018-07-03,24.1,22.8,25.5,1.6,61
2018-07-04,26,24.2,29.8,0,115
2018-07-05,24.8,23.6,26.5,0,93
2018-07-06,22.7,21.7,24,38.1,66
2018-07-07,21.3,19.9,22.3,0,189
2018-07-08,20.9,19.6,22.5,1.3,176
2018-07-09,24.6,21.1,28.5,0.1,93
2018-07-10,28.3,24.7,33.1,0,131
2018-07-11,30,27.4,35,0,106
2018-07-12,28,26,30.4,0,108
2018-07-13,26.7,25.2,29.2,0,111
2018-07-14,26.9,24.8,29.5,0,155
2018-07-15,27,24.4,29.8,0,150
2018-07-16,27,24.5,29.5,0,97
2018-07-17,27.3,24.8,30.1,0,82
2018-07-18,27.7,24.6,30.6,0,98
2018-07-19,27.8,24.7,31,0,65
2018-07-20,28.8,25.8,31.6,0,117
2018-07-21,28.9,25,33.9,0,98
2018-07-22,29.2,28.2,30.8,0.1,139
2018-07-23,29.9,27,34.1,0,85
2018-07-24,29.2,27.5,31.7,0,83
2018-07-25,29.1,27.5,31.9,0,75
2018-07-26,29.1,27.5,31.8,0,90
2018-07-27,29.3,27.1,32.5,0,70
2018-07-28,29.1,27.4,31.1,0,109
2018-07-29,29.4,27.2,32.5,0,137
2018-07-30,28.9,27.6,31.1,0,117
2018-07-31,28.7,25.8,31.6,0,138
2018-08-01,29.2,26.3,32.3,0,114
2018-08-02,29,26.7,32.1,0,139
2018-08-03,30,28.1,34.1,0.9,123
2018-08-04,29.5,27.8,32,0,134
2018-08-05,29.9,27.4,33.3,0,128
2018-08-06,30.1,28.1,32.8,0,95
2018-08-07,29.7,27.9,31.9,0,111
2018-08-08,29.3,26.9,31.8,0,100
2018-08-09,29.6,27.5,32.6,0,106
2018-08-10,29.9,27.5,33.2,0,89
2018-08-11,28.8,27.8,32.4,0,153
2018-08-12,29.8,26.1,33.3,41.1,96
2018-08-13,31.1,28.7,34.4,0.2,124
2018-08-14,31.2,28.6,35.3,0,110
2018-08-15,29.7,27.8,33.5,1.4,139
2018-08-16,27.5,25.2,28.8,12.7,83
2018-08-17,26.2,24.4,28.4,8,136
2018-08-18,26.7,24.4,30.7,0,136
2018-08-19,28.3,24.8,33.2,0,108
2018-08-20,29.2,27,32.8,0,87
2018-08-21,28.1,24.8,30.6,0,95
2018-08-22,27.8,25.9,30.5,36.9,56
2018-08-23,26.5,25.6,29.2,265.4,6
2018-08-24,27.2,24.9,30,0,73
2018-08-25,26.4,24.7,31.2,1.4,109
2018-08-26,28.3,26,31.8,8.5,105
2018-08-27,28.4,26.1,32,0,96
2018-08-28,27.8,25.9,30.4,0,123
2018-08-29,28.5,25.1,33.9,0,92
2018-08-30,28.9,25.8,34.5,0,95
2018-08-31,30,25.6,33.3,0,80
2018-09-01,25.8,23.3,28.9,9.5,62
2018-09-02,24.9,22.7,29.2,1.1,126
2018-09-03,27,24.1,31.2,0.5,101
2018-09-04,26.2,23.5,29.1,7.1,96
2018-09-05,26.6,23.2,30.8,0,102
2018-09-06,26.2,24.5,29.2,0,81
2018-09-07,24.3,21,27.4,11.8,93
2018-09-08,22.3,19.4,24.9,0,151
2018-09-09,23,19.1,26.3,0,140
2018-09-10,23,20.2,26.2,0,119
2018-09-11,22.3,21.4,23.8,0.2,89
2018-09-12,23,21.4,24.8,0.2,100
2018-09-13,23.5,21.6,24.3,139.3,46
2018-09-14,25.3,23,27.8,0,98
2018-09-15,25.2,23.5,28,0.4,118
2018-09-16,25.5,23,28.5,0,108
2018-09-17,24.6,23.4,28.3,0.1,96
2018-09-18,25,23.4,28.1,0,86
2018-09-19,23.3,21.3,25.4,0,73
2018-09-20,25.2,22.3,27.7,11.6,51
2018-09-21,24.5,23.4,28.2,2.9,44
2018-09-22,24.2,22.3,27.6,0,118
2018-09-23,24.4,21.2,29.6,0,160
2018-09-24,21.9,19.2,23.7,0,260
2018-09-25,21.5,19.3,24.1,0,227
2018-09-26,22.2,20.8,24.9,0,177
2018-09-27,21.2,18.5,23.6,0,109
2018-09-28,21.7,19.4,24.3,0,99
2018-09-29,20.7,18.5,22.3,3,97
2018-09-30,21.9,20.2,25.2,0,175
2018-10-01,21.3,19.7,23.5,0,110
2018-10-02,20.7,17.6,23.6,0,119
2018-10-03,19.2,16.5,22.3,0,141
2018-10-04,20.4,17.8,21.9,3.4,91
2018-10-05,21.6,20.6,24.5,310,13
2018-10-06,21.1,19.6,24.7,27.4,96
2018-10-07,20.6,17.9,23.9,0,121
2018-10-08,19.2,16.6,22.3,0,144
2018-10-09,20.3,17.5,22.3,0,185
2018-10-10,18.3,16.3,20.5,0,118
2018-10-11,16.3,15.1,18.5,0,111
2018-10-12,15.6,13.2,18,0,133
2018-10-13,15.4,11.8,19,0,161
2018-10-14,17.6,13.2,20.4,0,198
2018-10-15,18.7,16.2,20.6,0,118
2018-10-16,16.1,14,19.3,3.2,74
2018-10-17,16.8,13.1,20.6,0,119
2018-10-18,16.6,15.2,19.3,0,113
2018-10-19,16.1,12.9,19.5,0,135
2018-10-20,16.3,12.5,20.5,0,204
2018-10-21,17.1,13.7,20.7,0,183
2018-10-22,17.4,14.5,20.6,0.3,99
2018-10-23,18.5,16.4,21.9,0,102
2018-10-24,16.8,13.8,19.7,0,126
2018-10-25,17.4,11.6,22.8,0,131
2018-10-26,18.5,16.3,21.8,2.7,97
2018-10-27,15.6,14.5,17.9,0,191
2018-10-28,17.5,13.1,21.1,0,207
2018-10-29,18,15.2,22,0,115
2018-10-30,14.8,13.2,17.4,0,158
2018-10-31,14.1,11.6,18,0,114
2018-11-01,13.4,11.2,16.3,0,132
2018-11-02,14.4,9.6,18.5,0,166
2018-11-03,15.2,11.4,18.5,0,250
2018-11-04,15.2,12.3,19.6,0,256
2018-11-05,15,10.5,18.8,0,170
2018-11-06,16.5,12.9,19.9,0,157
2018-11-07,17.4,16.1,18.8,1.5,117
2018-11-08,17.7,15.1,20.5,18.5,79
2018-11-09,14.6,11.3,17.2,0,162
2018-11-10,13.6,9.7,17.8,0,228
2018-11-11,14.6,10.5,18.3,2.4,253
2018-11-12,13.8,13,15.5,2.2,167
2018-11-13,13.8,12.5,16.3,0,155
2018-11-14,13.3,10.2,16.3,0,156
2018-11-15,16,11.2,20.1,0,160
2018-11-16,14.9,13.5,17.4,3.6,138
2018-11-17,12.6,9.7,15.4,0,216
2018-11-18,12.3,9.6,15.1,0,192
2018-11-19,13.2,11.8,15.7,0,133
2018-11-20,12.6,10.1,15.6,0,129
2018-11-21,13.3,9.9,16.7,0.4,90
2018-11-22,10.2,8.4,13.5,0,127
2018-11-23,10,7.3,12.3,0,129
2018-11-24,14,8.8,19.2,0,165
2018-11-25,13,10.6,16,0,180
2018-11-26,14.5,10.4,18.2,0,118
2018-11-27,13.8,11.5,17,0,136
2018-11-28,13,10,16.3,0,130
2018-11-29,12.8,8.5,17.8,0,107
2018-11-30,13.1,10,16.9,0,103
2018-12-01,13.7,11.3,16.3,0,166
2018-12-02,17.6,13.6,20.5,1.6,167
2018-12-03,18.9,17.1,22.9,2.9,105
2018-12-04,13.8,10.8,17.6,17.5,92
2018-12-05,9.9,8,11.7,0,124
2018-12-06,9.5,8.1,12.6,11.6,99
2018-12-07,4.8,2.7,10.3,0,121
2018-12-08,4.2,2.6,6.6,0,188
2018-12-09,3.9,2.8,4.8,0,183
2018-12-10,7.6,4.7,10.2,0,149
2018-12-11,9,7.2,10.1,20,111
2018-12-12,6.5,5.8,9.1,0.2,140
2018-12-13,8,6,9.7,0,122
2018-12-14,5.6,4.4,7,0,132
2018-12-15,6,2,9.6,0,199
2018-12-16,9.1,6.5,10.8,7.1,176
2018-12-17,10.3,9.7,11.8,0,174
2018-12-18,9.7,8,12,0,169
2018-12-19,13.9,8.5,18,0,161
2018-12-20,12.5,11.7,16.1,21.8,103
2018-12-21,14.6,12.7,16.8,0,141
2018-12-22,13,11.5,16.2,3,206
2018-12-23,9.6,7.4,12.2,8,252
2018-12-24,6.4,4.6,9,0,198
2018-12-25,7.8,3.8,10.8,0,209
2018-12-26,8.5,6.8,9.7,0.4,200
2018-12-27,2.5,1.4,6.8,0,210
2018-12-28,1.9,0.2,3.2,1.8,197
2018-12-29,3.1,1.7,4.1,0.1,216
2018-12-30,3.1,1.9,4.1,0,245
2018-12-31,4.6,3.5,5.8,0,271
2019-01-01,5.6,4.8,7,0,303
2019-01-02,5.1,4.5,6.1,0,202
2019-01-03,5.1,3.5,8,0,168
2019-01-04,5.8,2.6,10,1.6,148
2019-01-05,7,5.2,9,0,216
2019-01-06,5.7,4.5,7.7,0,171
2019-01-07,5.9,3.1,8.8,0,181
2019-01-08,6.6,4.5,8.8,0,155
2019-01-09,4.5,2.2,5.8,0,157
2019-01-10,6.9,5.6,7.8,0,178
2019-01-11,7.9,5.9,9.4,1.7,189
2019-01-12,8.9,8.1,10.9,2,214
2019-01-13,7.9,6.6,10,0,216
2019-01-14,7.3,5.5,9.7,0,204
2019-01-15,7,3.6,9.9,0,192
2019-01-16,3.1,2,4,0,183
2019-01-17,5.6,3.9,6.5,0,172
2019-01-18,6.4,3.9,9.8,0,171
2019-01-19,8.9,3.6,12.6,1,232
2019-01-20,6.7,3.9,11.6,0,230
2019-01-21,6.2,3.9,8.1,0,217
2019-01-22,8.3,5.8,10.9,0,155
2019-01-23,8.6,6.7,11.9,0,168
2019-01-24,6.2,3.4,9.6,0,184
2019-01-25,5.7,3.6,10.1,0,167
2019-01-26,4.3,2.9,5.8,0,216
2019-01-27,5.6,2.4,8.5,0,182
2019-01-28,7.7,4.8,10.8,0,153
2019-01-29,6.3,2.8,9.2,0,159
2019-01-30,8.2,6.8,10.1,0,140
2019-01-31,4.9,3.3,8.2,17.9,79
2019-02-01,5,3.4,6.8,0,132
2019-02-02,9.3,5,12,0,230
2019-02-03,13.3,8.6,18.4,9.8,204
2019-02-04,6.9,4.9,9.5,0,247
2019-02-05,9.3,4,13.6,0,306
2019-02-06,11.8,9.1,15.5,0,236
2019-02-07,6.5,1.9,12.1,3.8,118
2019-02-08,3.4,1.5,5.6,0,197
2019-02-09,3,1.5,4.7,0,207
2019-02-10,3.1,2,4.9,0,181
2019-02-11,3.7,2.9,4.7,0,120
2019-02-12,5.7,1,8.7,0,138
2019-02-13,6.8,5.2,8.7,0,130
2019-02-14,5.6,4.2,8,0,166
2019-02-15,6.4,4.3,7.7,0,116
2019-02-16,4.2,3.1,7,0,200
2019-02-17,4.4,3.1,6.9,0,184
2019-02-18,7.1,2.9,9.8,2.1,130
2019-02-19,9.3,6.4,13,15.9,149
2019-02-20,6.9,4.8,9.4,0,143
2019-02-21,7.1,5.6,8.7,0,133
2019-02-22,8.3,6.5,10.9,1.6,116
2019-02-23,9.3,4.2,13.7,0,204
2019-02-24,11,8.6,14.1,0,194
2019-02-25,9.4,7.3,13.1,0,140
2019-02-26,8.9,5.3,12.2,0,132
2019-02-27,10.9,9.4,11.9,4.6,111
2019-02-28,10.4,8,13.2,0.1,138
2019-03-01,9.4,6.4,12.3,0,192
2019-03-02,11,7.3,14.3,0.4,204
2019-03-03,11.8,10.5,13.3,5.9,138
2019-03-04,10,8.4,12.2,2,92
2019-03-05,10.7,6.2,13.4,0,94
2019-03-06,10.4,8.4,13.8,11.3,136
2019-03-07,8.3,7.3,10.4,0,139
2019-03-08,8.5,3.7,12.3,0,132
2019-03-09,11.6,6.5,16.6,9,164
2019-03-10,10.7,8.9,13.1,22.1,87
2019-03-11,10,6.9,13.6,1.2,128
2019-03-12,10.7,6.1,16,0,99
2019-03-13,8.4,5.1,11.7,0,139
2019-03-14,10,7,14,0,115
2019-03-15,10.2,6.2,15.8,0,130
2019-03-16,10.1,6,14.1,0,145
2019-03-17,11.2,8,14.1,0,168
2019-03-18,10.7,6.9,14.2,1.9,84
2019-03-19,12.3,9.2,16.1,0,106
2019-03-20,16.3,9.9,21.2,1.7,105
2019-03-21,10.7,7.3,20,0,116
2019-03-22,7.8,6.4,10.6,0,144
2019-03-23,8.5,6.2,11.8,0,146
2019-03-24,7.5,3.6,11,0,163
2019-03-25,9.9,6.4,13.2,0,123
2019-03-26,14.2,10.1,16.7,0,118
2019-03-27,16.4,10.3,22,0,129
2019-03-28,14.6,12.8,16.9,0,132
2019-03-29,13.9,12.2,17,0,145
2019-03-30,11,7.9,14.6,0,176
2019-03-31,8.4,7.1,11.4,0,205
2019-04-01,10.5,7.1,13.2,0,151
2019-04-02,10.6,8.6,14,0,144
2019-04-03,10.5,6.6,14.4,0,127
2019-04-04,11.3,6.2,14.6,0,120
2019-04-05,14.5,11.9,18.2,0,137
2019-04-06,15,11,20.8,0,170
2019-04-07,16.4,13,21.4,2.7,168
2019-04-08,14.8,11.7,18.1,0,155
2019-04-09,15,14.1,17.4,6,100
2019-04-10,10.4,9.6,14.2,6.7,116
2019-04-11,11.6,9.7,13.8,0,94
2019-04-12,12.7,9.2,16.6,0,147
2019-04-13,13.7,9.4,17.7,0,201
2019-04-14,13.6,10.6,17.1,0,194
2019-04-15,13,8.7,17.1,0,136
2019-04-16,16.8,10.7,25,0,154
2019-04-17,15.8,13.6,18.6,0,131
2019-04-18,16.7,12.3,22.1,0,145
2019-04-19,16.8,14.3,21.6,0,168
2019-04-20,17.1,14.5,20,0,230
2019-04-21,18.5,15,23.1,0,214
2019-04-22,19.3,16.6,24,0,116
2019-04-23,19.1,17.3,22.5,18.7,85
2019-04-24,18,15.7,21.2,0,150
2019-04-25,15.8,14.1,17.9,0,150
2019-04-26,12.2,11.3,15.9,0.3,122
2019-04-27,14,11.7,17,0,207
2019-04-28,15,12.1,17.5,0.1,161
2019-04-29,16.1,14.5,20.3,10.5,84
2019-04-30,15.6,14.5,17.6,1.4,130
2019-05-01,14.7,12.4,18.6,0,167
2019-05-02,17.2,12.8,21.5,0,140
2019-05-03,18.9,16,21.9,0,164
2019-05-04,19.2,14.7,23.3,0,215
2019-05-05,19,16.4,22.2,0,249
2019-05-06,15.9,13.4,19.2,0,195
2019-05-07,15.6,12.3,19.5,0,129
2019-05-08,16.3,11.9,19.6,0,120
2019-05-09,17.4,14.7,20.3,0,104
2019-05-10,17.6,14.3,21.4,0,112
2019-05-11,18.5,15,23.4,0,160
2019-05-12,18.7,15.7,21.5,0,508
2019-05-13,20.1,17.4,23.7,0,105
2019-05-14,20.5,18.6,23.2,0,133
2019-05-15,21.2,16.9,26.6,0,101
2019-05-16,23.2,18,28.3,0,126
2019-05-17,21.2,18.4,26.3,12,86
2019-05-18,20.6,17.4,23.3,19.6,126
2019-05-19,21.4,18.8,26.3,0,155
2019-05-20,17.3,14.9,19.8,0.8,118
2019-05-21,19.2,14.5,23,0,129
2019-05-22,23.4,19.5,27.6,0,122
2019-05-23,26.2,22,31.3,0,127
2019-05-24,28.4,23.8,33.1,0,140
2019-05-25,23.3,20.4,27.2,0,210
2019-05-26,23.1,20.3,25.4,0,179
2019-05-27,20.7,15.8,25.5,9.8,43
2019-05-28,18.9,15.5,21.7,0,164
2019-05-29,22.3,18.7,27,0,138
2019-05-30,21.7,18,25.9,0,141
2019-05-31,17.9,15.6,21.4,0.6,156
2019-06-01,19,15.9,22.4,0,218
2019-06-02,20.1,17.9,24.6,0,196
2019-06-03,20.9,17.9,24.5,0,172
2019-06-04,22.8,19.4,29,0,165
2019-06-05,22.5,19.2,26.1,0,174
2019-06-06,23.6,19.1,28.1,13.3,184
2019-06-07,19.6,18.2,25.3,0,269
2019-06-08,19.9,17.5,23.2,0.2,267
2019-06-09,20.2,17,23.2,0,239
2019-06-10,20.2,17.5,24.8,0,184
2019-06-11,20.2,18.4,22.9,0,196
2019-06-12,19.9,17.6,22.9,0,160
2019-06-13,21.9,17.6,28,0,162
2019-06-14,19.4,17.4,21.4,43.5,96
2019-06-15,20.1,18.2,22.5,0.3,328
2019-06-16,20.6,18.6,23.3,0,272
2019-06-17,20.8,17.8,23.3,0,194
2019-06-18,21.6,20.5,23.3,1,137
2019-06-19,21.7,19.4,24.4,0,228
2019-06-20,22,19.8,24.4,0,189
2019-06-21,22.6,20.3,26.4,0,210
2019-06-22,22.1,19.7,25.5,0,313
2019-06-23,21.1,19.3,25.6,0,285
2019-06-24,21.6,18.8,24.4,0,236
2019-06-25,24.2,19.1,28.9,0,186
2019-06-26,22.1,19.8,25.9,85.1,74
2019-06-27,23.1,21.9,25.9,0,131
2019-06-28,23.5,21,25.8,0,198
2019-06-29,25.2,22.6,29.8,2,147
2019-06-30,23.4,21.4,26.9,0.4,200
2019-07-01,23.4,22.3,25.6,1.9,113
2019-07-02,23.3,21.8,25.7,0,192
2019-07-03,22.6,21.6,24.9,0,169
2019-07-04,22.3,20.4,25.9,0,155
2019-07-05,23.9,21.6,28.7,0,201
2019-07-06,23.8,20.8,27.2,0,194
2019-07-07,23.3,22.2,26.4,0,228
2019-07-08,21.8,20.6,22.7,3.7,159
2019-07-09,22,20.9,23.6,2.2,131
2019-07-10,21.4,20.5,22,104.7,61
2019-07-11,23.2,20.6,26.7,1.2,124
2019-07-12,23.3,21.7,25.8,0.4,171
2019-07-13,21.6,20.4,22.9,13.4,119
2019-07-14,24.2,21.5,27.1,0,191
2019-07-15,24.2,22.2,26.5,0,132
2019-07-16,24.8,22.2,27.2,0,116
2019-07-17,25,22.9,28,6.8,122
2019-07-18,24.2,22.9,25.9,21.3,99
2019-07-19,24.1,22.3,26.2,187.7,50
2019-07-20,25.7,24.6,28.2,43.8,51
2019-07-21,27.3,24.8,30.7,0,149
2019-07-22,27.1,23.8,32.7,108.3,123
2019-07-23,27.6,24.3,30.3,0,156
2019-07-24,27.9,25.7,30.9,0,153
2019-07-25,27.9,25.9,31.1,0,161
2019-07-26,27.8,25.3,31.2,0,186
2019-07-27,28.1,26.5,31,14.7,170
2019-07-28,29.3,27,31.8,0,195
2019-07-29,28.7,26.1,31.3,0,170
2019-07-30,30.4,27.3,35.4,0,156
2019-07-31,29.5,27.9,32.3,0,147
2019-08-01,29.2,26.9,32.1,0,159
2019-08-02,28.8,26.7,31.2,0,171
2019-08-03,29,25.4,31.7,0,147
2019-08-04,27.9,25.9,30.2,0,187
2019-08-05,27.8,24.9,30.9,0,138
2019-08-06,28.8,26.2,32.2,0,160
2019-08-07,29.6,26.6,34.2,0,160
2019-08-08,31.1,27.7,34.7,0,187
2019-08-09,30.1,27.7,33.3,0,134
2019-08-10,29.5,28.8,30.9,0,172
2019-08-11,28.7,27.7,30.5,25,103
2019-08-12,29.7,27.2,33.9,12,147
2019-08-13,29.2,26.8,31.2,0,140
2019-08-14,28.6,26.8,31.6,1.2,154
2019-08-15,27.1,26.4,27.9,0,224
2019-08-16,27.7,25.7,30.9,4.5,164
2019-08-17,28.8,25.7,32.6,0,175
2019-08-18,27.2,25.9,29.7,0,167
2019-08-19,26.3,24.6,29.1,0,118
2019-08-20,27.1,25.7,30.1,0.1,145
2019-08-21,28.1,25.3,31.6,3.4,132
2019-08-22,28.5,25.8,31.8,6.3,124
2019-08-23,27.4,26.2,30.7,0,128
2019-08-24,27,25.2,28.8,0,192
2019-08-25,25.5,23.3,27.7,0.1,145
2019-08-26,25.9,23.5,28.3,0.3,118
2019-08-27,26.9,24.5,31,87.2,72
2019-08-28,24.8,23,27,33.3,95
2019-08-29,23.3,21.3,25.4,68.9,101
2019-08-30,25.5,22.2,28.8,0,139
2019-08-31,24.9,20.8,28.2,0,169
2019-09-01,23.3,20.6,26.3,26.1,145
2019-09-02,24.1,21.9,26.6,25.7,112
2019-09-03,24.8,22.4,26.7,13.9,91
2019-09-04,24.7,23.7,27.9,43,70
2019-09-05,26.2,23.4,30.4,7,98
2019-09-06,26.8,25.1,28.6,68.8,64
2019-09-07,27.6,24.9,30.3,34.3,75
2019-09-08,24.5,23.4,26.3,19,44
2019-09-09,26.2,23.7,29,24.7,90
2019-09-10,27,24,29.4,0,86
2019-09-11,26,24.1,29.3,5,74
2019-09-12,24.1,23,25.1,0.6,174
2019-09-13,24,22.1,26.7,0,323
2019-09-14,24.3,21.7,26.9,0,239
2019-09-15,24.6,22.9,26.9,0,203
2019-09-16,24.6,23.6,27,0,134
2019-09-17,23.8,22,25.8,0,122
2019-09-18,23.3,20.6,27.6,0,145
2019-09-19,22.8,19.3,25.9,0,138
2019-09-20,22.5,19.9,25,0,159
2019-09-21,20.5,19.1,21.7,156,46
2019-09-22,20.4,19.1,21.7,126.2,13
2019-09-23,21,18.4,24.5,0,94
2019-09-24,20.4,16.7,25.2,0,151
2019-09-25,21.8,18.3,25.2,0,144
2019-09-26,23.8,21.3,27.7,1,166
2019-09-27,23.8,22.7,25.7,36,133
2019-09-28,24.1,23.1,25.6,0.7,175
2019-09-29,24.1,22.9,26.3,0,178
2019-09-30,23.6,22,26.8,22.6,147
2019-10-01,23.4,20.5,26.4,36.3,79
2019-10-02,24.8,20.6,27.3,136.2,74
2019-10-03,23.4,21.9,26.2,0.2,184
2019-10-04,23.1,21.2,26.1,0,160
2019-10-05,20.8,18.4,23.2,0,242
2019-10-06,20.8,17,24.6,1,211
2019-10-07,21.8,20.2,23.6,0,179
2019-10-08,20.5,17.4,24,0,166
2019-10-09,17.6,14.2,21.5,0,200
2019-10-10,19,14,23.1,0,216
2019-10-11,21,17.1,23.9,0,153
2019-10-12,21.4,18.7,24.8,0,226
2019-10-13,19.7,17.1,22.8,0,211
2019-10-14,19.3,16.7,23.2,0,164
2019-10-15,17.4,15.2,19.1,3.2,157
2019-10-16,18.1,15.8,21.3,0,146
2019-10-17,19.3,16.2,21.8,0,142
2019-10-18,19.1,18.1,20.5,8.3,144
2019-10-19,19.8,17.7,22.7,0,219
2019-10-20,19.1,15.4,21.8,0,180
2019-10-21,19.9,17.4,22.9,0,175
2019-10-22,20.8,18.6,22.5,0.5,137
2019-10-23,20.3,19.2,21.8,0.6,152
2019-10-24,20.1,18.4,22.3,2.3,143
2019-10-25,20.1,16.8,23.5,0,172
2019-10-26,16.5,15.5,19.4,0,252
2019-10-27,16,13.7,18.7,0,240
2019-10-28,15.7,11.9,19.2,0,193
2019-10-29,17.9,15.2,20.8,0,178
2019-10-30,16.3,13.7,19.5,0,162
2019-10-31,16.5,12.1,20.7,0,164
2019-11-01,18.3,15.6,22,0,188
2019-11-02,18.6,15.6,22.7,0,238
2019-11-03,17.5,15.2,20.4,0,234
2019-11-04,17.3,13.5,20.6,0,166
2019-11-05,17.3,14.6,20.3,0,143
2019-11-06,15.8,12.3,19.4,0,184
2019-11-07,15.9,13.4,19.3,0,148
2019-11-08,13.8,12.4,17.3,0,153
2019-11-09,14.4,11.9,18.1,0,266
2019-11-10,15.5,10.3,19.7,2.9,220
2019-11-11,17.1,15.3,19.5,0,168
2019-11-12,14.7,12.1,17.9,0,161
2019-11-13,15,11.8,18.3,1.7,157
2019-11-14,11.2,7.9,14.5,0,207
2019-11-15,12.1,7,17.2,0,196
2019-11-16,16,10.6,21.3,0,225
2019-11-17,20.1,14.9,24.3,0,221
2019-11-18,13.7,11.2,22.7,6.1,168
2019-11-19,10.6,9.9,12.3,0,178
2019-11-20,9.9,7.8,12.5,0,148
2019-11-21,13.1,7.8,17.1,0,152
2019-11-22,17.1,13.5,21.8,0,181
2019-11-23,18.1,14.5,21.7,0,248
2019-11-24,17.3,13.7,19.5,4.7,237
2019-11-25,10.1,9.2,13.9,0,177
2019-11-26,13.5,9.7,15.3,8.2,129
2019-11-27,11.1,9.3,14.8,3.8,116
2019-11-28,10.8,8.8,14,0,193
2019-11-29,9.7,6.9,12.6,0,162
2019-11-30,12.5,6.9,18,0.1,225
2019-12-01,12.5,11.1,15.1,18.9,118
2019-12-02,9.9,7.4,11.8,0,165
2019-12-03,9.5,7.5,10.8,0,162
2019-12-04,11.3,10,14.1,0,150
2019-12-05,8.7,5.7,11.5,0,178
2019-12-06,4.2,3.2,5.8,0,156
2019-12-07,7.5,4.3,9.5,0,239
2019-12-08,8.7,6,10.2,0,194
2019-12-09,10.7,5.9,15.2,0,165
2019-12-10,13.3,8.5,18.7,0,174
2019-12-11,12.9,9.6,18,0,189
2019-12-12,8.3,5.4,10.3,0,154
2019-12-13,8.6,4.6,12.9,0,168
2019-12-14,10,6.9,12.7,0,240
2019-12-15,12.5,6.9,17.4,0,200
2019-12-16,14.9,12.2,18.2,0.1,187
2019-12-17,14.1,10.9,17.6,7.3,150
2019-12-18,8.8,7.4,10.9,0,130
2019-12-19,7.8,7,9.4,0,148
2019-12-20,8.4,6.9,11.1,0,179
2019-12-21,8,5.6,10.1,0,214
2019-12-22,9.6,6.8,11.6,1,242
2019-12-23,9.4,6.7,12.4,0,182
2019-12-24,9.2,7.3,11.9,0,159
2019-12-25,11.4,7,15.1,0.1,163
2019-12-26,9.9,6.7,13.1,9.4,134
2019-12-27,6.7,5.7,7.3,0,210
2019-12-28,7.7,6.1,9.7,0,233
2019-12-29,11.8,7.1,16.4,11.4,180
2019-12-30,11.5,6.3,13.6,0,213
2019-12-31,2.9,1.8,6.4,0,226
2020-01-01,5.2,2.4,7.3,0,287
2020-01-02,8.1,5.5,9.2,0,230
2020-01-03,8.8,6.4,11.4,0,212
2020-01-04,7.9,5.1,11.4,0,212
2020-01-05,8.5,4.3,11.1,0,236
2020-01-06,14.5,10.1,18.9,0.3,166
2020-01-07,19.2,12.8,23.6,12.4,140
2020-01-08,8.1,6.9,13.2,1.4,128
2020-01-09,7.3,6.7,8.2,0,153
2020-01-10,8,4.3,11,0,170
2020-01-11,8,6.9,9.1,0,218
2020-01-12,7.5,6.7,8.5,0,211
2020-01-13,7.1,6.1,8.8,0,173
2020-01-14,4.8,3.4,6.2,4.6,147
2020-01-15,5.6,4.6,7.2,0,167
2020-01-16,6.3,4.6,8,0,196
2020-01-17,6.9,6,9.2,0,190
2020-01-18,7,6.2,9,0,247
2020-01-19,8.6,5.9,10,0,193
2020-01-20,8.4,7.1,10.9,0,195
2020-01-21,7.4,4.9,10.5,0,135
2020-01-22,11.4,8.6,13.5,25.8,60
2020-01-23,11.2,10.5,13.6,0.7,119
2020-01-24,11.3,9.5,12.7,0,182
2020-01-25,11.9,10.6,14,1,265
2020-01-26,11.6,10.6,13,10.1,288
2020-01-27,9.8,8.1,11.5,60.3,104
2020-01-28,9.9,9.1,11.1,0,122
2020-01-29,9.6,8.5,11.3,0,101
2020-01-30,8.3,7.5,10.2,0.1,117
2020-01-31,7.2,5.9,8,0,101
2020-02-01,8.2,4.5,10.9,0,171
2020-02-02,7.7,6,10.7,0,149
2020-02-03,6.9,5.1,9.3,0,110
2020-02-04,5.6,2.6,8.2,0,96
2020-02-05,3.4,1.2,7.7,0.7,68
2020-02-06,3.3,0.8,5.4,0,65
2020-02-07,6.4,4.8,8.9,0,65
2020-02-08,6.9,4.7,9,0,105
2020-02-09,6.6,4.9,8.9,0,101
2020-02-10,10.6,6.1,14.1,0,64
2020-02-11,11.2,6.7,15.1,0,54
2020-02-12,13.3,11.1,16.7,1.1,51
2020-02-13,12.3,11.1,14.9,0,78
2020-02-14,13.6,11.1,16.4,0,90
2020-02-15,16.2,12.2,21.6,0.8,142
2020-02-16,5.4,3,12.5,7,131
2020-02-17,2.6,0.8,4.2,2,51
2020-02-18,4.9,0.5,7.8,0.1,87
2020-02-19,6.6,2.2,10.7,0,96
2020-02-20,10,6.7,13.2,0,130
2020-02-21,12.4,6.4,16.9,0,89
2020-02-22,10.8,7.6,14.3,0,176
2020-02-23,7.8,5.9,11.1,0,154
2020-02-24,11.5,5.4,15.8,0,92
2020-02-25,16.6,11.5,21.8,0.1,68
2020-02-26,11.4,8.4,12.7,0.1,66
2020-02-27,10,6.8,13.4,0,86
2020-02-28,10.4,8.7,11.6,3.7,23
2020-02-29,11.6,10.9,12.2,14.2,51
2020-03-01,11.2,8.1,12.7,4.2,86
2020-03-02,8,6,10.4,0,51
2020-03-03,10.7,6.2,15,0,62
2020-03-04,8,5.2,10.6,0,81
2020-03-05,6.1,4,9.6,0,74
2020-03-06,7.4,2.5,11.9,0,68
2020-03-07,10.3,8,11,8.1,51
2020-03-08,12,7.3,15.4,0,106
2020-03-09,13.1,11.3,14.6,25.3,36
2020-03-10,9.6,7.7,13.4,21.5,56
2020-03-11,8.4,5.5,11.1,0,77
2020-03-12,9.4,3.8,13.7,0,70
2020-03-13,11.2,8.2,14.5,0,83
2020-03-14,8.4,5.9,10.6,0,117
2020-03-15,11.1,6.8,15.3,0,145
2020-03-16,7.3,4.6,10.6,0,87
2020-03-17,13,6.2,19.8,0,74
2020-03-18,14,10.1,16.7,0,80
2020-03-19,13.9,9.9,21.2,0,91
2020-03-20,12,7.2,16,0,83
2020-03-21,17.4,9.9,22.8,0,134
2020-03-22,14.4,11.3,18.5,1,116
2020-03-23,12.7,9.3,16.3,0,118
2020-03-24,12.6,8.8,15.8,0,125
2020-03-25,16.3,10.8,20.9,0,132
2020-03-26,17.9,15,23.2,17,28
2020-03-27,12,8.4,19.9,0,72
2020-03-28,9,7.1,9.9,3.9,70
2020-03-29,11.2,6.6,14.4,0,153
2020-03-30,13.5,11.7,15.9,0,100
2020-03-31,13.9,11.3,17.2,0.6,92
2020-04-01,11.6,8.4,15.4,3.4,68
2020-04-02,11.8,8.7,14.7,0,85
2020-04-03,12.8,10.9,16.3,0,98
2020-04-04,11.6,7.6,16.9,0,140
2020-04-05,9.7,7.4,13.4,0,133
2020-04-06,10.7,6,14.3,0,85
2020-04-07,13.4,8.9,17.9,0,82
2020-04-08,12.9,10.5,16.8,0,91
2020-04-09,12.1,8.8,15.3,0,50
2020-04-10,12.9,9.9,15.9,0,72
2020-04-11,12.3,9.7,16.8,23.9,53
2020-04-12,9.8,7.5,11.2,25.4,53
2020-04-13,11.6,9.6,13.8,0,80
2020-04-14,13.2,8.3,16.6,0,68
2020-04-15,13.4,10.1,16.9,0,101
2020-04-16,15.9,10.3,21.4,0,84
2020-04-17,16,13.6,18.7,9.7,23
2020-04-18,12.9,11.1,16.2,0,123
2020-04-19,13.3,11,15.6,19.5,40
2020-04-20,13.8,11.6,18,0.4,60
2020-04-21,12.8,10.2,16.5,0,70
2020-04-22,11.1,8.7,14.8,0,67
2020-04-23,11.1,8.7,14.1,0,82
2020-04-24,13.1,9.1,16.8,0,86
2020-04-25,18.3,10.2,23,0,147
2020-04-26,14.2,11.1,18.9,0,156
2020-04-27,14.3,11,17.7,0,112
2020-04-28,15.2,10.4,19.7,0,122
2020-04-29,15.9,13,20,0,118
2020-04-30,19,12.5,24.8,0,339
2020-05-01,20.5,17.4,24.6,0,216
2020-05-02,19.2,16.4,21.9,3.2,217
2020-05-03,19.2,16,23.6,0.9,172
2020-05-04,18.5,15.5,23.7,0,120
2020-05-05,17.6,14.2,24.6,0,140
2020-05-06,19.5,15.9,24.5,0,88
2020-05-07,17.8,14.8,22.9,0,128
2020-05-08,20.9,15.5,26.5,0.2,87
2020-05-09,21.3,15.5,27.7,3.4,106
2020-05-10,16,15,18.1,0,131
2020-05-11,17.3,14.6,23.2,0,110
2020-05-12,18.5,14.9,25.1,0,144
2020-05-13,17,13.2,20.4,0,151
2020-05-14,20.2,15.2,25.8,0,129
2020-05-15,22.1,19,27.1,2.9,81
2020-05-16,16.6,14,19.1,5.3,113
2020-05-17,17,13.6,21.9,0,152
2020-05-18,19.2,15.9,29.5,0.4,94
2020-05-19,17.2,14.4,21.1,0,149
2020-05-20,16.6,13.8,20.6,0,151
2020-05-21,18.8,14.5,24.6,0,140
2020-05-22,19.1,16.3,23.9,0,166
2020-05-23,19.6,16.1,22.4,0,205
2020-05-24,20.4,17.9,26.1,0,203
2020-05-25,17.7,16.4,20.6,0,149
2020-05-26,18.4,16.5,21.1,0,131
2020-05-27,18.2,16,21.1,0,144
2020-05-28,19.7,15.9,25,0,142
2020-05-29,18.5,14.7,20.5,0,154
2020-05-30,20,17.8,23.6,0.6,328
2020-05-31,19.7,17.1,23.6,3.7,158
2020-06-01,18.7,16.7,21.7,0.4,119
2020-06-02,18.6,15,22.5,0,141
2020-06-03,20.5,18.1,24.7,0,105
2020-06-04,21.2,18.7,25.3,0,105
2020-06-05,19.9,17.4,24.2,0,150
2020-06-06,21.2,19.2,26.5,0,147
2020-06-07,21.3,18.5,23.9,0,146
2020-06-08,23.4,18.6,29.7,0,129
2020-06-09,26.7,22.2,30.1,0,133
2020-06-10,24.7,22.7,28.9,0.4,79
2020-06-11,24.5,21.6,28.9,0,109
2020-06-12,22.7,21.1,24.2,1.1,99
2020-06-13,25.6,22.8,29.6,24.3,103
2020-06-14,24.2,20.8,27.7,26,112
2020-06-15,22.2,20.2,25,0,94
2020-06-16,23.3,21.4,26.9,0,135
2020-06-17,20.9,18.3,23.2,30.9,88
2020-06-18,19.5,18.3,22.5,49.3,70
2020-06-19,19.9,18.3,22.6,11.4,112
2020-06-20,21.9,19.7,24.9,0,198
2020-06-21,21.8,20.1,24.3,0,202
2020-06-22,22.7,20.1,28.9,0,145
2020-06-23,25.6,20,30.9,0,145
2020-06-24,24.9,21.9,27.1,38.3,60
2020-06-25,22.9,21.6,24.9,14.2,111
2020-06-26,22.9,20.7,25.4,0,159
2020-06-27,23.1,20.8,26.8,0.1,176
2020-06-28,23.5,20.5,28.7,0,161
2020-06-29,23.2,19.1,27.6,25.1,62
2020-06-30,21.8,20,24,0,105
2020-07-01,22.6,19.7,26.8,0,126
2020-07-02,23,20.2,25.2,0,115
2020-07-03,21.4,19.7,23.8,17,71
2020-07-04,20.2,19.5,21.7,0.4,189
2020-07-05,21.2,19.2,24.2,0,160
2020-07-06,22.5,20.7,26.1,15.7,130
2020-07-07,22.5,21.2,25.5,35.1,81
2020-07-08,22.3,20,25.6,0,108
2020-07-09,23.2,20.9,27.6,2,89
2020-07-10,25.6,21.9,29.8,16.4,105
2020-07-11,23.3,22.5,25.8,0,154
2020-07-12,24.6,22.6,26.5,4.3,97
2020-07-13,25.6,22.6,30.6,1.5,107
2020-07-14,21.6,19.8,23.6,0.5,137
2020-07-15,21.6,20.2,24.6,0,115
2020-07-16,22.2,20.2,24.5,0.4,165
2020-07-17,23.1,20.1,25.8,0,96
2020-07-18,24.2,20.7,26.7,0.2,149
2020-07-19,29.1,23,34.3,0,155
2020-07-20,26.4,22.8,29.9,1.2,129
2020-07-21,24.6,22.6,27.2,4.4,132
2020-07-22,26.8,23.8,30.4,0,103
2020-07-23,26.5,23.6,30.5,9.2,115
2020-07-24,23,21.3,25.1,2.4,95
2020-07-25,23.7,21.2,26.6,0,134
2020-07-26,23.4,20.7,25.5,0,154
2020-07-27,24.8,22.6,27.9,71.5,79
2020-07-28,28.7,25.1,33.8,2,107
2020-07-29,27.9,25.7,30.9,0.5,112
2020-07-30,27.8,25.4,31,0,109
2020-07-31,26.9,25.1,29.5,0,130
2020-08-01,28.2,25.5,30.7,0,172
2020-08-02,29.3,26.7,34,0,179
2020-08-03,28.8,26.7,32.5,0,186
2020-08-04,30.2,27.1,34.9,0,162
2020-08-05,30.3,26.4,34.1,9.7,162
2020-08-06,30.2,27.9,32.7,0,154
2020-08-07,30.6,27.8,32.7,0,162
2020-08-08,30.9,29.7,32.7,0,180
2020-08-09,30.4,28,33.9,0,135
2020-08-10,29.4,26.6,32.3,4.2,111
2020-08-11,30.4,27.6,33.6,2,143
2020-08-12,31,28.2,34.5,0,144
2020-08-13,31.3,28.2,36.1,0,148
2020-08-14,32.2,27.6,36.3,0,138
2020-08-15,31.1,27.8,36.3,0,204
2020-08-16,29.9,27.5,32.7,0,175
2020-08-17,29.4,27,32.3,0,135
2020-08-18,29,26.8,30.8,0,157
2020-08-19,28.3,26,31.2,0,127
2020-08-20,28.2,26,31.3,0,113
2020-08-21,28,25.4,30.3,0,142
2020-08-22,27.4,24.3,33.3,2.8,149
2020-08-23,28.3,24.8,31.2,0,185
2020-08-24,30,26.2,35.1,0,114
2020-08-25,29.8,27.7,33.6,2.9,101
2020-08-26,28.4,25.4,29.8,114.3,6
2020-08-27,28.7,27.2,30.8,0.7,79
2020-08-28,28.4,26.4,32.6,2.3,74
2020-08-29,28.4,26.3,31.3,1.5,116
2020-08-30,28.1,26.1,31.4,0,122
2020-08-31,27.8,25.9,31.6,0,76
2020-09-01,26.8,25.6,28,0.1,56
2020-09-02,25.1,23.1,27.9,183.6,3
2020-09-03,25.2,23.2,28.7,0.3,74
2020-09-04,25.5,21.5,29.3,0,63
2020-09-05,21.9,19.3,24.1,7.6,104
2020-09-06,21.7,20.5,23.1,71.7,48
2020-09-07,23,20.7,26.3,79.8,51
2020-09-08,26.7,22.4,30.7,0,75
2020-09-09,25.8,24.4,28.7,0,81
2020-09-10,24.5,22.7,26.6,0,109
2020-09-11,23.5,21.8,26,0.6,90
2020-09-12,23.1,21.6,25.5,0,112
2020-09-13,23,21.7,26.1,5.2,103
2020-09-14,23.3,21.8,25.9,0,98
2020-09-15,23.7,21,25.8,0,101
2020-09-16,23.5,21.5,28.3,6.1,89
2020-09-17,21.2,19.3,23.3,26.6,77
2020-09-18,20.5,17.8,23.1,11.3,120
2020-09-19,21.2,16.8,25.6,0,157
2020-09-20,22,18,25.6,0,138
2020-09-21,21.5,18.5,25,0,126
2020-09-22,21.2,19.5,22.6,0,112
2020-09-23,20.9,20.1,21.7,1.3,98
2020-09-24,21.3,20.6,22.7,0,121
2020-09-25,22.5,20.1,25.3,0.6,108
2020-09-26,22.1,20.5,25.8,0,147
2020-09-27,21.4,19,24.1,5.7,133
2020-09-28,20.9,19.3,23.4,0,104
2020-09-29,21.2,18.1,23.8,0,97
2020-09-30,21.9,19,24.9,0,136
2020-10-01,21.5,19.4,24.1,0,262
2020-10-02,21.7,17.6,25.5,0,269
2020-10-03,22.5,20.2,25.3,0,226
2020-10-04,21.4,19.5,23.5,1.1,151
2020-10-05,18.4,16.8,21.1,0,127
2020-10-06,18.6,17.1,20.4,0,83
2020-10-07,20.5,17,22.2,0,113
2020-10-08,20.3,19.1,22.5,0,153
2020-10-09,20.1,18.6,21.5,0,180
2020-10-10,20.3,18.9,22.4,0,234
2020-10-11,20.4,18.9,23.3,0,196
2020-10-12,20.4,18,23.5,0,157
2020-10-13,18.4,16.1,21,0,151
2020-10-14,19.1,15.7,21.7,0,174
2020-10-15,17.9,15.6,20.3,0,144
2020-10-16,17.2,14.4,20,4,141
2020-10-17,17.5,13.7,20.7,0,252
2020-10-18,17.7,15.6,20.9,0,244
2020-10-19,17.7,14.2,21.1,0,194
2020-10-20,18.7,15.6,22.2,0,228
2020-10-21,18.3,16.3,22.2,46.4,159
2020-10-22,17.5,15.4,20.5,2.2,207
2020-10-23,15.2,14.3,16.7,0,207
2020-10-24,15.4,14,17.6,0,293
2020-10-25,16.3,13.2,19.9,0,293
2020-10-26,15.6,12.1,20.8,0,210
2020-10-27,16.5,12.5,20.3,0,226
2020-10-28,17.4,15.5,20,0,215
2020-10-29,15.8,12.8,18.7,0,242
2020-10-30,16.1,13.7,18.5,0,240
2020-10-31,16.5,14.3,19.6,0,289
2020-11-01,18.1,13.7,22.3,1,306
2020-11-02,15.7,12.8,18.5,5.4,193
2020-11-03,13.1,11.8,16,0,256
2020-11-04,12,9.2,15.1,0,240
2020-11-05,14,8.2,17.9,0,221
2020-11-06,17.8,13.8,21.7,0,228
2020-11-07,17.6,14.5,21,0,256
2020-11-08,14.6,11.5,19.2,0,296
2020-11-09,12,10.1,14.5,0,191
2020-11-10,13,9.2,17.2,0,246
2020-11-11,12.4,8.6,15.9,0,222
2020-11-12,14.4,11.6,17.9,0,231
2020-11-13,14.4,10.6,18.7,0,257
2020-11-14,15.8,12,19.4,0,264
2020-11-15,16.6,13.3,19.7,0,288
2020-11-16,16.8,14.5,19.4,1.4,177
2020-11-17,21,16.3,26.7,0,194
2020-11-18,22.4,18.5,25.9,0,197
2020-11-19,20.4,15.6,25.8,12.2,158
2020-11-20,12.9,10.9,15.6,0,220
2020-11-21,13.7,8.7,16.4,0,244
2020-11-22,13.2,11.3,15.6,4.2,181
2020-11-23,10,9.2,11.2,0,215
2020-11-24,10.5,8.7,12.9,0,202
2020-11-25,12.1,9.6,14.7,0,207
2020-11-26,11.8,9.4,14.1,3.8,164
2020-11-27,11,9.1,12.9,0,174
2020-11-28,8.6,7.9,9.4,0,203
2020-11-29,9.2,7.6,12,0,158
2020-11-30,8.7,7.8,10.1,0.2,129
2020-12-01,7.8,6.1,10.3,0,149
2020-12-02,9.3,6,12.4,0,128
2020-12-03,8.2,5.8,10.5,0,135
2020-12-04,7.8,6.8,9.4,0,126
2020-12-05,8.8,6,12.3,0,195
2020-12-06,8.3,5.3,11.7,0,215
2020-12-07,10.1,6.3,13.1,0,134
2020-12-08,8.2,6.8,10.3,0,135
2020-12-09,7.7,4.2,10.6,0,136
2020-12-10,10.3,7.6,12.4,0,138
2020-12-11,11.1,8.9,12.5,0,137
2020-12-12,9.7,6.5,11.5,0,146
2020-12-13,8.7,5.7,14.6,0,170
2020-12-14,3.2,1.7,5.9,0.1,100
2020-12-15,3,2,4.3,0,127
2020-12-16,3.9,3,5.3,1.5,104
2020-12-17,5.7,3.8,7.2,0,120
2020-12-18,7.7,6.1,10.8,0,137
2020-12-19,4.4,2.8,6.3,0,166
2020-12-20,6.8,3.6,7.9,0,112
2020-12-21,7.9,6.4,10.2,0,110
2020-12-22,8.9,6,13.1,0,114
2020-12-23,10.1,4.5,15,0,88
2020-12-24,10.5,8,13.5,0,91
2020-12-25,6.8,4.8,10,0,136
2020-12-26,7.4,3.8,10.6,0,137
2020-12-27,10.1,8.1,11.5,14.4,55
2020-12-28,11.4,8.3,14.5,0,81
2020-12-29,9.6,3,14.6,5.4,66
2020-12-30,0.9,-1.4,4.3,4.3,22
2020-12-31,2.9,-0.3,4.6,3.8,37
2021-01-01,5.5,4,7.2,0,132
2021-01-02,5.9,2.8,8.4,0,149
2021-01-03,4.5,2.7,6.3,0,102
2021-01-04,5.9,2.2,9.2,0,83
2021-01-05,5.6,2.6,9,0,61
2021-01-06,4,1.7,5.6,0.6,46
2021-01-07,-1.1,-3.1,4.4,7.9,27
2021-01-08,-1.1,-2.7,1,6.1,8
2021-01-09,1.2,-2.1,3.1,0.9,19
2021-01-10,3.6,0.8,5.1,0,42
2021-01-11,3.4,1.5,5.1,10.8,42
2021-01-12,4.7,2.6,6.4,1.2,71
2021-01-13,10,5.2,13.6,0,99
2021-01-14,10.8,7.9,15.4,0,99
2021-01-15,12.1,7.7,18.2,0,110
2021-01-16,5.1,2.8,8.6,0,118
2021-01-17,3.1,1.2,4.4,2,100
2021-01-18,6.6,3.1,9.9,0,110
2021-01-19,4,2,6.3,0,100
2021-01-20,9.2,3.8,15.9,0,119
2021-01-21,12.6,7.3,17.9,0.5,97
2021-01-22,12.7,11.5,14.5,8.2,96
2021-01-23,12.5,11.1,13.5,57.8,116
2021-01-24,11.8,10.4,13.6,0.2,179
2021-01-25,12.6,11.3,15.3,0,95
2021-01-26,10.4,8.8,12.8,19.7,93
2021-01-27,7.6,5.8,10,0,142
2021-01-28,6.2,0.4,10.6,0.5,104
2021-01-29,2.5,0.3,5.3,0.2,102
2021-01-30,7.8,2.2,11.7,0,166
2021-01-31,10.7,5.6,14.9,0,159
2021-02-01,11.6,9.8,15.8,22.4,65
2021-02-02,4.2,2.9,10,0,105
2021-02-03,5.8,3.6,8.6,0,121
2021-02-04,6.4,3.6,9.5,0.1,119
2021-02-05,7.1,2.2,9.9,0,95
2021-02-06,10.6,7.5,14.6,0,173
2021-02-07,11,7.5,15.1,0,150
2021-02-08,4.1,2.3,7.5,0,126
2021-02-09,4.8,2.9,7.8,0,122
2021-02-10,7,3.1,10.9,0,99
2021-02-11,9.7,6,13,0,160
2021-02-12,12.2,10.2,14.1,0,290
2021-02-13,13,10.1,16.3,0,236
2021-02-14,13.3,10.8,16,2.4,149
2021-02-15,7.5,3.5,12.4,0,128
2021-02-16,5.7,3.3,9.1,0,105
2021-02-17,1.3,-1.2,3.8,0.9,69
2021-02-18,2.5,-1,3.8,1.9,74
2021-02-19,8.5,2.8,13.4,0,119
2021-02-20,15.6,11.7,17.7,0,207
2021-02-21,18.9,16.4,23.7,0,214
2021-02-22,15.3,8.7,23.4,0,153
2021-02-23,7.5,5,10.6,0,183
2021-02-24,9.9,5.2,13.2,0,164
2021-02-25,11.6,9.8,15.2,19.6,150
2021-02-26,11.2,9.8,13,5.4,106
2021-02-27,11.4,10.8,12.6,0,214
2021-02-28,14.4,11.3,17.1,0.1,280
2021-03-01,15.5,7.8,21.9,11.2,109
2021-03-02,7.5,6.2,9.8,0,115
2021-03-03,9.2,4.8,12.8,0,132
2021-03-04,10.9,9.2,12,26.9,66
2021-03-05,11.9,10.7,14.2,0.1,129
2021-03-06,11.3,9.2,14.2,0,166
2021-03-07,10.1,9.1,11.1,0,174
2021-03-08,10.4,8.7,12.7,0,151
2021-03-09,10.6,7.9,13.5,0,168
2021-03-10,11.5,7,16.5,0,190
2021-03-11,14.1,10.9,19,7.6,156
2021-03-12,11.3,10.3,13.4,14.2,122
2021-03-13,11.7,9.4,14.7,0,240
2021-03-14,11.4,8.5,15.2,0,220
2021-03-15,13.9,7.9,19.2,0,153
2021-03-16,12.6,7.9,19.1,3.1,184
2021-03-17,11.3,6.3,15.7,0,196
2021-03-18,13.7,10.8,17.1,0,210
2021-03-19,14.2,12.9,16.2,6.2,249
2021-03-20,12.8,9.6,15.7,7.6,219
2021-03-21,9.2,7.3,12.5,0,374
2021-03-22,9.8,6.4,12.8,0,369
2021-03-23,12.3,9,16.5,0,337
2021-03-24,13.3,8.8,17.3,0,413
2021-03-25,14.1,11.6,17.7,0,455
2021-03-26,14.6,9.7,21.2,0,479
2021-03-27,17.5,12.2,21.5,4.2,268
2021-03-28,14.5,12.7,17.5,0,440
2021-03-29,15.2,12,17.8,0,327
2021-03-30,14.3,11.4,19.1,0,292
2021-03-31,16.2,12.1,20.6,0,310
2021-04-01,15.2,13.8,17.5,8.8,200
2021-04-02,17.2,13.8,19.9,9.8,318
2021-04-03,18,13,22.8,0,185
2021-04-04,11.4,10.8,13.2,5.2,226
2021-04-05,12.6,10.6,14.6,4.1,308
2021-04-06,13.9,11.3,17.4,0,300
2021-04-07,14.8,11.2,18.3,0,297
2021-04-08,14.4,11.2,18.6,0,282
2021-04-09,13.8,9.7,17.5,0,366
2021-04-10,14,11.4,17.5,0,478
2021-04-11,16.6,12.2,21.5,0,445
2021-04-12,16.5,14.3,19.9,16.9,97
2021-04-13,11.8,8.5,14.4,0,269
2021-04-14,11,8.2,14.9,0,309
2021-04-15,13.1,8.6,17.9,0,325
2021-04-16,15.1,11.1,19.7,0,344
2021-04-17,13.7,11.3,16.3,0,384
2021-04-18,13,11.1,16.5,0,415
2021-04-19,14.5,9.9,19.1,0,261
2021-04-20,14.8,10.3,18.5,0,269
2021-04-21,17.5,12.3,22.8,0,287
2021-04-22,21,16.8,25.9,0,232
2021-04-23,19.3,16.5,25,0,238
2021-04-24,17.5,15.9,21.9,0,299
2021-04-25,16.9,14.7,20.7,0,283
2021-04-26,16.5,13.5,20.9,0,245
2021-04-27,17.1,14,21.5,0.8,190
2021-04-28,17,14.9,19.5,0,175
2021-04-29,18.8,14.7,23.3,0,198
2021-04-30,16.3,11.3,19.9,13.2,203
