날짜,평균 풍속,최저 기온,최고 기온,강수량,일일 방문객 수
2018-01-01,3.5,4,8.8,0.001,135138
2018-01-02,2.2,3,10.1,0.001,125122
2018-01-03,3.4,3.5,8.4,0.001,122070
2018-01-04,2.6,2.4,4.6,0.6,123266
2018-01-05,4.1,1.9,6.5,4.2,126084
2018-01-06,3.1,4.8,8.7,0.001,129745
2018-01-07,2.1,4.4,11.5,3.6,124834
2018-01-08,4.5,6.1,11.3,4.1,124999
2018-01-09,7.5,2.8,7,0.4,125870
2018-01-10,8.9,-0.5,5.9,3.4,125548
2018-01-11,7,-2.2,1.7,8.3,111730
2018-01-12,5.1,-2.3,2.3,1.8,127449
2018-01-13,2.7,1.4,6.9,0,133861
2018-01-14,1.8,3.1,12.9,0.001,137372
2018-01-15,2.3,7.8,14.4,0.001,138201
2018-01-16,1.9,8.7,14.4,16.5,137172
2018-01-17,2.9,8.5,11.5,3.8,140035
2018-01-18,2.8,6.3,10.8,0.001,143686
2018-01-19,2,4.3,9.4,0.001,146783
2018-01-20,1.9,2.8,9.9,0.001,154256
2018-01-21,2.3,3.9,11.4,0.001,151148
2018-01-22,4,7.1,10.9,0.7,147374
2018-01-23,5.5,0,7.6,0.3,146104
2018-01-24,5.2,-2.4,1.2,4.5,148060
2018-01-25,5.2,-2.6,-1.2,0,151470
2018-01-26,4.9,-2.1,-0.4,0.1,152887
2018-01-27,2.3,-1.6,3.6,0.001,157920
2018-01-28,3.9,0.5,4.6,2,154836
2018-01-29,5.9,-0.1,4,1.7,149205
2018-01-30,3.4,-0.2,4.1,1.5,142912
2018-01-31,2,2.1,5,0.5,140402
2018-02-01,3.9,3.2,6.8,0,109630
2018-02-02,3.2,1.6,6.1,0.001,113365
2018-02-03,6.3,-0.7,4.9,1.1,114303
2018-02-04,6.8,-2.3,0.8,5.9,104002
2018-02-05,6.3,-1.7,2.6,3.5,100712
2018-02-06,5.9,-2.5,0.8,5.7,92046
2018-02-07,3.1,-1.3,1.9,1.7,101804
2018-02-08,2,-0.7,6.8,3.1,98654
2018-02-09,2.1,1.4,11.2,0.001,105654
2018-02-10,3.7,2.7,7.9,2.2,108955
2018-02-11,6.5,1,5.4,0.8,106606
2018-02-12,7.2,-0.1,4.1,0,103954
2018-02-13,4.2,2.7,8.3,0.001,109116
2018-02-14,3.4,2.5,15.4,0.001,123652
2018-02-15,2.1,4.6,10.5,0,149870
2018-02-16,2.6,3.9,9.7,0.001,168721
2018-02-17,3.4,2.8,7.5,0.001,162284
2018-02-18,1.9,1.7,10.2,0.9,139426
2018-02-19,2.2,5.5,10.5,2.1,120446
2018-02-20,2.5,4.6,11.9,0.001,120113
2018-02-21,3.1,4.2,7.5,0.001,126574
2018-02-22,3.1,3.2,7.6,0.001,134869
2018-02-23,3.2,3.3,13.1,0.001,141894
2018-02-24,2.2,5.3,13.3,0.001,146430
2018-02-25,2,6.7,13.2,0.001,144714
2018-02-26,1.7,4.2,11.9,0.001,139433
2018-02-27,2.5,5.8,15,0.001,135408
2018-02-28,5.6,6.9,17.5,59.6,135772
2018-03-01,5.8,3.3,10.5,0.001,127659
2018-03-02,1.9,2.8,9.1,0.001,135454
2018-03-03,1.8,6,19.2,0.001,137330
2018-03-04,2.7,10.9,23.2,0.8,122364
2018-03-05,3.9,8.2,21.7,3.9,108398
2018-03-06,3.5,8.2,11.3,0.001,105525
2018-03-07,3.8,8.4,11.6,30.1,104965
2018-03-08,5.4,5.1,8.6,18.2,107090
2018-03-09,2.8,4.2,7.8,0.001,117915
2018-03-10,2.7,4.3,11.5,0.001,129756
2018-03-11,1.8,5.1,12.1,0.001,128090
2018-03-12,1.9,7,15.3,0.001,120292
2018-03-13,2.1,9.6,19.2,0.001,118352
2018-03-14,1.9,12.5,20.3,0.001,121380
2018-03-15,3.5,12,21.7,16,129706
2018-03-16,3.1,8.8,12.1,1.9,137312
2018-03-17,3.6,7.3,13.8,0.001,148092
2018-03-18,2.2,7.8,22.3,3.1,144942
2018-03-19,3,10.1,16.2,8.7,137375
2018-03-20,6,6.5,10.2,14.1,130914
2018-03-21,4.7,4.2,6.6,21.2,134866
2018-03-22,3.4,5.3,10.4,0,145498
2018-03-23,2.6,4.6,11.9,0.001,153615
2018-03-24,2.8,7.7,16.5,0.001,159324
2018-03-25,2.3,9.6,16.9,0.001,154480
2018-03-26,1.6,9.7,17,0.001,147707
2018-03-27,2,10.3,19.1,0.001,145198
2018-03-28,1.9,9.5,19.1,0.001,148736
2018-03-29,1.9,12,19.3,0.001,154574
2018-03-30,3.7,13.5,18.9,0.001,160800
2018-03-31,3,13.3,21,0.001,164826
2018-04-01,2,15.2,21.3,0.001,123154
2018-04-02,1.6,15.3,21.3,0.001,117229
2018-04-03,1.7,15.3,21.5,0.001,119014
2018-04-04,2.1,15.8,20.6,0.2,125909
2018-04-05,3.3,14.4,21.3,0.001,134344
2018-04-06,5.7,8.1,18.2,20,143654
2018-04-07,7.6,5.3,9.8,0,148351
2018-04-08,5.7,7,16.4,0.001,142684
2018-04-09,3.3,12.6,16.3,0.001,135384
2018-04-10,3.4,12.5,22.3,0.001,133886
2018-04-11,3.8,13.6,21.2,0.001,139870
2018-04-12,2.3,13.1,23.5,0.001,145820
2018-04-13,4.1,14.3,19.5,0,154060
2018-04-14,4.8,10.2,22.9,3.7,156852
2018-04-15,4.2,9.6,15.7,0.001,150636
2018-04-16,2,8.5,14.6,0.001,141362
2018-04-17,2.6,12.3,16.6,0.001,137823
2018-04-18,2.6,10.7,17.3,0.001,141365
2018-04-19,2.2,9.2,20.3,0.001,148092
2018-04-20,1.8,12.1,20.3,0.001,156688
2018-04-21,1.7,13.2,19.5,0.001,162158
2018-04-22,1.6,17.3,25.2,5.2,152736
2018-04-23,1.7,16.1,21.8,41.8,141480
2018-04-24,2.7,13.6,16.4,38.7,141078
2018-04-25,2,12.6,17.8,1.7,148376
2018-04-26,2.2,12.1,19.4,0.001,157892
2018-04-27,3.4,13.5,21.2,0.001,167618
2018-04-28,1.8,13.1,19.3,0.001,170492
2018-04-29,2,14.4,19.3,0,166796
2018-04-30,1.8,17.4,26.1,1.2,156457
2018-05-01,1.6,16.5,26,0.001,128594
2018-05-02,3.7,13.4,24.5,0.3,123560
2018-05-03,5.2,12.7,19,0.001,126024
2018-05-04,4,12.3,20.3,0.001,139538
2018-05-05,2.6,13.7,22.7,0.001,153584
2018-05-06,4.2,17.2,23.6,21.4,154287
2018-05-07,2.8,15.5,18.1,17.2,137851
2018-05-08,3.8,14.2,18.3,0.001,124758
2018-05-09,3.3,13.8,18.1,0.001,121992
2018-05-10,3,13.9,18.3,0.001,131184
2018-05-11,1.8,12,22.8,0.001,140396
2018-05-12,2.6,18.4,24.4,1.3,141484
2018-05-13,2.9,14.9,21.7,41.8,136829
2018-05-14,1.4,14.9,23.2,0.001,134768
2018-05-15,1.4,17.9,26.3,0.001,138016
2018-05-16,2.2,21.3,31.1,0.001,143524
2018-05-17,2.4,22.1,30.1,0.001,147116
2018-05-18,3.6,16.3,27.8,2.4,151210
2018-05-19,4.3,15.5,17.9,0,157052
2018-05-20,4.7,15.1,18.6,0.7,160800
2018-05-21,3.9,15.7,20.3,0,155491
2018-05-22,2.9,16.8,26.4,2.7,144266
2018-05-23,3.6,16.1,22.7,4.1,132562
2018-05-24,1.3,14.1,24.4,0.001,134036
2018-05-25,1.8,18,24,0,143196
2018-05-26,3.5,14.8,23.9,2.9,150944
2018-05-27,1.4,16.7,23,0.1,148190
2018-05-28,3,17.7,24,3.9,142674
2018-05-29,2.5,19.1,26.8,0.001,143700
2018-05-30,2.2,18.6,24.6,0.001,148344
2018-05-31,2.4,16.8,21.8,0.001,149530
2018-06-01,1.6,16.2,23.2,0.001,131852
2018-06-02,1.7,19.2,25.5,0.001,136892
2018-06-03,1.7,20.3,24.1,0.001,136154
2018-06-04,1.6,19.5,26.7,0.001,129206
2018-06-05,2.5,19.1,22.9,28.5,131912
2018-06-06,1.8,18.8,23.8,0.001,137165
2018-06-07,1.8,18.9,24.4,0.001,134578
2018-06-08,2.4,18.9,24.6,0.001,136101
2018-06-09,3.4,18.9,26.9,0,146590
2018-06-10,3.5,18.4,21.1,2.1,140486
2018-06-11,2.4,18,22.4,23.9,133136
2018-06-12,2.4,18.7,24.5,3.1,131828
2018-06-13,2.7,17.7,28.8,0.001,135734
2018-06-14,4.1,19.5,25.6,0.001,134456
2018-06-15,3.9,19,23.8,0.001,139650
2018-06-16,3.7,18.3,23,0.001,149482
2018-06-17,3.5,18.9,24.5,0.001,144000
2018-06-18,1.6,19.5,24.1,0,138068
2018-06-19,1.3,19.7,24.3,31.3,136752
2018-06-20,2.2,19.7,25.3,1,142457
2018-06-21,2.2,20.2,26.8,0.001,147836
2018-06-22,2.4,20.1,25.6,0.3,153930
2018-06-23,2.7,19.8,25.1,1.4,158095
2018-06-24,2.7,20.6,27,0.001,155456
2018-06-25,1.6,20.6,27.5,0.001,154007
2018-06-26,4.9,23.6,32.3,0.001,154231
2018-06-27,5,24.3,29,17.3,156786
2018-06-28,3.9,23.4,28.5,44,156107
2018-06-29,2.7,23.2,28.9,10.4,154242
2018-06-30,1.9,22,26.8,47.8,148603
2018-07-01,3,22.7,30.4,7.5,113981
2018-07-02,3.4,24.1,31.4,0,103674
2018-07-03,4.8,22.8,25.5,1.6,105217
2018-07-04,2.6,24.2,29.8,0.001,119220
2018-07-05,2.4,23.6,26.5,0,128702
2018-07-06,3.2,21.7,24,38.1,134712
2018-07-07,4,19.9,22.3,0,141530
2018-07-08,3.8,19.6,22.5,1.3,142219
2018-07-09,2.7,21.1,28.5,0.1,140556
2018-07-10,3.6,24.7,33.1,0.001,141295
2018-07-11,2.8,27.4,35,0.001,147133
2018-07-12,1.8,26,30.4,0.001,153566
2018-07-13,1.9,25.2,29.2,0.001,156930
2018-07-14,1.7,24.8,29.5,0.001,160548
2018-07-15,1.8,24.4,29.8,0.001,156814
2018-07-16,2,24.5,29.5,0.001,152509
2018-07-17,1.7,24.8,30.1,0.001,151980
2018-07-18,1.9,24.6,30.6,0.001,152310
2018-07-19,1.5,24.7,31,0.001,153468
2018-07-20,2.8,25.8,31.6,0.001,153696
2018-07-21,3.2,25,33.9,0.001,159030
2018-07-22,3.7,28.2,30.8,0.1,156356
2018-07-23,2.3,27,34.1,0.001,151372
2018-07-24,2,27.5,31.7,0.001,151952
2018-07-25,2.1,27.5,31.9,0.001,156446
2018-07-26,2.2,27.5,31.8,0.001,160436
2018-07-27,2.5,27.1,32.5,0.001,169214
2018-07-28,2.3,27.4,31.1,0.001,180918
2018-07-29,2.5,27.2,32.5,0.001,188318
2018-07-30,3.5,27.6,31.1,0,193074
2018-07-31,2.5,25.8,31.6,0.001,199472
2018-08-01,3,26.3,32.3,0.001,173338
2018-08-02,4,26.7,32.1,0,177849
2018-08-03,3.4,28.1,34.1,0.9,179602
2018-08-04,1.9,27.8,32,0.001,181072
2018-08-05,2.5,27.4,33.3,0.001,174552
2018-08-06,2.4,28.1,32.8,0.001,170296
2018-08-07,2.9,27.9,31.9,0.001,166918
2018-08-08,2.8,26.9,31.8,0.001,165806
2018-08-09,2.3,27.5,32.6,0.001,164566
2018-08-10,2.5,27.5,33.2,0.001,168378
2018-08-11,3.7,27.8,32.4,0,173173
2018-08-12,3.2,26.1,33.3,41.1,170506
2018-08-13,3.8,28.7,34.4,0.2,168658
2018-08-14,3.1,28.6,35.3,0.001,173302
2018-08-15,3.5,27.8,33.5,1.4,172991
2018-08-16,3.7,25.2,28.8,12.7,169785
2018-08-17,4.6,24.4,28.4,8,170527
2018-08-18,3.7,24.4,30.7,0.001,174948
2018-08-19,2.7,24.8,33.2,0.001,166201
2018-08-20,2.4,27,32.8,0.001,162855
2018-08-21,2.6,24.8,30.6,0.001,160244
2018-08-22,5.8,25.9,30.5,36.9,142020
2018-08-23,9.8,25.6,29.2,265.4,115440
2018-08-24,5.6,24.9,30,0,153601
2018-08-25,2.1,24.7,31.2,1.4,153072
2018-08-26,1.8,26,31.8,8.5,154900
2018-08-27,2.1,26.1,32,0,162172
2018-08-28,1.7,25.9,30.4,0.001,168476
2018-08-29,1.8,25.1,33.9,0.001,171675
2018-08-30,2.4,25.8,34.5,0,171594
2018-08-31,3.8,25.6,33.3,0.001,167058
2018-09-01,3.4,23.3,28.9,9.5,136829
2018-09-02,2.2,22.7,29.2,1.1,133872
2018-09-03,1.4,24.1,31.2,0.5,129066
2018-09-04,3.9,23.5,29.1,7.1,128282
2018-09-05,3.3,23.2,30.8,0.001,131120
2018-09-06,2,24.5,29.2,0,137092
2018-09-07,2.5,21,27.4,11.8,143154
2018-09-08,2.2,19.4,24.9,0,149482
2018-09-09,2.1,19.1,26.3,0.001,143756
2018-09-10,3.3,20.2,26.2,0,136490
2018-09-11,4,21.4,23.8,0.2,134729
2018-09-12,2.8,21.4,24.8,0.2,139520
2018-09-13,2.4,21.6,24.3,139.3,139853
2018-09-14,2,23,27.8,0,144389
2018-09-15,2.7,23.5,28,0.4,143171
2018-09-16,2,23,28.5,0.001,134267
2018-09-17,1.5,23.4,28.3,0.1,126140
2018-09-18,2,23.4,28.1,0.001,120085
2018-09-19,1.6,21.3,25.4,0,117082
2018-09-20,3,22.3,27.7,11.6,114762
2018-09-21,2.8,23.4,28.2,2.9,125198
2018-09-22,1.7,22.3,27.6,0.001,151879
2018-09-23,2.7,21.2,29.6,0,180904
2018-09-24,2,19.2,23.7,0.001,199556
2018-09-25,4,19.3,24.1,0.001,188416
2018-09-26,4.8,20.8,24.9,0,162603
2018-09-27,3.3,18.5,23.6,0.001,143689
2018-09-28,3.2,19.4,24.3,0,137504
2018-09-29,4.2,18.5,22.3,3,139524
2018-09-30,5.8,20.2,25.2,0.001,137025
2018-10-01,5.6,19.7,23.5,0,106914
2018-10-02,3,17.6,23.6,0.001,109812
2018-10-03,1.8,16.5,22.3,0.001,111062
2018-10-04,3.3,17.8,21.9,3.4,105536
2018-10-05,6.5,20.6,24.5,310,88778
2018-10-06,6,19.6,24.7,27.4,92750
2018-10-07,2.3,17.9,23.9,0.001,115398
2018-10-08,2,16.6,22.3,0.001,125720
2018-10-09,1.9,17.5,22.3,0,134796
2018-10-10,3.4,16.3,20.5,0,135034
2018-10-11,3.9,15.1,18.5,0.001,139450
2018-10-12,2.8,13.2,18,0.001,148452
2018-10-13,2,11.8,19,0.001,151711
2018-10-14,2.1,13.2,20.4,0,147494
2018-10-15,2.4,16.2,20.6,0.001,141134
2018-10-16,2.1,14,19.3,3.2,142734
2018-10-17,2.1,13.1,20.6,0.001,150370
2018-10-18,3.6,15.2,19.3,0.001,154612
2018-10-19,2.4,12.9,19.5,0.001,158946
2018-10-20,2.3,12.5,20.5,0.001,159033
2018-10-21,2.7,13.7,20.7,0.001,152201
2018-10-22,1.9,14.5,20.6,0.3,143112
2018-10-23,2,16.4,21.9,0.001,143042
2018-10-24,2.3,13.8,19.7,0.001,147710
2018-10-25,2.9,11.6,22.8,0.001,151868
2018-10-26,3.5,16.3,21.8,2.7,155166
2018-10-27,6.2,14.5,17.9,0.001,157815
2018-10-28,5,13.1,21.1,0.001,152044
2018-10-29,3.8,15.2,22,0.001,143126
2018-10-30,2.9,13.2,17.4,0.001,138946
2018-10-31,3.3,11.6,18,0.001,141494
2018-11-01,3.1,11.2,16.3,0.001,121544
2018-11-02,2.6,9.6,18.5,0.001,133206
2018-11-03,2.5,11.4,18.5,0.001,138254
2018-11-04,2.1,12.3,19.6,0.001,132150
2018-11-05,2,10.5,18.8,0.001,122451
2018-11-06,2.4,12.9,19.9,0.001,120050
2018-11-07,1.9,16.1,18.8,1.5,122602
2018-11-08,3.2,15.1,20.5,18.5,126574
2018-11-09,3.9,11.3,17.2,0,134970
2018-11-10,1.8,9.7,17.8,0.001,139016
2018-11-11,2.5,10.5,18.3,2.4,132674
2018-11-12,3.7,13,15.5,2.2,122276
2018-11-13,3.3,12.5,16.3,0.001,117523
2018-11-14,2.4,10.2,16.3,0.001,120449
2018-11-15,2.8,11.2,20.1,0.001,124362
2018-11-16,3.4,13.5,17.4,3.6,133994
2018-11-17,2.5,9.7,15.4,0.001,142688
2018-11-18,2.3,9.6,15.1,0,135618
2018-11-19,3,11.8,15.7,0.001,122626
2018-11-20,3,10.1,15.6,0.001,114310
2018-11-21,2.3,9.9,16.7,0.4,113572
2018-11-22,4.9,8.4,13.5,0.001,121800
2018-11-23,2.5,7.3,12.3,0.001,134141
2018-11-24,2.7,8.8,19.2,0,139996
2018-11-25,1.8,10.6,16,0.001,134596
2018-11-26,1.9,10.4,18.2,0,123456
2018-11-27,1.9,11.5,17,0.001,117719
2018-11-28,2.3,10,16.3,0.001,118584
2018-11-29,1.9,8.5,17.8,0.001,125097
2018-11-30,1.7,10,16.9,0.001,129924
2018-12-01,2,11.3,16.3,0.001,113012
2018-12-02,2.9,13.6,20.5,1.6,106194
2018-12-03,1.5,17.1,22.9,2.9,95277
2018-12-04,3.3,10.8,17.6,17.5,91959
2018-12-05,2.7,8,11.7,0.001,95288
2018-12-06,3.7,8.1,12.6,11.6,104111
2018-12-07,5.8,2.7,10.3,0,109221
2018-12-08,4.6,2.6,6.6,0,116854
2018-12-09,3.5,2.8,4.8,0.001,114226
2018-12-10,2,4.7,10.2,0.001,104272
2018-12-11,3.2,7.2,10.1,20,100230
2018-12-12,5.4,5.8,9.1,0.2,100670
2018-12-13,5,6,9.7,0.001,107023
2018-12-14,4.5,4.4,7,0.001,114408
2018-12-15,1.9,2,9.6,0.001,122157
2018-12-16,2.4,6.5,10.8,7.1,119924
2018-12-17,6,9.7,11.8,0.001,115630
2018-12-18,3.8,8,12,0.001,116456
2018-12-19,3.2,8.5,18,0.001,113281
2018-12-20,1.7,11.7,16.1,21.8,111268
2018-12-21,2.2,12.7,16.8,0,117778
2018-12-22,1.8,11.5,16.2,3,132738
2018-12-23,4,7.4,12.2,8,137480
2018-12-24,2.9,4.6,9,0.001,137389
2018-12-25,1.7,3.8,10.8,0.001,136052
2018-12-26,3.9,6.8,9.7,0.4,134736
2018-12-27,5.4,1.4,6.8,0.001,136878
2018-12-28,6.8,0.2,3.2,1.8,142664
2018-12-29,5.7,1.7,4.1,0.1,156198
2018-12-30,4.5,1.9,4.1,0,164535
2018-12-31,2.9,3.5,5.8,0.001,167150
2019-01-01,5.3,4.8,7,0,132360
2019-01-02,4,4.5,6.1,0.001,123428
2019-01-03,2.6,3.5,8,0.001,120036
2019-01-04,2.1,2.6,10,1.6,122280
2019-01-05,3,5.2,9,0,127988
2019-01-06,2.6,4.5,7.7,0.001,123669
2019-01-07,2.2,3.1,8.8,0.001,120620
2019-01-08,4.3,4.5,8.8,0,123372
2019-01-09,3.2,2.2,5.8,0,126620
2019-01-10,3,5.6,7.8,0,130536
2019-01-11,2.3,5.9,9.4,1.7,134575
2019-01-12,2.7,8.1,10.9,2,141810
2019-01-13,3.5,6.6,10,0.001,140648
2019-01-14,2,5.5,9.7,0.001,138257
2019-01-15,4.1,3.6,9.9,0.001,140364
2019-01-16,4.2,2,4,0.001,141673
2019-01-17,4.3,3.9,6.5,0,143787
2019-01-18,1.9,3.9,9.8,0.001,147284
2019-01-19,2.3,3.6,12.6,1,158554
2019-01-20,5.6,3.9,11.6,0,147546
2019-01-21,4.4,3.9,8.1,0.001,144274
2019-01-22,3.3,5.8,10.9,0.001,140896
2019-01-23,3.5,6.7,11.9,0.001,144095
2019-01-24,2,3.4,9.6,0.001,150311
2019-01-25,4.1,3.6,10.1,0.001,148564
2019-01-26,5.6,2.9,5.8,0.001,152117
2019-01-27,2.4,2.4,8.5,0.001,149062
2019-01-28,4.4,4.8,10.8,0.001,143398
2019-01-29,2,2.8,9.2,0.001,139363
2019-01-30,1.6,6.8,10.1,0,134858
2019-01-31,5.2,3.3,8.2,17.9,133889
2019-02-01,4.8,3.4,6.8,0,110862
2019-02-02,2.2,5,12,0.001,134684
2019-02-03,5.5,8.6,18.4,9.8,157804
2019-02-04,3.4,4.9,9.5,0.001,170132
2019-02-05,2.7,4,13.6,0.001,170065
2019-02-06,1.8,9.1,15.5,0.001,147178
2019-02-07,3.5,1.9,12.1,3.8,129392
2019-02-08,2.8,1.5,5.6,0.001,127757
2019-02-09,4.3,1.5,4.7,0,129514
2019-02-10,3.1,2,4.9,0.001,125864
2019-02-11,4.4,2.9,4.7,0,125548
2019-02-12,2.3,1,8.7,0.001,128037
2019-02-13,3.3,5.2,8.7,0.001,132783
2019-02-14,2.2,4.2,8,0.001,135968
2019-02-15,2.4,4.3,7.7,0,136994
2019-02-16,4.7,3.1,7,0.001,140777
2019-02-17,3.1,3.1,6.9,0.001,140217
2019-02-18,2.1,2.9,9.8,2.1,136546
2019-02-19,4.1,6.4,13,15.9,135576
2019-02-20,2.5,4.8,9.4,0.001,138054
2019-02-21,2.4,5.6,8.7,0.001,140472
2019-02-22,2,6.5,10.9,1.6,143622
2019-02-23,2.4,4.2,13.7,0.001,148782
2019-02-24,2.5,8.6,14.1,0.001,149670
2019-02-25,2.6,7.3,13.1,0.001,143073
2019-02-26,1.8,5.3,12.2,0.001,142796
2019-02-27,2.3,9.4,11.9,4.6,145026
2019-02-28,3.1,8,13.2,0.1,152740
2019-03-01,2.1,6.4,12.3,0.001,148883
2019-03-02,2.1,7.3,14.3,0.4,147126
2019-03-03,3,10.5,13.3,5.9,132811
2019-03-04,3.5,8.4,12.2,2,122829
2019-03-05,2,6.2,13.4,0,116088
2019-03-06,3.5,8.4,13.8,11.3,118374
2019-03-07,4.6,7.3,10.4,0.001,124484
2019-03-08,1.7,3.7,12.3,0.001,133021
2019-03-09,2.5,6.5,16.6,9,141054
2019-03-10,4.1,8.9,13.1,22.1,137942
2019-03-11,4.2,6.9,13.6,1.2,134351
2019-03-12,5.4,6.1,16,0.001,138166
2019-03-13,4.9,5.1,11.7,0.001,129213
2019-03-14,3,7,14,0.001,133284
2019-03-15,5.1,6.2,15.8,0,140444
2019-03-16,4.1,6,14.1,0.001,148876
2019-03-17,2.8,8,14.1,0.001,146979
2019-03-18,1.9,6.9,14.2,1.9,140746
2019-03-19,2.3,9.2,16.1,0.001,137627
2019-03-20,4,9.9,21.2,1.7,140182
2019-03-21,4.9,7.3,20,0.001,144228
2019-03-22,3.7,6.4,10.6,0.001,155841
2019-03-23,4.8,6.2,11.8,0.001,155592
2019-03-24,2.8,3.6,11,0.001,164328
2019-03-25,2.2,6.4,13.2,0.001,152026
2019-03-26,3.6,10.1,16.7,0.001,152684
2019-03-27,2.8,10.3,22,0.001,156030
2019-03-28,2.5,12.8,16.9,0.001,159810
2019-03-29,2,12.2,17,0.001,164801
2019-03-30,4.7,7.9,14.6,0,167290
2019-03-31,6.5,7.1,11.4,0.001,161581
2019-04-01,4.6,7.1,13.2,0.001,114996
2019-04-02,3,8.6,14,0.001,115776
2019-04-03,2.5,6.6,14.4,0.001,123616
2019-04-04,3,6.2,14.6,0.001,129444
2019-04-05,4,11.9,18.2,0.001,136944
2019-04-06,2.1,11,20.8,0.001,141558
2019-04-07,2.4,13,21.4,2.7,136367
2019-04-08,1.6,11.7,18.1,0.001,128132
2019-04-09,5.2,14.1,17.4,6,119693
2019-04-10,4,9.6,14.2,6.7,130742
2019-04-11,2.4,9.7,13.8,0,132097
2019-04-12,2.2,9.2,16.6,0,141326
2019-04-13,2,9.4,17.7,0.001,146776
2019-04-14,2.5,10.6,17.1,0.001,138996
2019-04-15,2.1,8.7,17.1,0.001,130095
2019-04-16,2,10.7,25,0.001,124646
2019-04-17,2.9,13.6,18.6,0.001,126994
2019-04-18,2.2,12.3,22.1,0.001,134309
2019-04-19,3.1,14.3,21.6,0.001,141652
2019-04-20,3.1,14.5,20,0.001,146486
2019-04-21,1.7,15,23.1,0.001,141078
2019-04-22,3.4,16.6,24,0.001,133550
2019-04-23,3.7,17.3,22.5,18.7,130011
2019-04-24,3.6,15.7,21.2,0.001,136888
2019-04-25,2.2,14.1,17.9,0.001,144739
2019-04-26,4.3,11.3,15.9,0.3,152089
2019-04-27,3.8,11.7,17,0.001,156796
2019-04-28,2.9,12.1,17.5,0.1,156986
2019-04-29,3.7,14.5,20.3,10.5,144280
2019-04-30,2.3,14.5,17.6,1.4,143238
2019-05-01,3.5,12.4,18.6,0.001,127810
2019-05-02,3.2,12.8,21.5,0.001,131302
2019-05-03,2.6,16,21.9,0.001,142734
2019-05-04,1.4,14.7,23.3,0.001,158616
2019-05-05,2,16.4,22.2,0.001,157962
2019-05-06,3.2,13.4,19.2,0.001,140287
2019-05-07,2.6,12.3,19.5,0.001,125268
2019-05-08,1.8,11.9,19.6,0.001,122258
2019-05-09,2,14.7,20.3,0.001,127026
2019-05-10,1.8,14.3,21.4,0.001,134614
2019-05-11,2.1,15,23.4,0.001,136395
2019-05-12,2,15.7,21.5,0.001,130543
2019-05-13,2.2,17.4,23.7,0,127316
2019-05-14,2.7,18.6,23.2,0,129972
2019-05-15,2.9,16.9,26.6,0.001,138831
2019-05-16,2.4,18,28.3,0.001,143801
2019-05-17,3.6,18.4,26.3,12,146160
2019-05-18,5.6,17.4,23.3,19.6,141127
2019-05-19,4.6,18.8,26.3,0,135916
2019-05-20,4,14.9,19.8,0.8,132240
2019-05-21,3.5,14.5,23,0.001,133763
2019-05-22,4.1,19.5,27.6,0.001,139825
2019-05-23,4.7,22,31.3,0.001,143952
2019-05-24,4.9,23.8,33.1,0.001,146556
2019-05-25,2.6,20.4,27.2,0.001,148018
2019-05-26,2.1,20.3,25.4,0,140682
2019-05-27,4.5,15.8,25.5,9.8,138019
2019-05-28,2.6,15.5,21.7,0.001,130918
2019-05-29,2.8,18.7,27,0.001,135548
2019-05-30,1.8,18,25.9,0,136980
2019-05-31,2.9,15.6,21.4,0.6,142275
2019-06-01,2,15.9,22.4,0.001,127614
2019-06-02,1.8,17.9,24.6,0.001,127064
2019-06-03,1.7,17.9,24.5,0.001,120474
2019-06-04,2.7,19.4,29,0.001,122230
2019-06-05,1.7,19.2,26.1,0.001,132380
2019-06-06,3.2,19.1,28.1,13.3,139006
2019-06-07,6.1,18.2,25.3,0.001,143132
2019-06-08,2.7,17.5,23.2,0.2,157832
2019-06-09,3.1,17,23.2,0.001,135786
2019-06-10,3.2,17.5,24.8,0.001,126252
2019-06-11,2.7,18.4,22.9,0,123882
2019-06-12,2.1,17.6,22.9,0.001,127334
2019-06-13,2.6,17.6,28,0.001,132038
2019-06-14,2.9,17.4,21.4,43.5,134120
2019-06-15,3.7,18.2,22.5,0.3,150836
2019-06-16,3.5,18.6,23.3,0.001,136633
2019-06-17,1.7,17.8,23.3,0.001,130032
2019-06-18,1.6,20.5,23.3,1,124422
2019-06-19,2.5,19.4,24.4,0.001,128933
2019-06-20,1.5,19.8,24.4,0.001,134960
2019-06-21,1.8,20.3,26.4,0.001,141894
2019-06-22,2.9,19.7,25.5,0.001,148670
2019-06-23,2.8,19.3,25.6,0.001,147854
2019-06-24,2.2,18.8,24.4,0.001,144582
2019-06-25,3.3,19.1,28.9,0.001,153150
2019-06-26,2.3,19.8,25.9,85.1,143038
2019-06-27,2.9,21.9,25.9,0,140928
2019-06-28,1.8,21,25.8,0.001,140102
2019-06-29,3.5,22.6,29.8,2,134694
2019-06-30,2.5,21.4,26.9,0.4,130946
2019-07-01,1.4,22.3,25.6,1.9,108994
2019-07-02,1.8,21.8,25.7,0.001,124201
2019-07-03,2,21.6,24.9,0.001,123330
2019-07-04,1.7,20.4,25.9,0.001,130462
2019-07-05,2.3,21.6,28.7,0.001,143272
2019-07-06,3.2,20.8,27.2,0.001,137112
2019-07-07,4,22.2,26.4,0,132888
2019-07-08,3.1,20.6,22.7,3.7,136000
2019-07-09,2.8,20.9,23.6,2.2,134218
2019-07-10,3.7,20.5,22,104.7,146146
2019-07-11,4,20.6,26.7,1.2,144557
2019-07-12,2.2,21.7,25.8,0.4,145110
2019-07-13,2.2,20.4,22.9,13.4,151088
2019-07-14,1.8,21.5,27.1,0.001,150888
2019-07-15,2.1,22.2,26.5,0.001,146909
2019-07-16,3.2,22.2,27.2,0.001,144690
2019-07-17,2.9,22.9,28,6.8,145148
2019-07-18,2.5,22.9,25.9,21.3,145876
2019-07-19,3.8,22.3,26.2,187.7,138974
2019-07-20,5.4,24.6,28.2,43.8,136972
2019-07-21,3.9,24.8,30.7,0.001,149499
2019-07-22,2.1,23.8,32.7,108.3,153528
2019-07-23,2.3,24.3,30.3,0.001,173152
2019-07-24,2.3,25.7,30.9,0.001,170314
2019-07-25,2.2,25.9,31.1,0.001,181304
2019-07-26,1.9,25.3,31.2,0.001,174153
2019-07-27,1.6,26.5,31,14.7,182584
2019-07-28,2.4,27,31.8,0.001,185784
2019-07-29,2.1,26.1,31.3,0.001,187628
2019-07-30,2.4,27.3,35.4,0.001,191292
2019-07-31,2.3,27.9,32.3,0.001,197757
2019-08-01,2,26.9,32.1,0.001,167612
2019-08-02,2.9,26.7,31.2,0.001,175766
2019-08-03,2.7,25.4,31.7,0.001,182500
2019-08-04,3.3,25.9,30.2,0.001,187460
2019-08-05,2.4,24.9,30.9,0.001,182808
2019-08-06,2.2,26.2,32.2,0.001,169642
2019-08-07,2,26.6,34.2,0.001,167150
2019-08-08,3,27.7,34.7,0.001,164854
2019-08-09,3.4,27.7,33.3,0.001,163678
2019-08-10,4.7,28.8,30.9,0,163082
2019-08-11,5.7,27.7,30.5,25,165154
2019-08-12,2.2,27.2,33.9,12,170520
2019-08-13,2.5,26.8,31.2,0.001,167990
2019-08-14,2.4,26.8,31.6,1.2,173166
2019-08-15,4.1,26.4,27.9,0,179445
2019-08-16,4.4,25.7,30.9,4.5,181216
2019-08-17,3.1,25.7,32.6,0.001,181118
2019-08-18,2,25.9,29.7,0.001,173114
2019-08-19,1.9,24.6,29.1,0.001,168651
2019-08-20,3.4,25.7,30.1,0.1,167930
2019-08-21,1.3,25.3,31.6,3.4,176953
2019-08-22,3.2,25.8,31.8,6.3,172102
2019-08-23,2.1,26.2,30.7,0,172711
2019-08-24,2.1,25.2,28.8,0.001,175032
2019-08-25,2.1,23.3,27.7,0.1,172389
2019-08-26,2.5,23.5,28.3,0.3,170852
2019-08-27,3,24.5,31,87.2,170541
2019-08-28,2,23,27,33.3,172406
2019-08-29,2.4,21.3,25.4,68.9,171350
2019-08-30,2.6,22.2,28.8,0.001,172952
2019-08-31,2.1,20.8,28.2,0.001,168878
2019-09-01,2,20.6,26.3,26.1,128314
2019-09-02,2.4,21.9,26.6,25.7,117078
2019-09-03,2.2,22.4,26.7,13.9,111447
2019-09-04,1.6,23.7,27.9,43,111304
2019-09-05,1.6,23.4,30.4,7,105788
2019-09-06,4.2,25.1,28.6,68.8,105396
2019-09-07,6.5,24.9,30.3,34.3,75436
2019-09-08,2,23.4,26.3,19,89212
2019-09-09,2.7,23.7,29,24.7,109092
2019-09-10,1.7,24,29.4,0,120988
2019-09-11,1.8,24.1,29.3,5,139366
2019-09-12,3.2,23,25.1,0.6,167069
2019-09-13,3,22.1,26.7,0.001,193410
2019-09-14,2.1,21.7,26.9,0.001,186025
2019-09-15,1.9,22.9,26.9,0.001,157588
2019-09-16,1.9,23.6,27,0,140662
2019-09-17,2.8,22,25.8,0.001,138761
2019-09-18,2.4,20.6,27.6,0.001,147210
2019-09-19,3.2,19.3,25.9,0.001,156954
2019-09-20,3.9,19.9,25,0,157500
2019-09-21,5.3,19.1,21.7,156,142107
2019-09-22,9.2,19.1,21.7,126.2,109074
2019-09-23,2.5,18.4,24.5,0,146444
2019-09-24,2,16.7,25.2,0.001,139790
2019-09-25,2.5,18.3,25.2,0.001,175847
2019-09-26,3.6,21.3,27.7,1,173369
2019-09-27,3.1,22.7,25.7,36,166341
2019-09-28,2,23.1,25.6,0.7,164784
2019-09-29,1.5,22.9,26.3,0,166866
2019-09-30,1.2,22,26.8,22.6,156604
2019-10-01,2.5,20.5,26.4,36.3,116319
2019-10-02,4.9,20.6,27.3,136.2,90167
2019-10-03,5,21.9,26.2,0.2,120438
2019-10-04,2,21.2,26.1,0.001,138047
2019-10-05,3,18.4,23.2,0.001,155358
2019-10-06,2.7,17,24.6,1,154637
2019-10-07,3.3,20.2,23.6,0,144949
2019-10-08,3.6,17.4,24,0.001,148572
2019-10-09,1.9,14.2,21.5,0.001,154234
2019-10-10,2.1,14,23.1,0.001,155208
2019-10-11,2.1,17.1,23.9,0.001,156208
2019-10-12,2.4,18.7,24.8,0.001,160706
2019-10-13,2.9,17.1,22.8,0.001,152478
2019-10-14,2.9,16.7,23.2,0.001,147500
2019-10-15,2.3,15.2,19.1,3.2,150874
2019-10-16,2.4,15.8,21.3,0.001,159100
2019-10-17,3.1,16.2,21.8,0.001,164290
2019-10-18,3.3,18.1,20.5,8.3,168514
2019-10-19,2.3,17.7,22.7,0,169586
2019-10-20,2.3,15.4,21.8,0.001,161546
2019-10-21,2.8,17.4,22.9,0.001,155362
2019-10-22,2.9,18.6,22.5,0.5,156961
2019-10-23,3.1,19.2,21.8,0.6,161486
2019-10-24,3.4,18.4,22.3,2.3,166530
2019-10-25,2.5,16.8,23.5,0.001,170530
2019-10-26,4.3,15.5,19.4,0.001,170114
2019-10-27,2.6,13.7,18.7,0.001,161497
2019-10-28,2,11.9,19.2,0.001,153741
2019-10-29,3.1,15.2,20.8,0.001,152988
2019-10-30,2.7,13.7,19.5,0.001,164745
2019-10-31,2.4,12.1,20.7,0.001,159404
2019-11-01,2.3,15.6,22,0.001,138950
2019-11-02,2.5,15.6,22.7,0.001,145187
2019-11-03,1.7,15.2,20.4,0,138562
2019-11-04,2.3,13.5,20.6,0,130056
2019-11-05,2.1,14.6,20.3,0,128548
2019-11-06,2.1,12.3,19.4,0.001,133732
2019-11-07,2.9,13.4,19.3,0.001,144330
2019-11-08,3.1,12.4,17.3,0.001,157496
2019-11-09,3.1,11.9,18.1,0.001,152008
2019-11-10,3.2,10.3,19.7,2.9,147749
2019-11-11,5.3,15.3,19.5,0,144848
2019-11-12,1.8,12.1,17.9,0.001,148096
2019-11-13,2.9,11.8,18.3,1.7,137154
2019-11-14,4.1,7.9,14.5,0.001,150584
2019-11-15,2,7,17.2,0.001,161388
2019-11-16,2.3,10.6,21.3,0.001,158280
2019-11-17,2.4,14.9,24.3,0,150958
2019-11-18,5.5,11.2,22.7,6.1,137064
2019-11-19,5.3,9.9,12.3,0,130386
2019-11-20,3.2,7.8,12.5,0.001,133343
2019-11-21,2.8,7.8,17.1,0.001,139094
2019-11-22,2.9,13.5,21.8,0.001,148078
2019-11-23,2.9,14.5,21.7,0.001,164717
2019-11-24,2.7,13.7,19.5,4.7,155519
2019-11-25,3.6,9.2,13.9,0,138786
2019-11-26,2.5,9.7,15.3,8.2,132528
2019-11-27,4.6,9.3,14.8,3.8,152478
2019-11-28,3.9,8.8,14,0.001,142093
2019-11-29,2.8,6.9,12.6,0.001,156608
2019-11-30,2.1,6.9,18,0.1,149916
2019-12-01,2.7,11.1,15.1,18.9,127428
2019-12-02,6.1,7.4,11.8,0,110145
2019-12-03,4,7.5,10.8,0,106911
2019-12-04,3.6,10,14.1,0.001,119872
2019-12-05,4.4,5.7,11.5,0.001,117932
2019-12-06,4.2,3.2,5.8,0.001,135527
2019-12-07,3.8,4.3,9.5,0.001,143234
2019-12-08,2.9,6,10.2,0.001,152103
2019-12-09,2.4,5.9,15.2,0.001,135418
2019-12-10,2.7,8.5,18.7,0.001,123816
2019-12-11,4.1,9.6,18,0.001,123886
2019-12-12,3.7,5.4,10.3,0.001,149842
2019-12-13,1.7,4.6,12.9,0.001,141886
2019-12-14,2.6,6.9,12.7,0.001,144798
2019-12-15,2.4,6.9,17.4,0.001,141806
2019-12-16,2.6,12.2,18.2,0.1,147140
2019-12-17,3.3,10.9,17.6,7.3,134463
2019-12-18,4,7.4,10.9,0,148620
2019-12-19,3.7,7,9.4,0.001,142121
2019-12-20,2.9,6.9,11.1,0.001,155281
2019-12-21,1.7,5.6,10.1,0.001,162120
2019-12-22,2.3,6.8,11.6,1,150832
2019-12-23,3,6.7,12.4,0.001,147578
2019-12-24,2.3,7.3,11.9,0.001,150518
2019-12-25,2.2,7,15.1,0.1,153450
2019-12-26,4.2,6.7,13.1,9.4,160122
2019-12-27,5,5.7,7.3,0,166456
2019-12-28,2,6.1,9.7,0.001,175858
2019-12-29,2.9,7.1,16.4,11.4,170919
2019-12-30,3.9,6.3,13.6,0,170930
2019-12-31,5.4,1.8,6.4,0,170905
2020-01-01,2.5,2.4,7.3,0.001,145506
2020-01-02,1.9,5.5,9.2,0.001,146048
2020-01-03,2.3,6.4,11.4,0.001,145733
2020-01-04,2.2,5.1,11.4,0.001,147774
2020-01-05,2,4.3,11.1,0.001,142499
2020-01-06,2.3,10.1,18.9,0.3,139934
2020-01-07,7,12.8,23.6,12.4,138562
2020-01-08,7.2,6.9,13.2,1.4,144865
2020-01-09,3.1,6.7,8.2,0.001,150423
2020-01-10,1.9,4.3,11,0.001,155550
2020-01-11,3.2,6.9,9.1,0.001,160930
2020-01-12,5.3,6.7,8.5,0,158854
2020-01-13,4,6.1,8.8,0,155603
2020-01-14,2.4,3.4,6.2,4.6,154136
2020-01-15,3.5,4.6,7.2,0,157476
2020-01-16,1.9,4.6,8,0.001,158564
2020-01-17,3.1,6,9.2,0.001,160346
2020-01-18,4,6.2,9,0.001,160402
2020-01-19,4,5.9,10,0,152814
2020-01-20,4.6,7.1,10.9,0.001,145915
2020-01-21,2.7,4.9,10.5,0.001,136216
2020-01-22,1,8.6,13.5,25.8,135440
2020-01-23,2.3,10.5,13.6,0.7,146209
2020-01-24,2.5,9.5,12.7,0.001,185402
2020-01-25,3.2,10.6,14,1,212772
2020-01-26,4,10.6,13,10.1,193683
2020-01-27,6.6,8.1,11.5,60.3,155992
2020-01-28,3.3,9.1,11.1,0,142566
2020-01-29,4.2,8.5,11.3,0,133014
2020-01-30,5.3,7.5,10.2,0.1,127785
2020-01-31,3.9,5.9,8,0,127351
2020-02-01,2.6,4.5,10.9,0.001,120806
2020-02-02,2.5,6,10.7,0.001,98970
2020-02-03,3,5.1,9.3,0,92001
2020-02-04,1.7,2.6,8.2,0.001,88238
2020-02-05,3.9,1.2,7.7,0.7,85816
2020-02-06,2.4,0.8,5.4,0.001,102742
2020-02-07,2.4,4.8,8.9,0.001,89330
2020-02-08,5.1,4.7,9,0,93107
2020-02-09,4.2,4.9,8.9,0,92428
2020-02-10,3.5,6.1,14.1,0.001,90132
2020-02-11,1.7,6.7,15.1,0,90118
2020-02-12,3.5,11.1,16.7,1.1,89082
2020-02-13,2.1,11.1,14.9,0.001,98514
2020-02-14,1.7,11.1,16.4,0.001,105864
2020-02-15,2.7,12.2,21.6,0.8,116106
2020-02-16,7.2,3,12.5,7,112168
2020-02-17,8.9,0.8,4.2,2,119035
2020-02-18,5,0.5,7.8,0.1,123921
2020-02-19,1.8,2.2,10.7,0.001,127820
2020-02-20,2.3,6.7,13.2,0.001,131789
2020-02-21,2.4,6.4,16.9,0,134673
2020-02-22,5.1,7.6,14.3,0,133718
2020-02-23,2.6,5.9,11.1,0.001,127596
2020-02-24,1.8,5.4,15.8,0.001,135384
2020-02-25,5.1,11.5,21.8,0.1,110915
2020-02-26,2.6,8.4,12.7,0.1,106477
2020-02-27,2.7,6.8,13.4,0.001,104850
2020-02-28,3.3,8.7,11.6,3.7,103856
2020-02-29,2.3,10.9,12.2,14.2,103852
2020-03-01,2.9,8.1,12.7,4.2,68985
2020-03-02,3.3,6,10.4,0,73966
2020-03-03,1.7,6.2,15,0,76450
2020-03-04,4.9,5.2,10.6,0.001,79586
2020-03-05,3.8,4,9.6,0.001,82418
2020-03-06,1.7,2.5,11.9,0.001,85900
2020-03-07,2.3,8,11,8.1,85550
2020-03-08,2.9,7.3,15.4,0.001,84735
2020-03-09,2.7,11.3,14.6,25.3,83898
2020-03-10,6.2,7.7,13.4,21.5,82176
2020-03-11,4.7,5.5,11.1,0.001,88928
2020-03-12,2,3.8,13.7,0.001,93940
2020-03-13,2.7,8.2,14.5,0.001,115521
2020-03-14,4.8,5.9,10.6,0.001,104156
2020-03-15,6.5,6.8,15.3,0.001,98679
2020-03-16,3.7,4.6,10.6,0.001,98140
2020-03-17,3.6,6.2,19.8,0.001,97419
2020-03-18,1.8,10.1,16.7,0.001,98388
2020-03-19,4.7,9.9,21.2,0.001,99883
2020-03-20,2.9,7.2,16,0.001,103271
2020-03-21,2.2,9.9,22.8,0.001,105490
2020-03-22,2.3,11.3,18.5,1,103138
2020-03-23,2.8,9.3,16.3,0.001,103562
2020-03-24,2.7,8.8,15.8,0.001,101244
2020-03-25,2.5,10.8,20.9,0,123932
2020-03-26,1.9,15,23.2,17,97104
2020-03-27,3.8,8.4,19.9,0,98004
2020-03-28,2.3,7.1,9.9,3.9,100534
2020-03-29,2.5,6.6,14.4,0.001,101020
2020-03-30,2.3,11.7,15.9,0.001,96502
2020-03-31,2.7,11.3,17.2,0.6,95498
2020-04-01,3.7,8.4,15.4,3.4,59538
2020-04-02,2.1,8.7,14.7,0.001,67686
2020-04-03,2.1,10.9,16.3,0.001,70186
2020-04-04,3.6,7.6,16.9,0.001,72905
2020-04-05,3.2,7.4,13.4,0.001,69657
2020-04-06,2.4,6,14.3,0.001,66570
2020-04-07,2.8,8.9,17.9,0.001,66118
2020-04-08,2.4,10.5,16.8,0.001,66507
2020-04-09,2.2,8.8,15.3,0.001,69646
2020-04-10,1.9,9.9,15.9,0.001,73731
2020-04-11,3.6,9.7,16.8,23.9,76804
2020-04-12,4.5,7.5,11.2,25.4,76062
2020-04-13,4.5,9.6,13.8,0.001,75341
2020-04-14,2.1,8.3,16.6,0.001,78978
2020-04-15,1.8,10.1,16.9,0.001,78858
2020-04-16,3,10.3,21.4,0.001,78995
2020-04-17,3.4,13.6,18.7,9.7,82310
2020-04-18,3.2,11.1,16.2,0.001,87066
2020-04-19,4.5,11,15.6,19.5,79972
2020-04-20,4.1,11.6,18,0.4,81638
2020-04-21,3.9,10.2,16.5,0,83128
2020-04-22,5.7,8.7,14.8,0.001,87756
2020-04-23,5.1,8.7,14.1,0.001,90038
2020-04-24,3.8,9.1,16.8,0.001,117064
2020-04-25,6.1,10.2,23,0.001,106120
2020-04-26,2.3,11.1,18.9,0.001,107401
2020-04-27,2.6,11,17.7,0.001,105784
2020-04-28,2.7,10.4,19.7,0.001,108388
2020-04-29,2.2,13,20,0.001,123154
2020-04-30,2.4,12.5,24.8,0.001,145992
2020-05-01,2.1,17.4,24.6,0.001,136787
2020-05-02,1.1,16.4,21.9,3.2,140312
2020-05-03,1.9,16,23.6,0.9,129752
2020-05-04,2.2,15.5,23.7,0,110736
2020-05-05,2.9,14.2,24.6,0.001,97632
2020-05-06,3.2,15.9,24.5,0.001,85992
2020-05-07,4.2,14.8,22.9,0.001,83408
2020-05-08,3.3,15.5,26.5,0.2,85564
2020-05-09,5.2,15.5,27.7,3.4,87304
2020-05-10,3.9,15,18.1,0.001,95042
2020-05-11,2.7,14.6,23.2,0.001,100012
2020-05-12,5,14.9,25.1,0.001,103243
2020-05-13,2.1,13.2,20.4,0.001,103428
2020-05-14,1.5,15.2,25.8,0.001,102578
2020-05-15,3.3,19,27.1,2.9,100471
2020-05-16,1.8,14,19.1,5.3,102865
2020-05-17,2,13.6,21.9,0.001,105448
2020-05-18,2.6,15.9,29.5,0.4,104146
2020-05-19,5.8,14.4,21.1,0.001,104895
2020-05-20,3,13.8,20.6,0.001,129482
2020-05-21,3.1,14.5,24.6,0.001,119424
2020-05-22,4.1,16.3,23.9,0.001,121152
2020-05-23,2.8,16.1,22.4,0.001,125314
2020-05-24,2.3,17.9,26.1,0.001,125566
2020-05-25,2,16.4,20.6,0,120460
2020-05-26,2.6,16.5,21.1,0,118660
2020-05-27,2.8,16,21.1,0.001,119637
2020-05-28,3,15.9,25,0.001,124086
2020-05-29,2.2,14.7,20.5,0.001,127866
2020-05-30,2.3,17.8,23.6,0.6,130144
2020-05-31,3.5,17.1,23.6,3.7,128720
2020-06-01,1.9,16.7,21.7,0.4,99673
2020-06-02,2,15,22.5,0.001,98042
2020-06-03,1,18.1,24.7,0,98178
2020-06-04,1.4,18.7,25.3,0.001,108714
2020-06-05,1.4,17.4,24.2,0.001,113572
2020-06-06,3.1,19.2,26.5,0.001,122006
2020-06-07,2.9,18.5,23.9,0.001,121716
2020-06-08,3,18.6,29.7,0.001,135478
2020-06-09,3.6,22.2,30.1,0.001,112777
2020-06-10,1.7,22.7,28.9,0.4,105774
2020-06-11,3.2,21.6,28.9,0,107440
2020-06-12,2.2,21.1,24.2,1.1,111783
2020-06-13,3.1,22.8,29.6,24.3,113606
2020-06-14,4.5,20.8,27.7,26,114366
2020-06-15,2.3,20.2,25,0.001,114394
2020-06-16,2.5,21.4,26.9,0.001,111594
2020-06-17,1.8,18.3,23.2,30.9,110201
2020-06-18,4.2,18.3,22.5,49.3,112805
2020-06-19,2.1,18.3,22.6,11.4,125321
2020-06-20,3,19.7,24.9,0.001,134967
2020-06-21,4,20.1,24.3,0.001,138194
2020-06-22,3,20.1,28.9,0.001,134460
2020-06-23,1.6,20,30.9,0.001,151025
2020-06-24,2,21.9,27.1,38.3,126018
2020-06-25,2.2,21.6,24.9,14.2,147392
2020-06-26,2.2,20.7,25.4,0.001,135863
2020-06-27,2.3,20.8,26.8,0.1,137546
2020-06-28,2.1,20.5,28.7,0.001,135594
2020-06-29,3.2,19.1,27.6,25.1,126980
2020-06-30,7,20,24,0,125258
2020-07-01,2.9,19.7,26.8,0.001,105840
2020-07-02,2.2,20.2,25.2,0.001,155659
2020-07-03,3.6,19.7,23.8,17,131236
2020-07-04,2.7,19.5,21.7,0.4,136398
2020-07-05,1.4,19.2,24.2,0.001,133518
2020-07-06,1.5,20.7,26.1,15.7,128996
2020-07-07,1.8,21.2,25.5,35.1,128062
2020-07-08,1.9,20,25.6,0.001,131940
2020-07-09,2.1,20.9,27.6,2,154528
2020-07-10,3.3,21.9,29.8,16.4,147346
2020-07-11,2.2,22.5,25.8,0,145100
2020-07-12,2.6,22.6,26.5,4.3,142814
2020-07-13,5.7,22.6,30.6,1.5,144546
2020-07-14,4.8,19.8,23.6,0.5,147130
2020-07-15,2.8,20.2,24.6,0,177044
2020-07-16,2.8,20.2,24.5,0.4,158210
2020-07-17,2.8,20.1,25.8,0.001,159092
2020-07-18,1.7,20.7,26.7,0.2,155502
2020-07-19,3.2,23,34.3,0,151928
2020-07-20,4.2,22.8,29.9,1.2,167783
2020-07-21,1.6,22.6,27.2,4.4,150196
2020-07-22,2.8,23.8,30.4,0,148624
2020-07-23,4.3,23.6,30.5,9.2,148054
2020-07-24,6.6,21.3,25.1,2.4,148886
2020-07-25,4.5,21.2,26.6,0,153002
2020-07-26,2.4,20.7,25.5,0.001,151176
2020-07-27,1.9,22.6,27.9,71.5,161665
2020-07-28,2.7,25.1,33.8,2,151176
2020-07-29,1.8,25.7,30.9,0.5,152226
2020-07-30,1.8,25.4,31,0.001,159173
2020-07-31,1.9,25.1,29.5,0.001,173744
2020-08-01,1.6,25.5,30.7,0.001,152156
2020-08-02,2.2,26.7,34,0.001,161662
2020-08-03,2,26.7,32.5,0.001,162953
2020-08-04,1.9,27.1,34.9,0.001,167688
2020-08-05,2.1,26.4,34.1,9.7,167776
2020-08-06,4.8,27.9,32.7,0,169141
2020-08-07,4,27.8,32.7,0,172630
2020-08-08,5.4,29.7,32.7,0.001,197911
2020-08-09,3.9,28,33.9,0.001,172697
2020-08-10,3.3,26.6,32.3,4.2,159604
2020-08-11,4.5,27.6,33.6,2,162421
2020-08-12,3.1,28.2,34.5,0,167430
2020-08-13,2.9,28.2,36.1,0.001,174010
2020-08-14,3.5,27.6,36.3,0.001,185098
2020-08-15,2.3,27.8,36.3,0.001,197116
2020-08-16,2.3,27.5,32.7,0.001,196578
2020-08-17,2.1,27,32.3,0.001,186543
2020-08-18,2.2,26.8,30.8,0.001,178608
2020-08-19,2.1,26,31.2,0.001,175749
2020-08-20,2,26,31.3,0.001,172963
2020-08-21,2.8,25.4,30.3,0.001,175098
2020-08-22,2.3,24.3,33.3,2.8,171798
2020-08-23,2.5,24.8,31.2,0.001,168452
2020-08-24,2,26.2,35.1,0.001,159446
2020-08-25,3.4,27.7,33.6,2.9,143118
2020-08-26,6.7,25.4,29.8,114.3,105858
2020-08-27,2.8,27.2,30.8,0.7,162046
2020-08-28,1.7,26.4,32.6,2.3,150745
2020-08-29,1.8,26.3,31.3,1.5,133732
2020-08-30,1.9,26.1,31.4,0.001,132388
2020-08-31,3.1,25.9,31.6,0,124600
2020-09-01,3.8,25.6,28,0.1,87342
2020-09-02,11.6,23.1,27.9,183.6,69790
2020-09-03,5.7,23.2,28.7,0.3,93786
2020-09-04,2.3,21.5,29.3,0.001,94070
2020-09-05,2.4,19.3,24.1,7.6,93611
2020-09-06,3.9,20.5,23.1,71.7,106530
2020-09-07,6.9,20.7,26.3,79.8,85036
2020-09-08,2.8,22.4,30.7,0.001,96624
2020-09-09,2.5,24.4,28.7,0,104366
2020-09-10,2.1,22.7,26.6,0,139041
2020-09-11,2,21.8,26,0.6,117691
2020-09-12,1.6,21.6,25.5,0.001,121208
2020-09-13,1.9,21.7,26.1,5.2,119987
2020-09-14,2.6,21.8,25.9,0.001,120180
2020-09-15,1.9,21,25.8,0.001,115395
2020-09-16,1.7,21.5,28.3,6.1,113292
2020-09-17,1.6,19.3,23.3,26.6,114723
2020-09-18,1.9,17.8,23.1,11.3,123736
2020-09-19,2.1,16.8,25.6,0.001,129524
2020-09-20,2,18,25.6,0.001,129714
2020-09-21,2.4,18.5,25,0.001,125912
2020-09-22,3.6,19.5,22.6,0.001,121614
2020-09-23,2.8,20.1,21.7,1.3,120018
2020-09-24,2.7,20.6,22.7,0,144120
2020-09-25,1.7,20.1,25.3,0.6,135128
2020-09-26,2.4,20.5,25.8,0.001,134446
2020-09-27,2.9,19,24.1,5.7,135118
2020-09-28,2.9,19.3,23.4,0.001,134424
2020-09-29,2,18.1,23.8,0.001,140234
2020-09-30,2.3,19,24.9,0.001,155648
2020-10-01,2.1,19.4,24.1,0.001,152712
2020-10-02,1.9,17.6,25.5,0.001,159442
2020-10-03,1.7,20.2,25.3,0,144844
2020-10-04,2.3,19.5,23.5,1.1,118713
2020-10-05,4.9,16.8,21.1,0.001,101706
2020-10-06,2.9,17.1,20.4,0.001,97926
2020-10-07,3.7,17,22.2,0.001,103632
2020-10-08,5.6,19.1,22.5,0.001,119378
2020-10-09,5,18.6,21.5,0.001,136546
2020-10-10,2.2,18.9,22.4,0.001,141180
2020-10-11,2.1,18.9,23.3,0.001,137932
2020-10-12,2.8,18,23.5,0,128268
2020-10-13,3,16.1,21,0.001,127040
2020-10-14,3.3,15.7,21.7,0.001,131131
2020-10-15,2.3,15.6,20.3,0,136192
2020-10-16,2.3,14.4,20,4,142835
2020-10-17,2,13.7,20.7,0.001,149922
2020-10-18,1.9,15.6,20.9,0.001,150724
2020-10-19,2.3,14.2,21.1,0.001,126564
2020-10-20,2.8,15.6,22.2,0.001,146346
2020-10-21,2.7,16.3,22.2,46.4,129597
2020-10-22,3,15.4,20.5,2.2,133248
2020-10-23,5.9,14.3,16.7,0.001,199647
2020-10-24,4.6,14,17.6,0.001,210483
2020-10-25,2.3,13.2,19.9,0.001,204840
2020-10-26,1.9,12.1,20.8,0.001,167400
2020-10-27,2.1,12.5,20.3,0.001,165062
2020-10-28,1.7,15.5,20,0.001,165580
2020-10-29,2.6,12.8,18.7,0.001,172598
2020-10-30,2.2,13.7,18.5,0.001,179050
2020-10-31,2.6,14.3,19.6,0.001,180102
2020-11-01,2.1,13.7,22.3,1,142340
2020-11-02,1.8,12.8,18.5,5.4,133868
2020-11-03,4.9,11.8,16,0.001,132938
2020-11-04,3.1,9.2,15.1,0.001,135865
2020-11-05,2.4,8.2,17.9,0,140590
2020-11-06,1.3,13.8,21.7,0,146198
2020-11-07,1.6,14.5,21,0.001,152925
2020-11-08,3.8,11.5,19.2,0.001,151968
2020-11-09,3.2,10.1,14.5,0.001,145320
2020-11-10,2.5,9.2,17.2,0.001,143025
2020-11-11,2.1,8.6,15.9,0.001,146542
2020-11-12,2.4,11.6,17.9,0.001,159300
2020-11-13,1.9,10.6,18.7,0.001,165315
2020-11-14,2.5,12,19.4,0.001,166248
2020-11-15,2.2,13.3,19.7,0,161268
2020-11-16,1.8,14.5,19.4,1.4,153650
2020-11-17,1.7,16.3,26.7,0.001,155570
2020-11-18,2.4,18.5,25.9,0,151642
2020-11-19,4.6,15.6,25.8,12.2,147638
2020-11-20,4,10.9,15.6,0,154995
2020-11-21,2.5,8.7,16.4,0.001,157135
2020-11-22,3.6,11.3,15.6,4.2,150278
2020-11-23,4,9.2,11.2,0.001,144378
2020-11-24,2.5,8.7,12.9,0,141265
2020-11-25,2.3,9.6,14.7,0.001,140160
2020-11-26,2,9.4,14.1,3.8,139568
2020-11-27,4.5,9.1,12.9,0,140310
2020-11-28,4.9,7.9,9.4,0.001,138832
2020-11-29,3.8,7.6,12,0,133010
2020-11-30,3.7,7.8,10.1,0.2,171444
2020-12-01,2.7,6.1,10.3,0.001,104324
2020-12-02,2.4,6,12.4,0.001,105606
2020-12-03,3.3,5.8,10.5,0.001,110400
2020-12-04,3.9,6.8,9.4,0.001,115227
2020-12-05,1.9,6,12.3,0.001,119098
2020-12-06,1.9,5.3,11.7,0.001,119175
2020-12-07,2.3,6.3,13.1,0.001,111758
2020-12-08,3,6.8,10.3,0.001,108472
2020-12-09,1.9,4.2,10.6,0.001,109312
2020-12-10,1.6,7.6,12.4,0.001,114373
2020-12-11,1.2,8.9,12.5,0,121184
2020-12-12,3,6.5,11.5,0.001,125758
2020-12-13,4,5.7,14.6,0,126172
2020-12-14,6.4,1.7,5.9,0.1,118909
2020-12-15,4.5,2,4.3,0,115504
2020-12-16,4.9,3,5.3,1.5,114842
2020-12-17,3.5,3.8,7.2,0,118780
2020-12-18,3.8,6.1,10.8,0,116974
2020-12-19,5,2.8,6.3,0.001,114849
2020-12-20,4,3.6,7.9,0,110750
2020-12-21,3.2,6.4,10.2,0,107597
2020-12-22,2.3,6,13.1,0.001,106432
2020-12-23,1.6,4.5,15,0,110012
2020-12-24,3.7,8,13.5,0,116540
2020-12-25,4,4.8,10,0.001,120169
2020-12-26,2,3.8,10.6,0.001,119984
2020-12-27,2.7,8.1,11.5,14.4,112665
2020-12-28,2.1,8.3,14.5,0.001,107485
2020-12-29,3.7,3,14.6,5.4,105574
2020-12-30,8.5,-1.4,4.3,4.3,99718
2020-12-31,6.1,-0.3,4.6,3.8,110439
2021-01-01,3.8,4,7.2,0,85340
2021-01-02,4.3,2.8,8.4,0,89464
2021-01-03,2.5,2.7,6.3,0.001,82579
2021-01-04,1.7,2.2,9.2,0.001,76111
2021-01-05,4,2.6,9,0,73574
2021-01-06,5.3,1.7,5.6,0.6,74298
2021-01-07,7.5,-3.1,4.4,7.9,61400
2021-01-08,7.2,-2.7,1,6.1,59682
2021-01-09,6.7,-2.1,3.1,0.9,70196
2021-01-10,4.4,0.8,5.1,0,72674
2021-01-11,2.3,1.5,5.1,10.8,79510
2021-01-12,3.8,2.6,6.4,1.2,84539
2021-01-13,4.4,5.2,13.6,0.001,90674
2021-01-14,2.5,7.9,15.4,0.001,96243
2021-01-15,3.6,7.7,18.2,0.001,102322
2021-01-16,4.7,2.8,8.6,0.001,105298
2021-01-17,5,1.2,4.4,2,105707
2021-01-18,6,3.1,9.9,0,106995
2021-01-19,2.3,2,6.3,0.001,108734
2021-01-20,2.2,3.8,15.9,0.001,109498
2021-01-21,1.7,7.3,17.9,0.5,111514
2021-01-22,1.7,11.5,14.5,8.2,115472
2021-01-23,4,11.1,13.5,57.8,117397
2021-01-24,3.9,10.4,13.6,0.2,121754
2021-01-25,3.5,11.3,15.3,0.001,120743
2021-01-26,3.4,8.8,12.8,19.7,119840
2021-01-27,2.3,5.8,10,0.001,123484
2021-01-28,5.9,0.4,10.6,0.5,124712
2021-01-29,5.2,0.3,5.3,0.2,132212
2021-01-30,3.6,2.2,11.7,0.001,134964
2021-01-31,1.8,5.6,14.9,0,133108
2021-02-01,3.6,9.8,15.8,22.4,96946
2021-02-02,4.4,2.9,10,0.001,98105
2021-02-03,2.7,3.6,8.6,0.001,102400
2021-02-04,3.4,3.6,9.5,0.1,105777
2021-02-05,1.6,2.2,9.9,0,112938
2021-02-06,3.4,7.5,14.6,0.001,119108
2021-02-07,2.9,7.5,15.1,0.001,120600
2021-02-08,3.7,2.3,7.5,0.001,116308
2021-02-09,2.4,2.9,7.8,0.001,116196
2021-02-10,1.7,3.1,10.9,0.001,130722
2021-02-11,2,6,13,0.001,149782
2021-02-12,1.6,10.2,14.1,0.001,165442
2021-02-13,2,10.1,16.3,0.001,164486
2021-02-14,1.4,10.8,16,2.4,148194
2021-02-15,5.5,3.5,12.4,0,133382
2021-02-16,5.2,3.3,9.1,0,132699
2021-02-17,8.2,-1.2,3.8,0.9,129658
2021-02-18,7.2,-1,3.8,1.9,134897
2021-02-19,4,2.8,13.4,0.001,147928
2021-02-20,6.1,11.7,17.7,0.001,154910
2021-02-21,6.4,16.4,23.7,0.001,158336
2021-02-22,4.5,8.7,23.4,0.001,158624
2021-02-23,2.3,5,10.6,0.001,157280
2021-02-24,2.5,5.2,13.2,0.001,157213
2021-02-25,3.6,9.8,15.2,19.6,155372
2021-02-26,6.7,9.8,13,5.4,157745
2021-02-27,5.7,10.8,12.6,0.001,170114
2021-02-28,4,11.3,17.1,0.1,171510
2021-03-01,4,7.8,21.9,11.2,132307
2021-03-02,4.3,6.2,9.8,0,122059
2021-03-03,2.6,4.8,12.8,0.001,114107
2021-03-04,3.2,9.2,12,26.9,115300
2021-03-05,2,10.7,14.2,0.1,126168
2021-03-06,2.8,9.2,14.2,0.001,132920
2021-03-07,3.5,9.1,11.1,0.001,135947
2021-03-08,2.6,8.7,12.7,0.001,135048
2021-03-09,2.3,7.9,13.5,0.001,133917
2021-03-10,2.5,7,16.5,0.001,135692
2021-03-11,3.4,10.9,19,7.6,139506
2021-03-12,3.7,10.3,13.4,14.2,147056
2021-03-13,2.4,9.4,14.7,0.001,158403
2021-03-14,1.8,8.5,15.2,0.001,161679
2021-03-15,2,7.9,19.2,0,157294
2021-03-16,3.4,7.9,19.1,3.1,150955
2021-03-17,2.7,6.3,15.7,0.001,149614
2021-03-18,3.1,10.8,17.1,0.001,152862
2021-03-19,3.3,12.9,16.2,6.2,161766
2021-03-20,3.5,9.6,15.7,7.6,168178
2021-03-21,6,7.3,12.5,0.001,173936
2021-03-22,5.3,6.4,12.8,0.001,174752
2021-03-23,3.8,9,16.5,0.001,173012
2021-03-24,1.9,8.8,17.3,0.001,175942
2021-03-25,1.8,11.6,17.7,0.001,184205
2021-03-26,2.3,9.7,21.2,0.001,189651
2021-03-27,3.1,12.2,21.5,4.2,186823
2021-03-28,4.1,12.7,17.5,0.001,185188
2021-03-29,2.6,12,17.8,0.001,177758
2021-03-30,1.7,11.4,19.1,0.001,169491
2021-03-31,3.3,12.1,20.6,0.001,167426
2021-04-01,4,13.8,17.5,8.8,130823
2021-04-02,4.6,13.8,19.9,9.8,141771
2021-04-03,4.1,13,22.8,0,149919
2021-04-04,4,10.8,13.2,5.2,152730
2021-04-05,2.7,10.6,14.6,4.1,148768
2021-04-06,2.2,11.3,17.4,0.001,149240
2021-04-07,2,11.2,18.3,0.001,152548
2021-04-08,2.6,11.2,18.6,0.001,161448
2021-04-09,3,9.7,17.5,0.001,170496
2021-04-10,3.6,11.4,17.5,0.001,177230
2021-04-11,3.4,12.2,21.5,0.001,175742
2021-04-12,4,14.3,19.9,16.9,157902
2021-04-13,4.3,8.5,14.4,0.001,153426
2021-04-14,3,8.2,14.9,0.001,157276
2021-04-15,2.5,8.6,17.9,0.001,171444
2021-04-16,1.7,11.1,19.7,0.001,180744
2021-04-17,4.4,11.3,16.3,0.001,188678
2021-04-18,4.8,11.1,16.5,0.001,187800
2021-04-19,2.6,9.9,19.1,0.001,180173
2021-04-20,1.9,10.3,18.5,0.001,169862
2021-04-21,1.8,12.3,22.8,0.001,166358
2021-04-22,3.1,16.8,25.9,0.001,173285
2021-04-23,3.9,16.5,25,0.001,181220
2021-04-24,3.7,15.9,21.9,0.001,190918
2021-04-25,2.5,14.7,20.7,0.001,193697
2021-04-26,3.5,13.5,20.9,0.001,184118
2021-04-27,2,14,21.5,0.8,173428
2021-04-28,1.9,14.9,19.5,0,169477
2021-04-29,3.8,14.7,23.3,0,175483
2021-04-30,4.8,11.3,19.9,13.2,183281
2021-05-01,4.5,11.5,16.3,10.1,165700
2021-05-02,3.9,10.9,16.7,0.001,168662
2021-05-03,2.1,9.4,18.9,0.001,156062
2021-05-04,3.2,15.1,23.1,12.8,146506
2021-05-05,3.3,12.9,22.6,0,166380
2021-05-06,1.8,13.1,23.4,0.001,162050
2021-05-07,3.5,14.4,26.6,0.001,167766
2021-05-08,2.9,12.7,25.3,0.001,172774
2021-05-09,2.2,14.9,23.9,0.001,168196
2021-05-10,1.8,17.3,23.4,0.001,160122
2021-05-11,4.1,17.4,20.6,0.4,154242
2021-05-12,4.2,16.1,21,0.6,155978
2021-05-13,3.5,17.7,22.2,0.001,164980
2021-05-14,2.8,17.9,26.5,0,170076
2021-05-15,3,19.6,30.9,6.1,177562
2021-05-16,4.3,17.4,28.5,22.5,173834
2021-05-17,4.2,15.7,18.8,2.4,166394
2021-05-18,2.8,15.3,22.9,0.001,169690
2021-05-19,2,17.2,21.8,0,178560
2021-05-20,4,15.9,23.4,24.4,174142
2021-05-21,3.8,16.1,21.9,0.001,182833
2021-05-22,2.7,17.2,22,0.001,193781
2021-05-23,1.7,17.3,23.3,0,187698
2021-05-24,2.9,16.1,23.2,3,176522
2021-05-25,3.8,16.1,25,0.001,170128
2021-05-26,1.5,15.3,25.4,15.6,169032
2021-05-27,2.7,15.5,24,2.8,177030
2021-05-28,3.8,16.4,29.2,0.001,185514
2021-05-29,2.4,16.5,23.8,0.001,192594
2021-05-30,1.7,16.6,27.7,0.001,190141
2021-05-31,1.5,19.2,27.5,0.001,174982
