date,totalVisitor
2021-01-01,161504
2021-01-02,164619
2021-01-03,160088
2021-01-04,153657
2021-01-05,150107
2021-01-06,153514
2021-01-07,156318
2021-01-08,162526
2021-01-09,165644
2021-01-10,161116
2021-01-11,154687
2021-01-12,151140
2021-01-13,154550
2021-01-14,157354
2021-01-15,163562
2021-01-16,166680
2021-01-17,162151
2021-01-18,155722
2021-01-19,152176
2021-01-20,155585
2021-01-21,158389
2021-01-22,164597
2021-01-23,167715
2021-01-24,163187
2021-01-25,156758
2021-01-26,153211
2021-01-27,156620
2021-01-28,159424
2021-01-29,165633
2021-01-30,168750
2021-01-31,164222
2021-02-01,157793
2021-02-02,154246
2021-02-03,157656
2021-02-04,160460
2021-02-05,166668
2021-02-06,169786
2021-02-07,165258
2021-02-08,158829
2021-02-09,155282
2021-02-10,158691
2021-02-11,161495
2021-02-12,167703
2021-02-13,170821
2021-02-14,166293
2021-02-15,159864
2021-02-16,156317
2021-02-17,159727
2021-02-18,162531
2021-02-19,168739
2021-02-20,171857
2021-02-21,167329
2021-02-22,160899
2021-02-23,157353
2021-02-24,160762
2021-02-25,163566
2021-02-26,169774
2021-02-27,172892
2021-02-28,168364
2021-03-01,161935
2021-03-02,158388
2021-03-03,161797
2021-03-04,164601
2021-03-05,170810
2021-03-06,173928
2021-03-07,169399
2021-03-08,162970
2021-03-09,159423
2021-03-10,162833
2021-03-11,165637
2021-03-12,171845
2021-03-13,174963
2021-03-14,170435
2021-03-15,164006
2021-03-16,160459
2021-03-17,163868
2021-03-18,166672
2021-03-19,172880
2021-03-20,175998
2021-03-21,171470
2021-03-22,165041
2021-03-23,161494
2021-03-24,164904
2021-03-25,167708
2021-03-26,173916
2021-03-27,177034
2021-03-28,172506
2021-03-29,166076
2021-03-30,162530
2021-03-31,165939
2021-04-01,168743
2021-04-02,174951
2021-04-03,178069
2021-04-04,173541
2021-04-05,167112
2021-04-06,163565
2021-04-07,166974
2021-04-08,169778
2021-04-09,175987
2021-04-10,179105
2021-04-11,174576
2021-04-12,168147
2021-04-13,164601
2021-04-14,168010
2021-04-15,170814
2021-04-16,177022
2021-04-17,180140
2021-04-18,175612
2021-04-19,169183
2021-04-20,165636
2021-04-21,169045
2021-04-22,171849
2021-04-23,178057
2021-04-24,181175
2021-04-25,176647
2021-04-26,170218
2021-04-27,166671
2021-04-28,170081
2021-04-29,172885
2021-04-30,179093
2021-05-01,182211
2021-05-02,177683
2021-05-03,171253
2021-05-04,167707
2021-05-05,171116
2021-05-06,173920
2021-05-07,180128
2021-05-08,183246
2021-05-09,178718
2021-05-10,172289
2021-05-11,168742
2021-05-12,172151
2021-05-13,174955
2021-05-14,181164
2021-05-15,184282
2021-05-16,179753
2021-05-17,173324
2021-05-18,169778
2021-05-19,173187
2021-05-20,175991
2021-05-21,182199
2021-05-22,185317
2021-05-23,180789
2021-05-24,174360
2021-05-25,170813
2021-05-26,174222
2021-05-27,177026
2021-05-28,183234
2021-05-29,186352
2021-05-30,181824
2021-05-31,175395
2021-06-01,171848
2021-06-02,175258
2021-06-03,178062
2021-06-04,184270
2021-06-05,187388
2021-06-06,182860
2021-06-07,176431
2021-06-08,172884
2021-06-09,176293
2021-06-10,179097
2021-06-11,185305
2021-06-12,188423
2021-06-13,183895
2021-06-14,177466
2021-06-15,173919
2021-06-16,177328
2021-06-17,180132
2021-06-18,186341
2021-06-19,189459
2021-06-20,184930
2021-06-21,178501
2021-06-22,174955
2021-06-23,178364
2021-06-24,181168
2021-06-25,187376
2021-06-26,190494
2021-06-27,185966
2021-06-28,179537
2021-06-29,175990
2021-06-30,179399
2021-07-01,182203
2021-07-02,188411
2021-07-03,191529
2021-07-04,187001
2021-07-05,180572
2021-07-06,177025
2021-07-07,180435
2021-07-08,183239
2021-07-09,189447
2021-07-10,192565
2021-07-11,188037
2021-07-12,181608
2021-07-13,178061
2021-07-14,181470
2021-07-15,184274
2021-07-16,190482
2021-07-17,193600
2021-07-18,189072
2021-07-19,182643
2021-07-20,179096
2021-07-21,182505
2021-07-22,185310
2021-07-23,191518
2021-07-24,194636
2021-07-25,190107
2021-07-26,183678
2021-07-27,180132
2021-07-28,183541
2021-07-29,186345
2021-07-30,192553
2021-07-31,195671
2021-08-01,191143
2021-08-02,184714
2021-08-03,181167
2021-08-04,184576
2021-08-05,187380
2021-08-06,193588
2021-08-07,196706
2021-08-08,192178
2021-08-09,185749
2021-08-10,182202
2021-08-11,185612
2021-08-12,188416
2021-08-13,194624
2021-08-14,197742
2021-08-15,193214
2021-08-16,186785
2021-08-17,183238
2021-08-18,186647
2021-08-19,189451
2021-08-20,195659
2021-08-21,198777
2021-08-22,194249
2021-08-23,187820
2021-08-24,184273
2021-08-25,187683
2021-08-26,190487
2021-08-27,196695
2021-08-28,199813
2021-08-29,195284
