year,avgTemp,minTemp,maxTemp,rainFall,avgVisitor,ID,10000Visitor
2018-01-01,6.4,4,8.8,0,135138,20180101,13.5138
2018-01-02,7,3,10.1,0,125122,20180102,12.5122
2018-01-03,5,3.5,8.4,0,122070,20180103,12.207
2018-01-04,3.9,2.4,4.6,0.6,123266,20180104,12.3266
2018-01-05,5.1,1.9,6.5,4.2,126084,20180105,12.6084
2018-01-06,6.2,4.8,8.7,0,129745,20180106,12.9745
2018-01-07,8.5,4.4,11.5,3.6,124834,20180107,12.4834
2018-01-08,8.7,6.1,11.3,4.1,124999,20180108,12.4999
2018-01-09,4.9,2.8,7,0.4,125870,20180109,12.587
2018-01-10,2.4,-0.5,5.9,3.4,125548,20180110,12.5548
2018-01-11,0,-2.2,1.7,8.3,111730,20180111,11.173
2018-01-12,0.7,-2.3,2.3,1.8,127449,20180112,12.7449
2018-01-13,4.5,1.4,6.9,0,133861,20180113,13.3861
2018-01-14,7.8,3.1,12.9,0,137372,20180114,13.7372
2018-01-15,10.8,7.8,14.4,0,138201,20180115,13.8201
2018-01-16,12.1,8.7,14.4,16.5,137172,20180116,13.7172
2018-01-17,9.5,8.5,11.5,3.8,140035,20180117,14.0035
2018-01-18,8.9,6.3,10.8,0,143686,20180118,14.3686
2018-01-19,6.8,4.3,9.4,0,146783,20180119,14.6783
2018-01-20,6.1,2.8,9.9,0,154256,20180120,15.4256
2018-01-21,8.5,3.9,11.4,0,151148,20180121,15.1148
2018-01-22,9,7.1,10.9,0.7,147374,20180122,14.7374
2018-01-23,2.1,0,7.6,0.3,146104,20180123,14.6104
2018-01-24,-1.2,-2.4,1.2,4.5,148060,20180124,14.806
2018-01-25,-1.9,-2.6,-1.2,0,151470,20180125,15.147
2018-01-26,-1.3,-2.1,-0.4,0.1,152887,20180126,15.2887
2018-01-27,0.9,-1.6,3.6,0,157920,20180127,15.792
2018-01-28,2.6,0.5,4.6,2,154836,20180128,15.4836
2018-01-29,1.8,-0.1,4,1.7,149205,20180129,14.9205
2018-01-30,2.2,-0.2,4.1,1.5,142912,20180130,14.2912
2018-01-31,3.8,2.1,5,0.5,140402,20180131,14.0402
2018-02-01,4.5,3.2,6.8,0,109630,20180201,10.963
2018-02-02,3.8,1.6,6.1,0,113365,20180202,11.3365
2018-02-03,1.4,-0.7,4.9,1.1,114303,20180203,11.4303
2018-02-04,-0.4,-2.3,0.8,5.9,104002,20180204,10.4002
2018-02-05,0.2,-1.7,2.6,3.5,100712,20180205,10.0712
2018-02-06,-0.6,-2.5,0.8,5.7,92046,20180206,9.2046
2018-02-07,0.6,-1.3,1.9,1.7,101804,20180207,10.1804
2018-02-08,2.5,-0.7,6.8,3.1,98654,20180208,9.8654
2018-02-09,6,1.4,11.2,0,105654,20180209,10.5654
2018-02-10,5.8,2.7,7.9,2.2,108955,20180210,10.8955
2018-02-11,2.5,1,5.4,0.8,106606,20180211,10.6606
2018-02-12,2.7,-0.1,4.1,0,103954,20180212,10.3954
2018-02-13,4.9,2.7,8.3,0,109116,20180213,10.9116
2018-02-14,9.8,2.5,15.4,0,123652,20180214,12.3652
2018-02-15,7.1,4.6,10.5,0,149870,20180215,14.987
2018-02-16,6.1,3.9,9.7,0,168721,20180216,16.8721
2018-02-17,4.4,2.8,7.5,0,162284,20180217,16.2284
2018-02-18,6.7,1.7,10.2,0.9,139426,20180218,13.9426
2018-02-19,8.3,5.5,10.5,2.1,120446,20180219,12.0446
2018-02-20,8.4,4.6,11.9,0,120113,20180220,12.0113
2018-02-21,5.5,4.2,7.5,0,126574,20180221,12.6574
2018-02-22,5,3.2,7.6,0,134869,20180222,13.4869
2018-02-23,8.7,3.3,13.1,0,141894,20180223,14.1894
2018-02-24,9.4,5.3,13.3,0,146430,20180224,14.643
2018-02-25,9.8,6.7,13.2,0,144714,20180225,14.4714
2018-02-26,8.1,4.2,11.9,0,139433,20180226,13.9433
2018-02-27,10.6,5.8,15,0,135408,20180227,13.5408
2018-02-28,11,6.9,17.5,59.6,135772,20180228,13.5772
2018-03-01,6.8,3.3,10.5,0,127659,20180301,12.7659
2018-03-02,5.7,2.8,9.1,0,135454,20180302,13.5454
2018-03-03,12,6,19.2,0,137330,20180303,13.733
2018-03-04,17.2,10.9,23.2,0.8,122364,20180304,12.2364
2018-03-05,10.4,8.2,21.7,3.9,108398,20180305,10.8398
2018-03-06,9.6,8.2,11.3,0,105525,20180306,10.5525
2018-03-07,10,8.4,11.6,30.1,104965,20180307,10.4965
2018-03-08,6.8,5.1,8.6,18.2,107090,20180308,10.709
2018-03-09,5.6,4.2,7.8,0,117915,20180309,11.7915
2018-03-10,8.1,4.3,11.5,0,129756,20180310,12.9756
2018-03-11,8.7,5.1,12.1,0,128090,20180311,12.809
2018-03-12,11.2,7,15.3,0,120292,20180312,12.0292
2018-03-13,14.7,9.6,19.2,0,118352,20180313,11.8352
2018-03-14,16.9,12.5,20.3,0,121380,20180314,12.138
2018-03-15,17.1,12,21.7,16,129706,20180315,12.9706
2018-03-16,9.5,8.8,12.1,1.9,137312,20180316,13.7312
2018-03-17,10,7.3,13.8,0,148092,20180317,14.8092
2018-03-18,15.2,7.8,22.3,3.1,144942,20180318,14.4942
2018-03-19,12.6,10.1,16.2,8.7,137375,20180319,13.7375
2018-03-20,8.3,6.5,10.2,14.1,130914,20180320,13.0914
2018-03-21,5.4,4.2,6.6,21.2,134866,20180321,13.4866
2018-03-22,7.3,5.3,10.4,0,145498,20180322,14.5498
2018-03-23,8.6,4.6,11.9,0,153615,20180323,15.3615
2018-03-24,12.2,7.7,16.5,0,159324,20180324,15.9324
2018-03-25,13.2,9.6,16.9,0,154480,20180325,15.448
2018-03-26,13.7,9.7,17,0,147707,20180326,14.7707
2018-03-27,14.8,10.3,19.1,0,145198,20180327,14.5198
2018-03-28,15.1,9.5,19.1,0,148736,20180328,14.8736
2018-03-29,15.6,12,19.3,0,154574,20180329,15.4574
2018-03-30,15.5,13.5,18.9,0,160800,20180330,16.08
2018-03-31,17,13.3,21,0,164826,20180331,16.4826
2018-04-01,18,15.2,21.3,0,123154,20180401,12.3154
2018-04-02,18,15.3,21.3,0,117229,20180402,11.7229
2018-04-03,17.7,15.3,21.5,0,119014,20180403,11.9014
2018-04-04,17.6,15.8,20.6,0.2,125909,20180404,12.5909
2018-04-05,17.9,14.4,21.3,0,134344,20180405,13.4344
2018-04-06,11,8.1,18.2,20,143654,20180406,14.3654
2018-04-07,7.8,5.3,9.8,0,148351,20180407,14.8351
2018-04-08,12.5,7,16.4,0,142684,20180408,14.2684
2018-04-09,14.3,12.6,16.3,0,135384,20180409,13.5384
2018-04-10,18.8,12.5,22.3,0,133886,20180410,13.3886
2018-04-11,17.2,13.6,21.2,0,139870,20180411,13.987
2018-04-12,17,13.1,23.5,0,145820,20180412,14.582
2018-04-13,16.4,14.3,19.5,0,154060,20180413,15.406
2018-04-14,15.2,10.2,22.9,3.7,156852,20180414,15.6852
2018-04-15,11.9,9.6,15.7,0,150636,20180415,15.0636
2018-04-16,12.2,8.5,14.6,0,141362,20180416,14.1362
2018-04-17,14.5,12.3,16.6,0,137823,20180417,13.7823
2018-04-18,13.6,10.7,17.3,0,141365,20180418,14.1365
2018-04-19,15.2,9.2,20.3,0,148092,20180419,14.8092
2018-04-20,16.6,12.1,20.3,0,156688,20180420,15.6688
2018-04-21,17.4,13.2,19.5,0,162158,20180421,16.2158
2018-04-22,20.4,17.3,25.2,5.2,152736,20180422,15.2736
2018-04-23,18.5,16.1,21.8,41.8,141480,20180423,14.148
2018-04-24,14.7,13.6,16.4,38.7,141078,20180424,14.1078
2018-04-25,14.6,12.6,17.8,1.7,148376,20180425,14.8376
2018-04-26,15.5,12.1,19.4,0,157892,20180426,15.7892
2018-04-27,16.6,13.5,21.2,0,167618,20180427,16.7618
2018-04-28,16.4,13.1,19.3,0,170492,20180428,17.0492
2018-04-29,17.3,14.4,19.3,0,166796,20180429,16.6796
2018-04-30,20.7,17.4,26.1,1.2,156457,20180430,15.6457
2018-05-01,20.7,16.5,26,0,128594,20180501,12.8594
2018-05-02,17.6,13.4,24.5,0.3,123560,20180502,12.356
2018-05-03,15.2,12.7,19,0,126024,20180503,12.6024
2018-05-04,16.2,12.3,20.3,0,139538,20180504,13.9538
2018-05-05,19.6,13.7,22.7,0,153584,20180505,15.3584
2018-05-06,20.3,17.2,23.6,21.4,154287,20180506,15.4287
2018-05-07,16.8,15.5,18.1,17.2,137851,20180507,13.7851
2018-05-08,16,14.2,18.3,0,124758,20180508,12.4758
2018-05-09,15.7,13.8,18.1,0,121992,20180509,12.1992
2018-05-10,15.9,13.9,18.3,0,131184,20180510,13.1184
2018-05-11,17.9,12,22.8,0,140396,20180511,14.0396
2018-05-12,22.2,18.4,24.4,1.3,141484,20180512,14.1484
2018-05-13,17.1,14.9,21.7,41.8,136829,20180513,13.6829
2018-05-14,19,14.9,23.2,0,134768,20180514,13.4768
2018-05-15,21.8,17.9,26.3,0,138016,20180515,13.8016
2018-05-16,24.8,21.3,31.1,0,143524,20180516,14.3524
2018-05-17,25.7,22.1,30.1,0,147116,20180517,14.7116
2018-05-18,21.8,16.3,27.8,2.4,151210,20180518,15.121
2018-05-19,16.6,15.5,17.9,0,157052,20180519,15.7052
2018-05-20,16.5,15.1,18.6,0.7,160800,20180520,16.08
2018-05-21,17.7,15.7,20.3,0,155491,20180521,15.5491
2018-05-22,20.7,16.8,26.4,2.7,144266,20180522,14.4266
2018-05-23,17.8,16.1,22.7,4.1,132562,20180523,13.2562
2018-05-24,19.2,14.1,24.4,0,134036,20180524,13.4036
2018-05-25,19.9,18,24,0,143196,20180525,14.3196
2018-05-26,18.4,14.8,23.9,2.9,150944,20180526,15.0944
2018-05-27,19.3,16.7,23,0.1,148190,20180527,14.819
2018-05-28,20.1,17.7,24,3.9,142674,20180528,14.2674
2018-05-29,21,19.1,26.8,0,143700,20180529,14.37
2018-05-30,21.1,18.6,24.6,0,148344,20180530,14.8344
2018-05-31,18.8,16.8,21.8,0,149530,20180531,14.953
2018-06-01,20.1,16.2,23.2,0,131852,20180601,13.1852
2018-06-02,22.1,19.2,25.5,0,136892,20180602,13.6892
2018-06-03,21.6,20.3,24.1,0,136154,20180603,13.6154
2018-06-04,22.8,19.5,26.7,0,129206,20180604,12.9206
2018-06-05,19.8,19.1,22.9,28.5,131912,20180605,13.1912
2018-06-06,20.7,18.8,23.8,0,137165,20180606,13.7165
2018-06-07,21.3,18.9,24.4,0,134578,20180607,13.4578
2018-06-08,20.9,18.9,24.6,0,136101,20180608,13.6101
2018-06-09,22.2,18.9,26.9,0,146590,20180609,14.659
2018-06-10,19.9,18.4,21.1,2.1,140486,20180610,14.0486
2018-06-11,19.4,18,22.4,23.9,133136,20180611,13.3136
2018-06-12,21.1,18.7,24.5,3.1,131828,20180612,13.1828
2018-06-13,21.9,17.7,28.8,0,135734,20180613,13.5734
2018-06-14,22.1,19.5,25.6,0,134456,20180614,13.4456
2018-06-15,21.1,19,23.8,0,139650,20180615,13.965
2018-06-16,20.3,18.3,23,0,149482,20180616,14.9482
2018-06-17,20.8,18.9,24.5,0,144000,20180617,14.4
2018-06-18,22,19.5,24.1,0,138068,20180618,13.8068
2018-06-19,22,19.7,24.3,31.3,136752,20180619,13.6752
2018-06-20,21.9,19.7,25.3,1,142457,20180620,14.2457
2018-06-21,22.7,20.2,26.8,0,147836,20180621,14.7836
2018-06-22,22.8,20.1,25.6,0.3,153930,20180622,15.393
2018-06-23,22.7,19.8,25.1,1.4,158095,20180623,15.8095
2018-06-24,23.9,20.6,27,0,155456,20180624,15.5456
2018-06-25,24,20.6,27.5,0,154007,20180625,15.4007
2018-06-26,28.2,23.6,32.3,0,154231,20180626,15.4231
2018-06-27,26.3,24.3,29,17.3,156786,20180627,15.6786
2018-06-28,25.7,23.4,28.5,44,156107,20180628,15.6107
2018-06-29,25.2,23.2,28.9,10.4,154242,20180629,15.4242
2018-06-30,24,22,26.8,47.8,148603,20180630,14.8603
2018-07-01,27.3,22.7,30.4,7.5,113981,20180701,11.3981
2018-07-02,27.3,24.1,31.4,0,103674,20180702,10.3674
2018-07-03,24.1,22.8,25.5,1.6,105217,20180703,10.5217
2018-07-04,26,24.2,29.8,0,119220,20180704,11.922
2018-07-05,24.8,23.6,26.5,0,128702,20180705,12.8702
2018-07-06,22.7,21.7,24,38.1,134712,20180706,13.4712
2018-07-07,21.3,19.9,22.3,0,141530,20180707,14.153
2018-07-08,20.9,19.6,22.5,1.3,142219,20180708,14.2219
2018-07-09,24.6,21.1,28.5,0.1,140556,20180709,14.0556
2018-07-10,28.3,24.7,33.1,0,141295,20180710,14.1295
2018-07-11,30,27.4,35,0,147133,20180711,14.7133
2018-07-12,28,26,30.4,0,153566,20180712,15.3566
2018-07-13,26.7,25.2,29.2,0,156930,20180713,15.693
2018-07-14,26.9,24.8,29.5,0,160548,20180714,16.0548
2018-07-15,27,24.4,29.8,0,156814,20180715,15.6814
2018-07-16,27,24.5,29.5,0,152509,20180716,15.2509
2018-07-17,27.3,24.8,30.1,0,151980,20180717,15.198
2018-07-18,27.7,24.6,30.6,0,152310,20180718,15.231
2018-07-19,27.8,24.7,31,0,153468,20180719,15.3468
2018-07-20,28.8,25.8,31.6,0,153696,20180720,15.3696
2018-07-21,28.9,25,33.9,0,159030,20180721,15.903
2018-07-22,29.2,28.2,30.8,0.1,156356,20180722,15.6356
2018-07-23,29.9,27,34.1,0,151372,20180723,15.1372
2018-07-24,29.2,27.5,31.7,0,151952,20180724,15.1952
2018-07-25,29.1,27.5,31.9,0,156446,20180725,15.6446
2018-07-26,29.1,27.5,31.8,0,160436,20180726,16.0436
2018-07-27,29.3,27.1,32.5,0,169214,20180727,16.9214
2018-07-28,29.1,27.4,31.1,0,180918,20180728,18.0918
2018-07-29,29.4,27.2,32.5,0,188318,20180729,18.8318
2018-07-30,28.9,27.6,31.1,0,193074,20180730,19.3074
2018-07-31,28.7,25.8,31.6,0,199472,20180731,19.9472
2018-08-01,29.2,26.3,32.3,0,173338,20180801,17.3338
2018-08-02,29,26.7,32.1,0,177849,20180802,17.7849
2018-08-03,30,28.1,34.1,0.9,179602,20180803,17.9602
2018-08-04,29.5,27.8,32,0,181072,20180804,18.1072
2018-08-05,29.9,27.4,33.3,0,174552,20180805,17.4552
2018-08-06,30.1,28.1,32.8,0,170296,20180806,17.0296
2018-08-07,29.7,27.9,31.9,0,166918,20180807,16.6918
2018-08-08,29.3,26.9,31.8,0,165806,20180808,16.5806
2018-08-09,29.6,27.5,32.6,0,164566,20180809,16.4566
2018-08-10,29.9,27.5,33.2,0,168378,20180810,16.8378
2018-08-11,28.8,27.8,32.4,0,173173,20180811,17.3173
2018-08-12,29.8,26.1,33.3,41.1,170506,20180812,17.0506
2018-08-13,31.1,28.7,34.4,0.2,168658,20180813,16.8658
2018-08-14,31.2,28.6,35.3,0,173302,20180814,17.3302
2018-08-15,29.7,27.8,33.5,1.4,172991,20180815,17.2991
2018-08-16,27.5,25.2,28.8,12.7,169785,20180816,16.9785
2018-08-17,26.2,24.4,28.4,8,170527,20180817,17.0527
2018-08-18,26.7,24.4,30.7,0,174948,20180818,17.4948
2018-08-19,28.3,24.8,33.2,0,166201,20180819,16.6201
2018-08-20,29.2,27,32.8,0,162855,20180820,16.2855
2018-08-21,28.1,24.8,30.6,0,160244,20180821,16.0244
2018-08-22,27.8,25.9,30.5,36.9,142020,20180822,14.202
2018-08-23,26.5,25.6,29.2,265.4,115440,20180823,11.544
2018-08-24,27.2,24.9,30,0,153601,20180824,15.3601
2018-08-25,26.4,24.7,31.2,1.4,153072,20180825,15.3072
2018-08-26,28.3,26,31.8,8.5,154900,20180826,15.49
2018-08-27,28.4,26.1,32,0,162172,20180827,16.2172
2018-08-28,27.8,25.9,30.4,0,168476,20180828,16.8476
2018-08-29,28.5,25.1,33.9,0,171675,20180829,17.1675
2018-08-30,28.9,25.8,34.5,0,171594,20180830,17.1594
2018-08-31,30,25.6,33.3,0,167058,20180831,16.7058
2018-09-01,25.8,23.3,28.9,9.5,136829,20180901,13.6829
2018-09-02,24.9,22.7,29.2,1.1,133872,20180902,13.3872
2018-09-03,27,24.1,31.2,0.5,129066,20180903,12.9066
2018-09-04,26.2,23.5,29.1,7.1,128282,20180904,12.8282
2018-09-05,26.6,23.2,30.8,0,131120,20180905,13.112
2018-09-06,26.2,24.5,29.2,0,137092,20180906,13.7092
2018-09-07,24.3,21,27.4,11.8,143154,20180907,14.3154
2018-09-08,22.3,19.4,24.9,0,149482,20180908,14.9482
2018-09-09,23,19.1,26.3,0,143756,20180909,14.3756
2018-09-10,23,20.2,26.2,0,136490,20180910,13.649
2018-09-11,22.3,21.4,23.8,0.2,134729,20180911,13.4729
2018-09-12,23,21.4,24.8,0.2,139520,20180912,13.952
2018-09-13,23.5,21.6,24.3,139.3,139853,20180913,13.9853
2018-09-14,25.3,23,27.8,0,144389,20180914,14.4389
2018-09-15,25.2,23.5,28,0.4,143171,20180915,14.3171
2018-09-16,25.5,23,28.5,0,134267,20180916,13.4267
2018-09-17,24.6,23.4,28.3,0.1,126140,20180917,12.614
2018-09-18,25,23.4,28.1,0,120085,20180918,12.0085
2018-09-19,23.3,21.3,25.4,0,117082,20180919,11.7082
2018-09-20,25.2,22.3,27.7,11.6,114762,20180920,11.4762
2018-09-21,24.5,23.4,28.2,2.9,125198,20180921,12.5198
2018-09-22,24.2,22.3,27.6,0,151879,20180922,15.1879
2018-09-23,24.4,21.2,29.6,0,180904,20180923,18.0904
2018-09-24,21.9,19.2,23.7,0,199556,20180924,19.9556
2018-09-25,21.5,19.3,24.1,0,188416,20180925,18.8416
2018-09-26,22.2,20.8,24.9,0,162603,20180926,16.2603
2018-09-27,21.2,18.5,23.6,0,143689,20180927,14.3689
2018-09-28,21.7,19.4,24.3,0,137504,20180928,13.7504
2018-09-29,20.7,18.5,22.3,3,139524,20180929,13.9524
2018-09-30,21.9,20.2,25.2,0,137025,20180930,13.7025
2018-10-01,21.3,19.7,23.5,0,106914,20181001,10.6914
2018-10-02,20.7,17.6,23.6,0,109812,20181002,10.9812
2018-10-03,19.2,16.5,22.3,0,111062,20181003,11.1062
2018-10-04,20.4,17.8,21.9,3.4,105536,20181004,10.5536
2018-10-05,21.6,20.6,24.5,310,88778,20181005,8.8778
2018-10-06,21.1,19.6,24.7,27.4,92750,20181006,9.275
2018-10-07,20.6,17.9,23.9,0,115398,20181007,11.5398
2018-10-08,19.2,16.6,22.3,0,125720,20181008,12.572
2018-10-09,20.3,17.5,22.3,0,134796,20181009,13.4796
2018-10-10,18.3,16.3,20.5,0,135034,20181010,13.5034
2018-10-11,16.3,15.1,18.5,0,139450,20181011,13.945
2018-10-12,15.6,13.2,18,0,148452,20181012,14.8452
2018-10-13,15.4,11.8,19,0,151711,20181013,15.1711
2018-10-14,17.6,13.2,20.4,0,147494,20181014,14.7494
2018-10-15,18.7,16.2,20.6,0,141134,20181015,14.1134
2018-10-16,16.1,14,19.3,3.2,142734,20181016,14.2734
2018-10-17,16.8,13.1,20.6,0,150370,20181017,15.037
2018-10-18,16.6,15.2,19.3,0,154612,20181018,15.4612
2018-10-19,16.1,12.9,19.5,0,158946,20181019,15.8946
2018-10-20,16.3,12.5,20.5,0,159033,20181020,15.9033
2018-10-21,17.1,13.7,20.7,0,152201,20181021,15.2201
2018-10-22,17.4,14.5,20.6,0.3,143112,20181022,14.3112
2018-10-23,18.5,16.4,21.9,0,143042,20181023,14.3042
2018-10-24,16.8,13.8,19.7,0,147710,20181024,14.771
2018-10-25,17.4,11.6,22.8,0,151868,20181025,15.1868
2018-10-26,18.5,16.3,21.8,2.7,155166,20181026,15.5166
2018-10-27,15.6,14.5,17.9,0,157815,20181027,15.7815
2018-10-28,17.5,13.1,21.1,0,152044,20181028,15.2044
2018-10-29,18,15.2,22,0,143126,20181029,14.3126
2018-10-30,14.8,13.2,17.4,0,138946,20181030,13.8946
2018-10-31,14.1,11.6,18,0,141494,20181031,14.1494
2018-11-01,13.4,11.2,16.3,0,121544,20181101,12.1544
2018-11-02,14.4,9.6,18.5,0,133206,20181102,13.3206
2018-11-03,15.2,11.4,18.5,0,138254,20181103,13.8254
2018-11-04,15.2,12.3,19.6,0,132150,20181104,13.215
2018-11-05,15,10.5,18.8,0,122451,20181105,12.2451
2018-11-06,16.5,12.9,19.9,0,120050,20181106,12.005
2018-11-07,17.4,16.1,18.8,1.5,122602,20181107,12.2602
2018-11-08,17.7,15.1,20.5,18.5,126574,20181108,12.6574
2018-11-09,14.6,11.3,17.2,0,134970,20181109,13.497
2018-11-10,13.6,9.7,17.8,0,139016,20181110,13.9016
2018-11-11,14.6,10.5,18.3,2.4,132674,20181111,13.2674
2018-11-12,13.8,13,15.5,2.2,122276,20181112,12.2276
2018-11-13,13.8,12.5,16.3,0,117523,20181113,11.7523
2018-11-14,13.3,10.2,16.3,0,120449,20181114,12.0449
2018-11-15,16,11.2,20.1,0,124362,20181115,12.4362
2018-11-16,14.9,13.5,17.4,3.6,133994,20181116,13.3994
2018-11-17,12.6,9.7,15.4,0,142688,20181117,14.2688
2018-11-18,12.3,9.6,15.1,0,135618,20181118,13.5618
2018-11-19,13.2,11.8,15.7,0,122626,20181119,12.2626
2018-11-20,12.6,10.1,15.6,0,114310,20181120,11.431
2018-11-21,13.3,9.9,16.7,0.4,113572,20181121,11.3572
2018-11-22,10.2,8.4,13.5,0,121800,20181122,12.18
2018-11-23,10,7.3,12.3,0,134141,20181123,13.4141
2018-11-24,14,8.8,19.2,0,139996,20181124,13.9996
2018-11-25,13,10.6,16,0,134596,20181125,13.4596
2018-11-26,14.5,10.4,18.2,0,123456,20181126,12.3456
2018-11-27,13.8,11.5,17,0,117719,20181127,11.7719
2018-11-28,13,10,16.3,0,118584,20181128,11.8584
2018-11-29,12.8,8.5,17.8,0,125097,20181129,12.5097
2018-11-30,13.1,10,16.9,0,129924,20181130,12.9924
2018-12-01,13.7,11.3,16.3,0,113012,20181201,11.3012
2018-12-02,17.6,13.6,20.5,1.6,106194,20181202,10.6194
2018-12-03,18.9,17.1,22.9,2.9,95277,20181203,9.5277
2018-12-04,13.8,10.8,17.6,17.5,91959,20181204,9.1959
2018-12-05,9.9,8,11.7,0,95288,20181205,9.5288
2018-12-06,9.5,8.1,12.6,11.6,104111,20181206,10.4111
2018-12-07,4.8,2.7,10.3,0,109221,20181207,10.9221
2018-12-08,4.2,2.6,6.6,0,116854,20181208,11.6854
2018-12-09,3.9,2.8,4.8,0,114226,20181209,11.4226
2018-12-10,7.6,4.7,10.2,0,104272,20181210,10.4272
2018-12-11,9,7.2,10.1,20,100230,20181211,10.023
2018-12-12,6.5,5.8,9.1,0.2,100670,20181212,10.067
2018-12-13,8,6,9.7,0,107023,20181213,10.7023
2018-12-14,5.6,4.4,7,0,114408,20181214,11.4408
2018-12-15,6,2,9.6,0,122157,20181215,12.2157
2018-12-16,9.1,6.5,10.8,7.1,119924,20181216,11.9924
2018-12-17,10.3,9.7,11.8,0,115630,20181217,11.563
2018-12-18,9.7,8,12,0,116456,20181218,11.6456
2018-12-19,13.9,8.5,18,0,113281,20181219,11.3281
2018-12-20,12.5,11.7,16.1,21.8,111268,20181220,11.1268
2018-12-21,14.6,12.7,16.8,0,117778,20181221,11.7778
2018-12-22,13,11.5,16.2,3,132738,20181222,13.2738
2018-12-23,9.6,7.4,12.2,8,137480,20181223,13.748
2018-12-24,6.4,4.6,9,0,137389,20181224,13.7389
2018-12-25,7.8,3.8,10.8,0,136052,20181225,13.6052
2018-12-26,8.5,6.8,9.7,0.4,134736,20181226,13.4736
2018-12-27,2.5,1.4,6.8,0,136878,20181227,13.6878
2018-12-28,1.9,0.2,3.2,1.8,142664,20181228,14.2664
2018-12-29,3.1,1.7,4.1,0.1,156198,20181229,15.6198
2018-12-30,3.1,1.9,4.1,0,164535,20181230,16.4535
2018-12-31,4.6,3.5,5.8,0,167150,20181231,16.715
2019-01-01,5.6,4.8,7,0,132360,20190101,13.236
2019-01-02,5.1,4.5,6.1,0,123428,20190102,12.3428
2019-01-03,5.1,3.5,8,0,120036,20190103,12.0036
2019-01-04,5.8,2.6,10,1.6,122280,20190104,12.228
2019-01-05,7,5.2,9,0,127988,20190105,12.7988
2019-01-06,5.7,4.5,7.7,0,123669,20190106,12.3669
2019-01-07,5.9,3.1,8.8,0,120620,20190107,12.062
2019-01-08,6.6,4.5,8.8,0,123372,20190108,12.3372
2019-01-09,4.5,2.2,5.8,0,126620,20190109,12.662
2019-01-10,6.9,5.6,7.8,0,130536,20190110,13.0536
2019-01-11,7.9,5.9,9.4,1.7,134575,20190111,13.4575
2019-01-12,8.9,8.1,10.9,2,141810,20190112,14.181
2019-01-13,7.9,6.6,10,0,140648,20190113,14.0648
2019-01-14,7.3,5.5,9.7,0,138257,20190114,13.8257
2019-01-15,7,3.6,9.9,0,140364,20190115,14.0364
2019-01-16,3.1,2,4,0,141673,20190116,14.1673
2019-01-17,5.6,3.9,6.5,0,143787,20190117,14.3787
2019-01-18,6.4,3.9,9.8,0,147284,20190118,14.7284
2019-01-19,8.9,3.6,12.6,1,158554,20190119,15.8554
2019-01-20,6.7,3.9,11.6,0,147546,20190120,14.7546
2019-01-21,6.2,3.9,8.1,0,144274,20190121,14.4274
2019-01-22,8.3,5.8,10.9,0,140896,20190122,14.0896
2019-01-23,8.6,6.7,11.9,0,144095,20190123,14.4095
2019-01-24,6.2,3.4,9.6,0,150311,20190124,15.0311
2019-01-25,5.7,3.6,10.1,0,148564,20190125,14.8564
2019-01-26,4.3,2.9,5.8,0,152117,20190126,15.2117
2019-01-27,5.6,2.4,8.5,0,149062,20190127,14.9062
2019-01-28,7.7,4.8,10.8,0,143398,20190128,14.3398
2019-01-29,6.3,2.8,9.2,0,139363,20190129,13.9363
2019-01-30,8.2,6.8,10.1,0,134858,20190130,13.4858
2019-01-31,4.9,3.3,8.2,17.9,133889,20190131,13.3889
2019-02-01,5,3.4,6.8,0,110862,20190201,11.0862
2019-02-02,9.3,5,12,0,134684,20190202,13.4684
2019-02-03,13.3,8.6,18.4,9.8,157804,20190203,15.7804
2019-02-04,6.9,4.9,9.5,0,170132,20190204,17.0132
2019-02-05,9.3,4,13.6,0,170065,20190205,17.0065
2019-02-06,11.8,9.1,15.5,0,147178,20190206,14.7178
2019-02-07,6.5,1.9,12.1,3.8,129392,20190207,12.9392
2019-02-08,3.4,1.5,5.6,0,127757,20190208,12.7757
2019-02-09,3,1.5,4.7,0,129514,20190209,12.9514
2019-02-10,3.1,2,4.9,0,125864,20190210,12.5864
2019-02-11,3.7,2.9,4.7,0,125548,20190211,12.5548
2019-02-12,5.7,1,8.7,0,128037,20190212,12.8037
2019-02-13,6.8,5.2,8.7,0,132783,20190213,13.2783
2019-02-14,5.6,4.2,8,0,135968,20190214,13.5968
2019-02-15,6.4,4.3,7.7,0,136994,20190215,13.6994
2019-02-16,4.2,3.1,7,0,140777,20190216,14.0777
2019-02-17,4.4,3.1,6.9,0,140217,20190217,14.0217
2019-02-18,7.1,2.9,9.8,2.1,136546,20190218,13.6546
2019-02-19,9.3,6.4,13,15.9,135576,20190219,13.5576
2019-02-20,6.9,4.8,9.4,0,138054,20190220,13.8054
2019-02-21,7.1,5.6,8.7,0,140472,20190221,14.0472
2019-02-22,8.3,6.5,10.9,1.6,143622,20190222,14.3622
2019-02-23,9.3,4.2,13.7,0,148782,20190223,14.8782
2019-02-24,11,8.6,14.1,0,149670,20190224,14.967
2019-02-25,9.4,7.3,13.1,0,143073,20190225,14.3073
2019-02-26,8.9,5.3,12.2,0,142796,20190226,14.2796
2019-02-27,10.9,9.4,11.9,4.6,145026,20190227,14.5026
2019-02-28,10.4,8,13.2,0.1,152740,20190228,15.274
2019-03-01,9.4,6.4,12.3,0,148883,20190301,14.8883
2019-03-02,11,7.3,14.3,0.4,147126,20190302,14.7126
2019-03-03,11.8,10.5,13.3,5.9,132811,20190303,13.2811
2019-03-04,10,8.4,12.2,2,122829,20190304,12.2829
2019-03-05,10.7,6.2,13.4,0,116088,20190305,11.6088
2019-03-06,10.4,8.4,13.8,11.3,118374,20190306,11.8374
2019-03-07,8.3,7.3,10.4,0,124484,20190307,12.4484
2019-03-08,8.5,3.7,12.3,0,133021,20190308,13.3021
2019-03-09,11.6,6.5,16.6,9,141054,20190309,14.1054
2019-03-10,10.7,8.9,13.1,22.1,137942,20190310,13.7942
2019-03-11,10,6.9,13.6,1.2,134351,20190311,13.4351
2019-03-12,10.7,6.1,16,0,138166,20190312,13.8166
2019-03-13,8.4,5.1,11.7,0,129213,20190313,12.9213
2019-03-14,10,7,14,0,133284,20190314,13.3284
2019-03-15,10.2,6.2,15.8,0,140444,20190315,14.0444
2019-03-16,10.1,6,14.1,0,148876,20190316,14.8876
2019-03-17,11.2,8,14.1,0,146979,20190317,14.6979
2019-03-18,10.7,6.9,14.2,1.9,140746,20190318,14.0746
2019-03-19,12.3,9.2,16.1,0,137627,20190319,13.7627
2019-03-20,16.3,9.9,21.2,1.7,140182,20190320,14.0182
2019-03-21,10.7,7.3,20,0,144228,20190321,14.4228
2019-03-22,7.8,6.4,10.6,0,155841,20190322,15.5841
2019-03-23,8.5,6.2,11.8,0,155592,20190323,15.5592
2019-03-24,7.5,3.6,11,0,164328,20190324,16.4328
2019-03-25,9.9,6.4,13.2,0,152026,20190325,15.2026
2019-03-26,14.2,10.1,16.7,0,152684,20190326,15.2684
2019-03-27,16.4,10.3,22,0,156030,20190327,15.603
2019-03-28,14.6,12.8,16.9,0,159810,20190328,15.981
2019-03-29,13.9,12.2,17,0,164801,20190329,16.4801
2019-03-30,11,7.9,14.6,0,167290,20190330,16.729
2019-03-31,8.4,7.1,11.4,0,161581,20190331,16.1581
2019-04-01,10.5,7.1,13.2,0,114996,20190401,11.4996
2019-04-02,10.6,8.6,14,0,115776,20190402,11.5776
2019-04-03,10.5,6.6,14.4,0,123616,20190403,12.3616
2019-04-04,11.3,6.2,14.6,0,129444,20190404,12.9444
2019-04-05,14.5,11.9,18.2,0,136944,20190405,13.6944
2019-04-06,15,11,20.8,0,141558,20190406,14.1558
2019-04-07,16.4,13,21.4,2.7,136367,20190407,13.6367
2019-04-08,14.8,11.7,18.1,0,128132,20190408,12.8132
2019-04-09,15,14.1,17.4,6,119693,20190409,11.9693
2019-04-10,10.4,9.6,14.2,6.7,130742,20190410,13.0742
2019-04-11,11.6,9.7,13.8,0,132097,20190411,13.2097
2019-04-12,12.7,9.2,16.6,0,141326,20190412,14.1326
2019-04-13,13.7,9.4,17.7,0,146776,20190413,14.6776
2019-04-14,13.6,10.6,17.1,0,138996,20190414,13.8996
2019-04-15,13,8.7,17.1,0,130095,20190415,13.0095
2019-04-16,16.8,10.7,25,0,124646,20190416,12.4646
2019-04-17,15.8,13.6,18.6,0,126994,20190417,12.6994
2019-04-18,16.7,12.3,22.1,0,134309,20190418,13.4309
2019-04-19,16.8,14.3,21.6,0,141652,20190419,14.1652
2019-04-20,17.1,14.5,20,0,146486,20190420,14.6486
2019-04-21,18.5,15,23.1,0,141078,20190421,14.1078
2019-04-22,19.3,16.6,24,0,133550,20190422,13.355
2019-04-23,19.1,17.3,22.5,18.7,130011,20190423,13.0011
2019-04-24,18,15.7,21.2,0,136888,20190424,13.6888
2019-04-25,15.8,14.1,17.9,0,144739,20190425,14.4739
2019-04-26,12.2,11.3,15.9,0.3,152089,20190426,15.2089
2019-04-27,14,11.7,17,0,156796,20190427,15.6796
2019-04-28,15,12.1,17.5,0.1,156986,20190428,15.6986
2019-04-29,16.1,14.5,20.3,10.5,144280,20190429,14.428
2019-04-30,15.6,14.5,17.6,1.4,143238,20190430,14.3238
2019-05-01,14.7,12.4,18.6,0,127810,20190501,12.781
2019-05-02,17.2,12.8,21.5,0,131302,20190502,13.1302
2019-05-03,18.9,16,21.9,0,142734,20190503,14.2734
2019-05-04,19.2,14.7,23.3,0,158616,20190504,15.8616
2019-05-05,19,16.4,22.2,0,157962,20190505,15.7962
2019-05-06,15.9,13.4,19.2,0,140287,20190506,14.0287
2019-05-07,15.6,12.3,19.5,0,125268,20190507,12.5268
2019-05-08,16.3,11.9,19.6,0,122258,20190508,12.2258
2019-05-09,17.4,14.7,20.3,0,127026,20190509,12.7026
2019-05-10,17.6,14.3,21.4,0,134614,20190510,13.4614
2019-05-11,18.5,15,23.4,0,136395,20190511,13.6395
2019-05-12,18.7,15.7,21.5,0,130543,20190512,13.0543
2019-05-13,20.1,17.4,23.7,0,127316,20190513,12.7316
2019-05-14,20.5,18.6,23.2,0,129972,20190514,12.9972
2019-05-15,21.2,16.9,26.6,0,138831,20190515,13.8831
2019-05-16,23.2,18,28.3,0,143801,20190516,14.3801
2019-05-17,21.2,18.4,26.3,12,146160,20190517,14.616
2019-05-18,20.6,17.4,23.3,19.6,141127,20190518,14.1127
2019-05-19,21.4,18.8,26.3,0,135916,20190519,13.5916
2019-05-20,17.3,14.9,19.8,0.8,132240,20190520,13.224
2019-05-21,19.2,14.5,23,0,133763,20190521,13.3763
2019-05-22,23.4,19.5,27.6,0,139825,20190522,13.9825
2019-05-23,26.2,22,31.3,0,143952,20190523,14.3952
2019-05-24,28.4,23.8,33.1,0,146556,20190524,14.6556
2019-05-25,23.3,20.4,27.2,0,148018,20190525,14.8018
2019-05-26,23.1,20.3,25.4,0,140682,20190526,14.0682
2019-05-27,20.7,15.8,25.5,9.8,138019,20190527,13.8019
2019-05-28,18.9,15.5,21.7,0,130918,20190528,13.0918
2019-05-29,22.3,18.7,27,0,135548,20190529,13.5548
2019-05-30,21.7,18,25.9,0,136980,20190530,13.698
2019-05-31,17.9,15.6,21.4,0.6,142275,20190531,14.2275
2019-06-01,19,15.9,22.4,0,127614,20190601,12.7614
2019-06-02,20.1,17.9,24.6,0,127064,20190602,12.7064
2019-06-03,20.9,17.9,24.5,0,120474,20190603,12.0474
2019-06-04,22.8,19.4,29,0,122230,20190604,12.223
2019-06-05,22.5,19.2,26.1,0,132380,20190605,13.238
2019-06-06,23.6,19.1,28.1,13.3,139006,20190606,13.9006
2019-06-07,19.6,18.2,25.3,0,143132,20190607,14.3132
2019-06-08,19.9,17.5,23.2,0.2,157832,20190608,15.7832
2019-06-09,20.2,17,23.2,0,135786,20190609,13.5786
2019-06-10,20.2,17.5,24.8,0,126252,20190610,12.6252
2019-06-11,20.2,18.4,22.9,0,123882,20190611,12.3882
2019-06-12,19.9,17.6,22.9,0,127334,20190612,12.7334
2019-06-13,21.9,17.6,28,0,132038,20190613,13.2038
2019-06-14,19.4,17.4,21.4,43.5,134120,20190614,13.412
2019-06-15,20.1,18.2,22.5,0.3,150836,20190615,15.0836
2019-06-16,20.6,18.6,23.3,0,136633,20190616,13.6633
2019-06-17,20.8,17.8,23.3,0,130032,20190617,13.0032
2019-06-18,21.6,20.5,23.3,1,124422,20190618,12.4422
2019-06-19,21.7,19.4,24.4,0,128933,20190619,12.8933
2019-06-20,22,19.8,24.4,0,134960,20190620,13.496
2019-06-21,22.6,20.3,26.4,0,141894,20190621,14.1894
2019-06-22,22.1,19.7,25.5,0,148670,20190622,14.867
2019-06-23,21.1,19.3,25.6,0,147854,20190623,14.7854
2019-06-24,21.6,18.8,24.4,0,144582,20190624,14.4582
2019-06-25,24.2,19.1,28.9,0,153150,20190625,15.315
2019-06-26,22.1,19.8,25.9,85.1,143038,20190626,14.3038
2019-06-27,23.1,21.9,25.9,0,140928,20190627,14.0928
2019-06-28,23.5,21,25.8,0,140102,20190628,14.0102
2019-06-29,25.2,22.6,29.8,2,134694,20190629,13.4694
2019-06-30,23.4,21.4,26.9,0.4,130946,20190630,13.0946
2019-07-01,23.4,22.3,25.6,1.9,108994,20190701,10.8994
2019-07-02,23.3,21.8,25.7,0,124201,20190702,12.4201
2019-07-03,22.6,21.6,24.9,0,123330,20190703,12.333
2019-07-04,22.3,20.4,25.9,0,130462,20190704,13.0462
2019-07-05,23.9,21.6,28.7,0,143272,20190705,14.3272
2019-07-06,23.8,20.8,27.2,0,137112,20190706,13.7112
2019-07-07,23.3,22.2,26.4,0,132888,20190707,13.2888
2019-07-08,21.8,20.6,22.7,3.7,136000,20190708,13.6
2019-07-09,22,20.9,23.6,2.2,134218,20190709,13.4218
2019-07-10,21.4,20.5,22,104.7,146146,20190710,14.6146
2019-07-11,23.2,20.6,26.7,1.2,144557,20190711,14.4557
2019-07-12,23.3,21.7,25.8,0.4,145110,20190712,14.511
2019-07-13,21.6,20.4,22.9,13.4,151088,20190713,15.1088
2019-07-14,24.2,21.5,27.1,0,150888,20190714,15.0888
2019-07-15,24.2,22.2,26.5,0,146909,20190715,14.6909
2019-07-16,24.8,22.2,27.2,0,144690,20190716,14.469
2019-07-17,25,22.9,28,6.8,145148,20190717,14.5148
2019-07-18,24.2,22.9,25.9,21.3,145876,20190718,14.5876
2019-07-19,24.1,22.3,26.2,187.7,138974,20190719,13.8974
2019-07-20,25.7,24.6,28.2,43.8,136972,20190720,13.6972
2019-07-21,27.3,24.8,30.7,0,149499,20190721,14.9499
2019-07-22,27.1,23.8,32.7,108.3,153528,20190722,15.3528
2019-07-23,27.6,24.3,30.3,0,173152,20190723,17.3152
2019-07-24,27.9,25.7,30.9,0,170314,20190724,17.0314
2019-07-25,27.9,25.9,31.1,0,181304,20190725,18.1304
2019-07-26,27.8,25.3,31.2,0,174153,20190726,17.4153
2019-07-27,28.1,26.5,31,14.7,182584,20190727,18.2584
2019-07-28,29.3,27,31.8,0,185784,20190728,18.5784
2019-07-29,28.7,26.1,31.3,0,187628,20190729,18.7628
2019-07-30,30.4,27.3,35.4,0,191292,20190730,19.1292
2019-07-31,29.5,27.9,32.3,0,197757,20190731,19.7757
2019-08-01,29.2,26.9,32.1,0,167612,20190801,16.7612
2019-08-02,28.8,26.7,31.2,0,175766,20190802,17.5766
2019-08-03,29,25.4,31.7,0,182500,20190803,18.25
2019-08-04,27.9,25.9,30.2,0,187460,20190804,18.746
2019-08-05,27.8,24.9,30.9,0,182808,20190805,18.2808
2019-08-06,28.8,26.2,32.2,0,169642,20190806,16.9642
2019-08-07,29.6,26.6,34.2,0,167150,20190807,16.715
2019-08-08,31.1,27.7,34.7,0,164854,20190808,16.4854
2019-08-09,30.1,27.7,33.3,0,163678,20190809,16.3678
2019-08-10,29.5,28.8,30.9,0,163082,20190810,16.3082
2019-08-11,28.7,27.7,30.5,25,165154,20190811,16.5154
2019-08-12,29.7,27.2,33.9,12,170520,20190812,17.052
2019-08-13,29.2,26.8,31.2,0,167990,20190813,16.799
2019-08-14,28.6,26.8,31.6,1.2,173166,20190814,17.3166
2019-08-15,27.1,26.4,27.9,0,179445,20190815,17.9445
2019-08-16,27.7,25.7,30.9,4.5,181216,20190816,18.1216
2019-08-17,28.8,25.7,32.6,0,181118,20190817,18.1118
2019-08-18,27.2,25.9,29.7,0,173114,20190818,17.3114
2019-08-19,26.3,24.6,29.1,0,168651,20190819,16.8651
2019-08-20,27.1,25.7,30.1,0.1,167930,20190820,16.793
2019-08-21,28.1,25.3,31.6,3.4,176953,20190821,17.6953
2019-08-22,28.5,25.8,31.8,6.3,172102,20190822,17.2102
2019-08-23,27.4,26.2,30.7,0,172711,20190823,17.2711
2019-08-24,27,25.2,28.8,0,175032,20190824,17.5032
2019-08-25,25.5,23.3,27.7,0.1,172389,20190825,17.2389
2019-08-26,25.9,23.5,28.3,0.3,170852,20190826,17.0852
2019-08-27,26.9,24.5,31,87.2,170541,20190827,17.0541
2019-08-28,24.8,23,27,33.3,172406,20190828,17.2406
2019-08-29,23.3,21.3,25.4,68.9,171350,20190829,17.135
2019-08-30,25.5,22.2,28.8,0,172952,20190830,17.2952
2019-08-31,24.9,20.8,28.2,0,168878,20190831,16.8878
2019-09-01,23.3,20.6,26.3,26.1,128314,20190901,12.8314
2019-09-02,24.1,21.9,26.6,25.7,117078,20190902,11.7078
2019-09-03,24.8,22.4,26.7,13.9,111447,20190903,11.1447
2019-09-04,24.7,23.7,27.9,43,111304,20190904,11.1304
2019-09-05,26.2,23.4,30.4,7,105788,20190905,10.5788
2019-09-06,26.8,25.1,28.6,68.8,105396,20190906,10.5396
2019-09-07,27.6,24.9,30.3,34.3,75436,20190907,7.5436
2019-09-08,24.5,23.4,26.3,19,89212,20190908,8.9212
2019-09-09,26.2,23.7,29,24.7,109092,20190909,10.9092
2019-09-10,27,24,29.4,0,120988,20190910,12.0988
2019-09-11,26,24.1,29.3,5,139366,20190911,13.9366
2019-09-12,24.1,23,25.1,0.6,167069,20190912,16.7069
2019-09-13,24,22.1,26.7,0,193410,20190913,19.341
2019-09-14,24.3,21.7,26.9,0,186025,20190914,18.6025
2019-09-15,24.6,22.9,26.9,0,157588,20190915,15.7588
2019-09-16,24.6,23.6,27,0,140662,20190916,14.0662
2019-09-17,23.8,22,25.8,0,138761,20190917,13.8761
2019-09-18,23.3,20.6,27.6,0,147210,20190918,14.721
2019-09-19,22.8,19.3,25.9,0,156954,20190919,15.6954
2019-09-20,22.5,19.9,25,0,157500,20190920,15.75
2019-09-21,20.5,19.1,21.7,156,142107,20190921,14.2107
2019-09-22,20.4,19.1,21.7,126.2,109074,20190922,10.9074
2019-09-23,21,18.4,24.5,0,146444,20190923,14.6444
2019-09-24,20.4,16.7,25.2,0,139790,20190924,13.979
2019-09-25,21.8,18.3,25.2,0,175847,20190925,17.5847
2019-09-26,23.8,21.3,27.7,1,173369,20190926,17.3369
2019-09-27,23.8,22.7,25.7,36,166341,20190927,16.6341
2019-09-28,24.1,23.1,25.6,0.7,164784,20190928,16.4784
2019-09-29,24.1,22.9,26.3,0,166866,20190929,16.6866
2019-09-30,23.6,22,26.8,22.6,156604,20190930,15.6604
2019-10-01,23.4,20.5,26.4,36.3,116319,20191001,11.6319
2019-10-02,24.8,20.6,27.3,136.2,90167,20191002,9.0167
2019-10-03,23.4,21.9,26.2,0.2,120438,20191003,12.0438
2019-10-04,23.1,21.2,26.1,0,138047,20191004,13.8047
2019-10-05,20.8,18.4,23.2,0,155358,20191005,15.5358
2019-10-06,20.8,17,24.6,1,154637,20191006,15.4637
2019-10-07,21.8,20.2,23.6,0,144949,20191007,14.4949
2019-10-08,20.5,17.4,24,0,148572,20191008,14.8572
2019-10-09,17.6,14.2,21.5,0,154234,20191009,15.4234
2019-10-10,19,14,23.1,0,155208,20191010,15.5208
2019-10-11,21,17.1,23.9,0,156208,20191011,15.6208
2019-10-12,21.4,18.7,24.8,0,160706,20191012,16.0706
2019-10-13,19.7,17.1,22.8,0,152478,20191013,15.2478
2019-10-14,19.3,16.7,23.2,0,147500,20191014,14.75
2019-10-15,17.4,15.2,19.1,3.2,150874,20191015,15.0874
2019-10-16,18.1,15.8,21.3,0,159100,20191016,15.91
2019-10-17,19.3,16.2,21.8,0,164290,20191017,16.429
2019-10-18,19.1,18.1,20.5,8.3,168514,20191018,16.8514
2019-10-19,19.8,17.7,22.7,0,169586,20191019,16.9586
2019-10-20,19.1,15.4,21.8,0,161546,20191020,16.1546
2019-10-21,19.9,17.4,22.9,0,155362,20191021,15.5362
2019-10-22,20.8,18.6,22.5,0.5,156961,20191022,15.6961
2019-10-23,20.3,19.2,21.8,0.6,161486,20191023,16.1486
2019-10-24,20.1,18.4,22.3,2.3,166530,20191024,16.653
2019-10-25,20.1,16.8,23.5,0,170530,20191025,17.053
2019-10-26,16.5,15.5,19.4,0,170114,20191026,17.0114
2019-10-27,16,13.7,18.7,0,161497,20191027,16.1497
2019-10-28,15.7,11.9,19.2,0,153741,20191028,15.3741
2019-10-29,17.9,15.2,20.8,0,152988,20191029,15.2988
2019-10-30,16.3,13.7,19.5,0,164745,20191030,16.4745
2019-10-31,16.5,12.1,20.7,0,159404,20191031,15.9404
2019-11-01,18.3,15.6,22,0,138950,20191101,13.895
2019-11-02,18.6,15.6,22.7,0,145187,20191102,14.5187
2019-11-03,17.5,15.2,20.4,0,138562,20191103,13.8562
2019-11-04,17.3,13.5,20.6,0,130056,20191104,13.0056
2019-11-05,17.3,14.6,20.3,0,128548,20191105,12.8548
2019-11-06,15.8,12.3,19.4,0,133732,20191106,13.3732
2019-11-07,15.9,13.4,19.3,0,144330,20191107,14.433
2019-11-08,13.8,12.4,17.3,0,157496,20191108,15.7496
2019-11-09,14.4,11.9,18.1,0,152008,20191109,15.2008
2019-11-10,15.5,10.3,19.7,2.9,147749,20191110,14.7749
2019-11-11,17.1,15.3,19.5,0,144848,20191111,14.4848
2019-11-12,14.7,12.1,17.9,0,148096,20191112,14.8096
2019-11-13,15,11.8,18.3,1.7,137154,20191113,13.7154
2019-11-14,11.2,7.9,14.5,0,150584,20191114,15.0584
2019-11-15,12.1,7,17.2,0,161388,20191115,16.1388
2019-11-16,16,10.6,21.3,0,158280,20191116,15.828
2019-11-17,20.1,14.9,24.3,0,150958,20191117,15.0958
2019-11-18,13.7,11.2,22.7,6.1,137064,20191118,13.7064
2019-11-19,10.6,9.9,12.3,0,130386,20191119,13.0386
2019-11-20,9.9,7.8,12.5,0,133343,20191120,13.3343
2019-11-21,13.1,7.8,17.1,0,139094,20191121,13.9094
2019-11-22,17.1,13.5,21.8,0,148078,20191122,14.8078
2019-11-23,18.1,14.5,21.7,0,164717,20191123,16.4717
2019-11-24,17.3,13.7,19.5,4.7,155519,20191124,15.5519
2019-11-25,10.1,9.2,13.9,0,138786,20191125,13.8786
2019-11-26,13.5,9.7,15.3,8.2,132528,20191126,13.2528
2019-11-27,11.1,9.3,14.8,3.8,152478,20191127,15.2478
2019-11-28,10.8,8.8,14,0,142093,20191128,14.2093
2019-11-29,9.7,6.9,12.6,0,156608,20191129,15.6608
2019-11-30,12.5,6.9,18,0.1,149916,20191130,14.9916
2019-12-01,12.5,11.1,15.1,18.9,127428,20191201,12.7428
2019-12-02,9.9,7.4,11.8,0,110145,20191202,11.0145
2019-12-03,9.5,7.5,10.8,0,106911,20191203,10.6911
2019-12-04,11.3,10,14.1,0,119872,20191204,11.9872
2019-12-05,8.7,5.7,11.5,0,117932,20191205,11.7932
2019-12-06,4.2,3.2,5.8,0,135527,20191206,13.5527
2019-12-07,7.5,4.3,9.5,0,143234,20191207,14.3234
2019-12-08,8.7,6,10.2,0,152103,20191208,15.2103
2019-12-09,10.7,5.9,15.2,0,135418,20191209,13.5418
2019-12-10,13.3,8.5,18.7,0,123816,20191210,12.3816
2019-12-11,12.9,9.6,18,0,123886,20191211,12.3886
2019-12-12,8.3,5.4,10.3,0,149842,20191212,14.9842
2019-12-13,8.6,4.6,12.9,0,141886,20191213,14.1886
2019-12-14,10,6.9,12.7,0,144798,20191214,14.4798
2019-12-15,12.5,6.9,17.4,0,141806,20191215,14.1806
2019-12-16,14.9,12.2,18.2,0.1,147140,20191216,14.714
2019-12-17,14.1,10.9,17.6,7.3,134463,20191217,13.4463
2019-12-18,8.8,7.4,10.9,0,148620,20191218,14.862
2019-12-19,7.8,7,9.4,0,142121,20191219,14.2121
2019-12-20,8.4,6.9,11.1,0,155281,20191220,15.5281
2019-12-21,8,5.6,10.1,0,162120,20191221,16.212
2019-12-22,9.6,6.8,11.6,1,150832,20191222,15.0832
2019-12-23,9.4,6.7,12.4,0,147578,20191223,14.7578
2019-12-24,9.2,7.3,11.9,0,150518,20191224,15.0518
2019-12-25,11.4,7,15.1,0.1,153450,20191225,15.345
2019-12-26,9.9,6.7,13.1,9.4,160122,20191226,16.0122
2019-12-27,6.7,5.7,7.3,0,166456,20191227,16.6456
2019-12-28,7.7,6.1,9.7,0,175858,20191228,17.5858
2019-12-29,11.8,7.1,16.4,11.4,170919,20191229,17.0919
2019-12-30,11.5,6.3,13.6,0,170930,20191230,17.093
2019-12-31,2.9,1.8,6.4,0,170905,20191231,17.0905
2020-01-01,5.2,2.4,7.3,0,145506,20200101,14.5506
2020-01-02,8.1,5.5,9.2,0,146048,20200102,14.6048
2020-01-03,8.8,6.4,11.4,0,145733,20200103,14.5733
2020-01-04,7.9,5.1,11.4,0,147774,20200104,14.7774
2020-01-05,8.5,4.3,11.1,0,142499,20200105,14.2499
2020-01-06,14.5,10.1,18.9,0.3,139934,20200106,13.9934
2020-01-07,19.2,12.8,23.6,12.4,138562,20200107,13.8562
2020-01-08,8.1,6.9,13.2,1.4,144865,20200108,14.4865
2020-01-09,7.3,6.7,8.2,0,150423,20200109,15.0423
2020-01-10,8,4.3,11,0,155550,20200110,15.555
2020-01-11,8,6.9,9.1,0,160930,20200111,16.093
2020-01-12,7.5,6.7,8.5,0,158854,20200112,15.8854
2020-01-13,7.1,6.1,8.8,0,155603,20200113,15.5603
2020-01-14,4.8,3.4,6.2,4.6,154136,20200114,15.4136
2020-01-15,5.6,4.6,7.2,0,157476,20200115,15.7476
2020-01-16,6.3,4.6,8,0,158564,20200116,15.8564
2020-01-17,6.9,6,9.2,0,160346,20200117,16.0346
2020-01-18,7,6.2,9,0,160402,20200118,16.0402
2020-01-19,8.6,5.9,10,0,152814,20200119,15.2814
2020-01-20,8.4,7.1,10.9,0,145915,20200120,14.5915
2020-01-21,7.4,4.9,10.5,0,136216,20200121,13.6216
2020-01-22,11.4,8.6,13.5,25.8,135440,20200122,13.544
2020-01-23,11.2,10.5,13.6,0.7,146209,20200123,14.6209
2020-01-24,11.3,9.5,12.7,0,185402,20200124,18.5402
2020-01-25,11.9,10.6,14,1,212772,20200125,21.2772
2020-01-26,11.6,10.6,13,10.1,193683,20200126,19.3683
2020-01-27,9.8,8.1,11.5,60.3,155992,20200127,15.5992
2020-01-28,9.9,9.1,11.1,0,142566,20200128,14.2566
2020-01-29,9.6,8.5,11.3,0,133014,20200129,13.3014
2020-01-30,8.3,7.5,10.2,0.1,127785,20200130,12.7785
2020-01-31,7.2,5.9,8,0,127351,20200131,12.7351
2020-02-01,8.2,4.5,10.9,0,120806,20200201,12.0806
2020-02-02,7.7,6,10.7,0,98970,20200202,9.897
2020-02-03,6.9,5.1,9.3,0,92001,20200203,9.2001
2020-02-04,5.6,2.6,8.2,0,88238,20200204,8.8238
2020-02-05,3.4,1.2,7.7,0.7,85816,20200205,8.5816
2020-02-06,3.3,0.8,5.4,0,102742,20200206,10.2742
2020-02-07,6.4,4.8,8.9,0,89330,20200207,8.933
2020-02-08,6.9,4.7,9,0,93107,20200208,9.3107
2020-02-09,6.6,4.9,8.9,0,92428,20200209,9.2428
2020-02-10,10.6,6.1,14.1,0,90132,20200210,9.0132
2020-02-11,11.2,6.7,15.1,0,90118,20200211,9.0118
2020-02-12,13.3,11.1,16.7,1.1,89082,20200212,8.9082
2020-02-13,12.3,11.1,14.9,0,98514,20200213,9.8514
2020-02-14,13.6,11.1,16.4,0,105864,20200214,10.5864
2020-02-15,16.2,12.2,21.6,0.8,116106,20200215,11.6106
2020-02-16,5.4,3,12.5,7,112168,20200216,11.2168
2020-02-17,2.6,0.8,4.2,2,119035,20200217,11.9035
2020-02-18,4.9,0.5,7.8,0.1,123921,20200218,12.3921
2020-02-19,6.6,2.2,10.7,0,127820,20200219,12.782
2020-02-20,10,6.7,13.2,0,131789,20200220,13.1789
2020-02-21,12.4,6.4,16.9,0,134673,20200221,13.4673
2020-02-22,10.8,7.6,14.3,0,133718,20200222,13.3718
2020-02-23,7.8,5.9,11.1,0,127596,20200223,12.7596
2020-02-24,11.5,5.4,15.8,0,135384,20200224,13.5384
2020-02-25,16.6,11.5,21.8,0.1,110915,20200225,11.0915
2020-02-26,11.4,8.4,12.7,0.1,106477,20200226,10.6477
2020-02-27,10,6.8,13.4,0,104850,20200227,10.485
2020-02-28,10.4,8.7,11.6,3.7,103856,20200228,10.3856
2020-02-29,11.6,10.9,12.2,14.2,103852,20200229,10.3852
2020-03-01,11.2,8.1,12.7,4.2,68985,20200301,6.8985
2020-03-02,8,6,10.4,0,73966,20200302,7.3966
2020-03-03,10.7,6.2,15,0,76450,20200303,7.645
2020-03-04,8,5.2,10.6,0,79586,20200304,7.9586
2020-03-05,6.1,4,9.6,0,82418,20200305,8.2418
2020-03-06,7.4,2.5,11.9,0,85900,20200306,8.59
2020-03-07,10.3,8,11,8.1,85550,20200307,8.555
2020-03-08,12,7.3,15.4,0,84735,20200308,8.4735
2020-03-09,13.1,11.3,14.6,25.3,83898,20200309,8.3898
2020-03-10,9.6,7.7,13.4,21.5,82176,20200310,8.2176
2020-03-11,8.4,5.5,11.1,0,88928,20200311,8.8928
2020-03-12,9.4,3.8,13.7,0,93940,20200312,9.394
2020-03-13,11.2,8.2,14.5,0,115521,20200313,11.5521
2020-03-14,8.4,5.9,10.6,0,104156,20200314,10.4156
2020-03-15,11.1,6.8,15.3,0,98679,20200315,9.8679
2020-03-16,7.3,4.6,10.6,0,98140,20200316,9.814
2020-03-17,13,6.2,19.8,0,97419,20200317,9.7419
2020-03-18,14,10.1,16.7,0,98388,20200318,9.8388
2020-03-19,13.9,9.9,21.2,0,99883,20200319,9.9883
2020-03-20,12,7.2,16,0,103271,20200320,10.3271
2020-03-21,17.4,9.9,22.8,0,105490,20200321,10.549
2020-03-22,14.4,11.3,18.5,1,103138,20200322,10.3138
2020-03-23,12.7,9.3,16.3,0,103562,20200323,10.3562
2020-03-24,12.6,8.8,15.8,0,101244,20200324,10.1244
2020-03-25,16.3,10.8,20.9,0,123932,20200325,12.3932
2020-03-26,17.9,15,23.2,17,97104,20200326,9.7104
2020-03-27,12,8.4,19.9,0,98004,20200327,9.8004
2020-03-28,9,7.1,9.9,3.9,100534,20200328,10.0534
2020-03-29,11.2,6.6,14.4,0,101020,20200329,10.102
2020-03-30,13.5,11.7,15.9,0,96502,20200330,9.6502
2020-03-31,13.9,11.3,17.2,0.6,95498,20200331,9.5498
2020-04-01,11.6,8.4,15.4,3.4,59538,20200401,5.9538
2020-04-02,11.8,8.7,14.7,0,67686,20200402,6.7686
2020-04-03,12.8,10.9,16.3,0,70186,20200403,7.0186
2020-04-04,11.6,7.6,16.9,0,72905,20200404,7.2905
2020-04-05,9.7,7.4,13.4,0,69657,20200405,6.9657
2020-04-06,10.7,6,14.3,0,66570,20200406,6.657
2020-04-07,13.4,8.9,17.9,0,66118,20200407,6.6118
2020-04-08,12.9,10.5,16.8,0,66507,20200408,6.6507
2020-04-09,12.1,8.8,15.3,0,69646,20200409,6.9646
2020-04-10,12.9,9.9,15.9,0,73731,20200410,7.3731
2020-04-11,12.3,9.7,16.8,23.9,76804,20200411,7.6804
2020-04-12,9.8,7.5,11.2,25.4,76062,20200412,7.6062
2020-04-13,11.6,9.6,13.8,0,75341,20200413,7.5341
2020-04-14,13.2,8.3,16.6,0,78978,20200414,7.8978
2020-04-15,13.4,10.1,16.9,0,78858,20200415,7.8858
2020-04-16,15.9,10.3,21.4,0,78995,20200416,7.8995
2020-04-17,16,13.6,18.7,9.7,82310,20200417,8.231
2020-04-18,12.9,11.1,16.2,0,87066,20200418,8.7066
2020-04-19,13.3,11,15.6,19.5,79972,20200419,7.9972
2020-04-20,13.8,11.6,18,0.4,81638,20200420,8.1638
2020-04-21,12.8,10.2,16.5,0,83128,20200421,8.3128
2020-04-22,11.1,8.7,14.8,0,87756,20200422,8.7756
2020-04-23,11.1,8.7,14.1,0,90038,20200423,9.0038
2020-04-24,13.1,9.1,16.8,0,117064,20200424,11.7064
2020-04-25,18.3,10.2,23,0,106120,20200425,10.612
2020-04-26,14.2,11.1,18.9,0,107401,20200426,10.7401
2020-04-27,14.3,11,17.7,0,105784,20200427,10.5784
2020-04-28,15.2,10.4,19.7,0,108388,20200428,10.8388
2020-04-29,15.9,13,20,0,123154,20200429,12.3154
2020-04-30,19,12.5,24.8,0,145992,20200430,14.5992
2020-05-01,20.5,17.4,24.6,0,136787,20200501,13.6787
2020-05-02,19.2,16.4,21.9,3.2,140312,20200502,14.0312
2020-05-03,19.2,16,23.6,0.9,129752,20200503,12.9752
2020-05-04,18.5,15.5,23.7,0,110736,20200504,11.0736
2020-05-05,17.6,14.2,24.6,0,97632,20200505,9.7632
2020-05-06,19.5,15.9,24.5,0,85992,20200506,8.5992
2020-05-07,17.8,14.8,22.9,0,83408,20200507,8.3408
2020-05-08,20.9,15.5,26.5,0.2,85564,20200508,8.5564
2020-05-09,21.3,15.5,27.7,3.4,87304,20200509,8.7304
2020-05-10,16,15,18.1,0,95042,20200510,9.5042
2020-05-11,17.3,14.6,23.2,0,100012,20200511,10.0012
2020-05-12,18.5,14.9,25.1,0,103243,20200512,10.3243
2020-05-13,17,13.2,20.4,0,103428,20200513,10.3428
2020-05-14,20.2,15.2,25.8,0,102578,20200514,10.2578
2020-05-15,22.1,19,27.1,2.9,100471,20200515,10.0471
2020-05-16,16.6,14,19.1,5.3,102865,20200516,10.2865
2020-05-17,17,13.6,21.9,0,105448,20200517,10.5448
2020-05-18,19.2,15.9,29.5,0.4,104146,20200518,10.4146
2020-05-19,17.2,14.4,21.1,0,104895,20200519,10.4895
2020-05-20,16.6,13.8,20.6,0,129482,20200520,12.9482
2020-05-21,18.8,14.5,24.6,0,119424,20200521,11.9424
2020-05-22,19.1,16.3,23.9,0,121152,20200522,12.1152
2020-05-23,19.6,16.1,22.4,0,125314,20200523,12.5314
2020-05-24,20.4,17.9,26.1,0,125566,20200524,12.5566
2020-05-25,17.7,16.4,20.6,0,120460,20200525,12.046
2020-05-26,18.4,16.5,21.1,0,118660,20200526,11.866
2020-05-27,18.2,16,21.1,0,119637,20200527,11.9637
2020-05-28,19.7,15.9,25,0,124086,20200528,12.4086
2020-05-29,18.5,14.7,20.5,0,127866,20200529,12.7866
2020-05-30,20,17.8,23.6,0.6,130144,20200530,13.0144
2020-05-31,19.7,17.1,23.6,3.7,128720,20200531,12.872
2020-06-01,18.7,16.7,21.7,0.4,99673,20200601,9.9673
2020-06-02,18.6,15,22.5,0,98042,20200602,9.8042
2020-06-03,20.5,18.1,24.7,0,98178,20200603,9.8178
2020-06-04,21.2,18.7,25.3,0,108714,20200604,10.8714
2020-06-05,19.9,17.4,24.2,0,113572,20200605,11.3572
2020-06-06,21.2,19.2,26.5,0,122006,20200606,12.2006
2020-06-07,21.3,18.5,23.9,0,121716,20200607,12.1716
2020-06-08,23.4,18.6,29.7,0,135478,20200608,13.5478
2020-06-09,26.7,22.2,30.1,0,112777,20200609,11.2777
2020-06-10,24.7,22.7,28.9,0.4,105774,20200610,10.5774
2020-06-11,24.5,21.6,28.9,0,107440,20200611,10.744
2020-06-12,22.7,21.1,24.2,1.1,111783,20200612,11.1783
2020-06-13,25.6,22.8,29.6,24.3,113606,20200613,11.3606
2020-06-14,24.2,20.8,27.7,26,114366,20200614,11.4366
2020-06-15,22.2,20.2,25,0,114394,20200615,11.4394
2020-06-16,23.3,21.4,26.9,0,111594,20200616,11.1594
2020-06-17,20.9,18.3,23.2,30.9,110201,20200617,11.0201
2020-06-18,19.5,18.3,22.5,49.3,112805,20200618,11.2805
2020-06-19,19.9,18.3,22.6,11.4,125321,20200619,12.5321
2020-06-20,21.9,19.7,24.9,0,134967,20200620,13.4967
2020-06-21,21.8,20.1,24.3,0,138194,20200621,13.8194
2020-06-22,22.7,20.1,28.9,0,134460,20200622,13.446
2020-06-23,25.6,20,30.9,0,151025,20200623,15.1025
2020-06-24,24.9,21.9,27.1,38.3,126018,20200624,12.6018
2020-06-25,22.9,21.6,24.9,14.2,147392,20200625,14.7392
2020-06-26,22.9,20.7,25.4,0,135863,20200626,13.5863
2020-06-27,23.1,20.8,26.8,0.1,137546,20200627,13.7546
2020-06-28,23.5,20.5,28.7,0,135594,20200628,13.5594
2020-06-29,23.2,19.1,27.6,25.1,126980,20200629,12.698
2020-06-30,21.8,20,24,0,125258,20200630,12.5258
2020-07-01,22.6,19.7,26.8,0,105840,20200701,10.584
2020-07-02,23,20.2,25.2,0,155659,20200702,15.5659
2020-07-03,21.4,19.7,23.8,17,131236,20200703,13.1236
2020-07-04,20.2,19.5,21.7,0.4,136398,20200704,13.6398
2020-07-05,21.2,19.2,24.2,0,133518,20200705,13.3518
2020-07-06,22.5,20.7,26.1,15.7,128996,20200706,12.8996
2020-07-07,22.5,21.2,25.5,35.1,128062,20200707,12.8062
2020-07-08,22.3,20,25.6,0,131940,20200708,13.194
2020-07-09,23.2,20.9,27.6,2,154528,20200709,15.4528
2020-07-10,25.6,21.9,29.8,16.4,147346,20200710,14.7346
2020-07-11,23.3,22.5,25.8,0,145100,20200711,14.51
2020-07-12,24.6,22.6,26.5,4.3,142814,20200712,14.2814
2020-07-13,25.6,22.6,30.6,1.5,144546,20200713,14.4546
2020-07-14,21.6,19.8,23.6,0.5,147130,20200714,14.713
2020-07-15,21.6,20.2,24.6,0,177044,20200715,17.7044
2020-07-16,22.2,20.2,24.5,0.4,158210,20200716,15.821
2020-07-17,23.1,20.1,25.8,0,159092,20200717,15.9092
2020-07-18,24.2,20.7,26.7,0.2,155502,20200718,15.5502
2020-07-19,29.1,23,34.3,0,151928,20200719,15.1928
2020-07-20,26.4,22.8,29.9,1.2,167783,20200720,16.7783
2020-07-21,24.6,22.6,27.2,4.4,150196,20200721,15.0196
2020-07-22,26.8,23.8,30.4,0,148624,20200722,14.8624
2020-07-23,26.5,23.6,30.5,9.2,148054,20200723,14.8054
2020-07-24,23,21.3,25.1,2.4,148886,20200724,14.8886
2020-07-25,23.7,21.2,26.6,0,153002,20200725,15.3002
2020-07-26,23.4,20.7,25.5,0,151176,20200726,15.1176
2020-07-27,24.8,22.6,27.9,71.5,161665,20200727,16.1665
2020-07-28,28.7,25.1,33.8,2,151176,20200728,15.1176
2020-07-29,27.9,25.7,30.9,0.5,152226,20200729,15.2226
2020-07-30,27.8,25.4,31,0,159173,20200730,15.9173
2020-07-31,26.9,25.1,29.5,0,173744,20200731,17.3744
2020-08-01,28.2,25.5,30.7,0,152156,20200801,15.2156
2020-08-02,29.3,26.7,34,0,161662,20200802,16.1662
2020-08-03,28.8,26.7,32.5,0,162953,20200803,16.2953
2020-08-04,30.2,27.1,34.9,0,167688,20200804,16.7688
2020-08-05,30.3,26.4,34.1,9.7,167776,20200805,16.7776
2020-08-06,30.2,27.9,32.7,0,169141,20200806,16.9141
2020-08-07,30.6,27.8,32.7,0,172630,20200807,17.263
2020-08-08,30.9,29.7,32.7,0,197911,20200808,19.7911
2020-08-09,30.4,28,33.9,0,172697,20200809,17.2697
2020-08-10,29.4,26.6,32.3,4.2,159604,20200810,15.9604
2020-08-11,30.4,27.6,33.6,2,162421,20200811,16.2421
2020-08-12,31,28.2,34.5,0,167430,20200812,16.743
2020-08-13,31.3,28.2,36.1,0,174010,20200813,17.401
2020-08-14,32.2,27.6,36.3,0,185098,20200814,18.5098
2020-08-15,31.1,27.8,36.3,0,197116,20200815,19.7116
2020-08-16,29.9,27.5,32.7,0,196578,20200816,19.6578
2020-08-17,29.4,27,32.3,0,186543,20200817,18.6543
2020-08-18,29,26.8,30.8,0,178608,20200818,17.8608
2020-08-19,28.3,26,31.2,0,175749,20200819,17.5749
2020-08-20,28.2,26,31.3,0,172963,20200820,17.2963
2020-08-21,28,25.4,30.3,0,175098,20200821,17.5098
2020-08-22,27.4,24.3,33.3,2.8,171798,20200822,17.1798
2020-08-23,28.3,24.8,31.2,0,168452,20200823,16.8452
2020-08-24,30,26.2,35.1,0,159446,20200824,15.9446
2020-08-25,29.8,27.7,33.6,2.9,143118,20200825,14.3118
2020-08-26,28.4,25.4,29.8,114.3,105858,20200826,10.5858
2020-08-27,28.7,27.2,30.8,0.7,162046,20200827,16.2046
2020-08-28,28.4,26.4,32.6,2.3,150745,20200828,15.0745
2020-08-29,28.4,26.3,31.3,1.5,133732,20200829,13.3732
2020-08-30,28.1,26.1,31.4,0,132388,20200830,13.2388
2020-08-31,27.8,25.9,31.6,0,124600,20200831,12.46
2020-09-01,26.8,25.6,28,0.1,87342,20200901,8.7342
2020-09-02,25.1,23.1,27.9,183.6,69790,20200902,6.979
2020-09-03,25.2,23.2,28.7,0.3,93786,20200903,9.3786
2020-09-04,25.5,21.5,29.3,0,94070,20200904,9.407
2020-09-05,21.9,19.3,24.1,7.6,93611,20200905,9.3611
2020-09-06,21.7,20.5,23.1,71.7,106530,20200906,10.653
2020-09-07,23,20.7,26.3,79.8,85036,20200907,8.5036
2020-09-08,26.7,22.4,30.7,0,96624,20200908,9.6624
2020-09-09,25.8,24.4,28.7,0,104366,20200909,10.4366
2020-09-10,24.5,22.7,26.6,0,139041,20200910,13.9041
2020-09-11,23.5,21.8,26,0.6,117691,20200911,11.7691
2020-09-12,23.1,21.6,25.5,0,121208,20200912,12.1208
2020-09-13,23,21.7,26.1,5.2,119987,20200913,11.9987
2020-09-14,23.3,21.8,25.9,0,120180,20200914,12.018
2020-09-15,23.7,21,25.8,0,115395,20200915,11.5395
2020-09-16,23.5,21.5,28.3,6.1,113292,20200916,11.3292
2020-09-17,21.2,19.3,23.3,26.6,114723,20200917,11.4723
2020-09-18,20.5,17.8,23.1,11.3,123736,20200918,12.3736
2020-09-19,21.2,16.8,25.6,0,129524,20200919,12.9524
2020-09-20,22,18,25.6,0,129714,20200920,12.9714
2020-09-21,21.5,18.5,25,0,125912,20200921,12.5912
2020-09-22,21.2,19.5,22.6,0,121614,20200922,12.1614
2020-09-23,20.9,20.1,21.7,1.3,120018,20200923,12.0018
2020-09-24,21.3,20.6,22.7,0,144120,20200924,14.412
2020-09-25,22.5,20.1,25.3,0.6,135128,20200925,13.5128
2020-09-26,22.1,20.5,25.8,0,134446,20200926,13.4446
2020-09-27,21.4,19,24.1,5.7,135118,20200927,13.5118
2020-09-28,20.9,19.3,23.4,0,134424,20200928,13.4424
2020-09-29,21.2,18.1,23.8,0,140234,20200929,14.0234
2020-09-30,21.9,19,24.9,0,155648,20200930,15.5648
2020-10-01,21.5,19.4,24.1,0,152712,20201001,15.2712
2020-10-02,21.7,17.6,25.5,0,159442,20201002,15.9442
2020-10-03,22.5,20.2,25.3,0,144844,20201003,14.4844
2020-10-04,21.4,19.5,23.5,1.1,118713,20201004,11.8713
2020-10-05,18.4,16.8,21.1,0,101706,20201005,10.1706
2020-10-06,18.6,17.1,20.4,0,97926,20201006,9.7926
2020-10-07,20.5,17,22.2,0,103632,20201007,10.3632
2020-10-08,20.3,19.1,22.5,0,119378,20201008,11.9378
2020-10-09,20.1,18.6,21.5,0,136546,20201009,13.6546
2020-10-10,20.3,18.9,22.4,0,141180,20201010,14.118
2020-10-11,20.4,18.9,23.3,0,137932,20201011,13.7932
2020-10-12,20.4,18,23.5,0,128268,20201012,12.8268
2020-10-13,18.4,16.1,21,0,127040,20201013,12.704
2020-10-14,19.1,15.7,21.7,0,131131,20201014,13.1131
2020-10-15,17.9,15.6,20.3,0,136192,20201015,13.6192
2020-10-16,17.2,14.4,20,4,142835,20201016,14.2835
2020-10-17,17.5,13.7,20.7,0,149922,20201017,14.9922
2020-10-18,17.7,15.6,20.9,0,150724,20201018,15.0724
2020-10-19,17.7,14.2,21.1,0,126564,20201019,12.6564
2020-10-20,18.7,15.6,22.2,0,146346,20201020,14.6346
2020-10-21,18.3,16.3,22.2,46.4,129597,20201021,12.9597
2020-10-22,17.5,15.4,20.5,2.2,133248,20201022,13.3248
2020-10-23,15.2,14.3,16.7,0,199647,20201023,19.9647
2020-10-24,15.4,14,17.6,0,210483,20201024,21.0483
2020-10-25,16.3,13.2,19.9,0,204840,20201025,20.484
2020-10-26,15.6,12.1,20.8,0,167400,20201026,16.74
2020-10-27,16.5,12.5,20.3,0,165062,20201027,16.5062
2020-10-28,17.4,15.5,20,0,165580,20201028,16.558
2020-10-29,15.8,12.8,18.7,0,172598,20201029,17.2598
2020-10-30,16.1,13.7,18.5,0,179050,20201030,17.905
2020-10-31,16.5,14.3,19.6,0,180102,20201031,18.0102
2020-11-01,18.1,13.7,22.3,1,142340,20201101,14.234
2020-11-02,15.7,12.8,18.5,5.4,133868,20201102,13.3868
2020-11-03,13.1,11.8,16,0,132938,20201103,13.2938
2020-11-04,12,9.2,15.1,0,135865,20201104,13.5865
2020-11-05,14,8.2,17.9,0,140590,20201105,14.059
2020-11-06,17.8,13.8,21.7,0,146198,20201106,14.6198
2020-11-07,17.6,14.5,21,0,152925,20201107,15.2925
2020-11-08,14.6,11.5,19.2,0,151968,20201108,15.1968
2020-11-09,12,10.1,14.5,0,145320,20201109,14.532
2020-11-10,13,9.2,17.2,0,143025,20201110,14.3025
2020-11-11,12.4,8.6,15.9,0,146542,20201111,14.6542
2020-11-12,14.4,11.6,17.9,0,159300,20201112,15.93
2020-11-13,14.4,10.6,18.7,0,165315,20201113,16.5315
2020-11-14,15.8,12,19.4,0,166248,20201114,16.6248
2020-11-15,16.6,13.3,19.7,0,161268,20201115,16.1268
2020-11-16,16.8,14.5,19.4,1.4,153650,20201116,15.365
2020-11-17,21,16.3,26.7,0,155570,20201117,15.557
2020-11-18,22.4,18.5,25.9,0,151642,20201118,15.1642
2020-11-19,20.4,15.6,25.8,12.2,147638,20201119,14.7638
2020-11-20,12.9,10.9,15.6,0,154995,20201120,15.4995
2020-11-21,13.7,8.7,16.4,0,157135,20201121,15.7135
2020-11-22,13.2,11.3,15.6,4.2,150278,20201122,15.0278
2020-11-23,10,9.2,11.2,0,144378,20201123,14.4378
2020-11-24,10.5,8.7,12.9,0,141265,20201124,14.1265
2020-11-25,12.1,9.6,14.7,0,140160,20201125,14.016
2020-11-26,11.8,9.4,14.1,3.8,139568,20201126,13.9568
2020-11-27,11,9.1,12.9,0,140310,20201127,14.031
2020-11-28,8.6,7.9,9.4,0,138832,20201128,13.8832
2020-11-29,9.2,7.6,12,0,133010,20201129,13.301
2020-11-30,8.7,7.8,10.1,0.2,171444,20201130,17.1444
2020-12-01,7.8,6.1,10.3,0,104324,20201201,10.4324
2020-12-02,9.3,6,12.4,0,105606,20201202,10.5606
2020-12-03,8.2,5.8,10.5,0,110400,20201203,11.04
2020-12-04,7.8,6.8,9.4,0,115227,20201204,11.5227
2020-12-05,8.8,6,12.3,0,119098,20201205,11.9098
2020-12-06,8.3,5.3,11.7,0,119175,20201206,11.9175
2020-12-07,10.1,6.3,13.1,0,111758,20201207,11.1758
2020-12-08,8.2,6.8,10.3,0,108472,20201208,10.8472
2020-12-09,7.7,4.2,10.6,0,109312,20201209,10.9312
2020-12-10,10.3,7.6,12.4,0,114373,20201210,11.4373
2020-12-11,11.1,8.9,12.5,0,121184,20201211,12.1184
2020-12-12,9.7,6.5,11.5,0,125758,20201212,12.5758
2020-12-13,8.7,5.7,14.6,0,126172,20201213,12.6172
2020-12-14,3.2,1.7,5.9,0.1,118909,20201214,11.8909
2020-12-15,3,2,4.3,0,115504,20201215,11.5504
2020-12-16,3.9,3,5.3,1.5,114842,20201216,11.4842
2020-12-17,5.7,3.8,7.2,0,118780,20201217,11.878
2020-12-18,7.7,6.1,10.8,0,116974,20201218,11.6974
2020-12-19,4.4,2.8,6.3,0,114849,20201219,11.4849
2020-12-20,6.8,3.6,7.9,0,110750,20201220,11.075
2020-12-21,7.9,6.4,10.2,0,107597,20201221,10.7597
2020-12-22,8.9,6,13.1,0,106432,20201222,10.6432
2020-12-23,10.1,4.5,15,0,110012,20201223,11.0012
2020-12-24,10.5,8,13.5,0,116540,20201224,11.654
2020-12-25,6.8,4.8,10,0,120169,20201225,12.0169
2020-12-26,7.4,3.8,10.6,0,119984,20201226,11.9984
2020-12-27,10.1,8.1,11.5,14.4,112665,20201227,11.2665
2020-12-28,11.4,8.3,14.5,0,107485,20201228,10.7485
2020-12-29,9.6,3,14.6,5.4,105574,20201229,10.5574
2020-12-30,0.9,-1.4,4.3,4.3,99718,20201230,9.9718
2020-12-31,2.9,-0.3,4.6,3.8,110439,20201231,11.0439
2021-01-01,5.5,4,7.2,0,85340,20210101,8.534
2021-01-02,5.9,2.8,8.4,0,89464,20210102,8.9464
2021-01-03,4.5,2.7,6.3,0,82579,20210103,8.2579
2021-01-04,5.9,2.2,9.2,0,76111,20210104,7.6111
2021-01-05,5.6,2.6,9,0,73574,20210105,7.3574
2021-01-06,4,1.7,5.6,0.6,74298,20210106,7.4298
2021-01-07,-1.1,-3.1,4.4,7.9,61400,20210107,6.14
2021-01-08,-1.1,-2.7,1,6.1,59682,20210108,5.9682
2021-01-09,1.2,-2.1,3.1,0.9,70196,20210109,7.0196
2021-01-10,3.6,0.8,5.1,0,72674,20210110,7.2674
2021-01-11,3.4,1.5,5.1,10.8,79510,20210111,7.951
2021-01-12,4.7,2.6,6.4,1.2,84539,20210112,8.4539
2021-01-13,10,5.2,13.6,0,90674,20210113,9.0674
2021-01-14,10.8,7.9,15.4,0,96243,20210114,9.6243
2021-01-15,12.1,7.7,18.2,0,102322,20210115,10.2322
2021-01-16,5.1,2.8,8.6,0,105298,20210116,10.5298
2021-01-17,3.1,1.2,4.4,2,105707,20210117,10.5707
2021-01-18,6.6,3.1,9.9,0,106995,20210118,10.6995
2021-01-19,4,2,6.3,0,108734,20210119,10.8734
2021-01-20,9.2,3.8,15.9,0,109498,20210120,10.9498
2021-01-21,12.6,7.3,17.9,0.5,111514,20210121,11.1514
2021-01-22,12.7,11.5,14.5,8.2,115472,20210122,11.5472
2021-01-23,12.5,11.1,13.5,57.8,117397,20210123,11.7397
2021-01-24,11.8,10.4,13.6,0.2,121754,20210124,12.1754
2021-01-25,12.6,11.3,15.3,0,120743,20210125,12.0743
2021-01-26,10.4,8.8,12.8,19.7,119840,20210126,11.984
2021-01-27,7.6,5.8,10,0,123484,20210127,12.3484
2021-01-28,6.2,0.4,10.6,0.5,124712,20210128,12.4712
2021-01-29,2.5,0.3,5.3,0.2,132212,20210129,13.2212
2021-01-30,7.8,2.2,11.7,0,134964,20210130,13.4964
2021-01-31,10.7,5.6,14.9,0,133108,20210131,13.3108
2021-02-01,11.6,9.8,15.8,22.4,96946,20210201,9.6946
2021-02-02,4.2,2.9,10,0,98105,20210202,9.8105
2021-02-03,5.8,3.6,8.6,0,102400,20210203,10.24
2021-02-04,6.4,3.6,9.5,0.1,105777,20210204,10.5777
2021-02-05,7.1,2.2,9.9,0,112938,20210205,11.2938
2021-02-06,10.6,7.5,14.6,0,119108,20210206,11.9108
2021-02-07,11,7.5,15.1,0,120600,20210207,12.06
2021-02-08,4.1,2.3,7.5,0,116308,20210208,11.6308
2021-02-09,4.8,2.9,7.8,0,116196,20210209,11.6196
2021-02-10,7,3.1,10.9,0,130722,20210210,13.0722
2021-02-11,9.7,6,13,0,149782,20210211,14.9782
2021-02-12,12.2,10.2,14.1,0,165442,20210212,16.5442
2021-02-13,13,10.1,16.3,0,164486,20210213,16.4486
2021-02-14,13.3,10.8,16,2.4,148194,20210214,14.8194
2021-02-15,7.5,3.5,12.4,0,133382,20210215,13.3382
2021-02-16,5.7,3.3,9.1,0,132699,20210216,13.2699
2021-02-17,1.3,-1.2,3.8,0.9,129658,20210217,12.9658
2021-02-18,2.5,-1,3.8,1.9,134897,20210218,13.4897
2021-02-19,8.5,2.8,13.4,0,147928,20210219,14.7928
2021-02-20,15.6,11.7,17.7,0,154910,20210220,15.491
2021-02-21,18.9,16.4,23.7,0,158336,20210221,15.8336
2021-02-22,15.3,8.7,23.4,0,158624,20210222,15.8624
2021-02-23,7.5,5,10.6,0,157280,20210223,15.728
2021-02-24,9.9,5.2,13.2,0,157213,20210224,15.7213
2021-02-25,11.6,9.8,15.2,19.6,155372,20210225,15.5372
2021-02-26,11.2,9.8,13,5.4,157745,20210226,15.7745
2021-02-27,11.4,10.8,12.6,0,170114,20210227,17.0114
2021-02-28,14.4,11.3,17.1,0.1,171510,20210228,17.151
2021-03-01,15.5,7.8,21.9,11.2,132307,20210301,13.2307
2021-03-02,7.5,6.2,9.8,0,122059,20210302,12.2059
2021-03-03,9.2,4.8,12.8,0,114107,20210303,11.4107
2021-03-04,10.9,9.2,12,26.9,115300,20210304,11.53
2021-03-05,11.9,10.7,14.2,0.1,126168,20210305,12.6168
2021-03-06,11.3,9.2,14.2,0,132920,20210306,13.292
2021-03-07,10.1,9.1,11.1,0,135947,20210307,13.5947
2021-03-08,10.4,8.7,12.7,0,135048,20210308,13.5048
2021-03-09,10.6,7.9,13.5,0,133917,20210309,13.3917
2021-03-10,11.5,7,16.5,0,135692,20210310,13.5692
2021-03-11,14.1,10.9,19,7.6,139506,20210311,13.9506
2021-03-12,11.3,10.3,13.4,14.2,147056,20210312,14.7056
2021-03-13,11.7,9.4,14.7,0,158403,20210313,15.8403
2021-03-14,11.4,8.5,15.2,0,161679,20210314,16.1679
2021-03-15,13.9,7.9,19.2,0,157294,20210315,15.7294
2021-03-16,12.6,7.9,19.1,3.1,150955,20210316,15.0955
2021-03-17,11.3,6.3,15.7,0,149614,20210317,14.9614
2021-03-18,13.7,10.8,17.1,0,152862,20210318,15.2862
2021-03-19,14.2,12.9,16.2,6.2,161766,20210319,16.1766
2021-03-20,12.8,9.6,15.7,7.6,168178,20210320,16.8178
2021-03-21,9.2,7.3,12.5,0,173936,20210321,17.3936
2021-03-22,9.8,6.4,12.8,0,174752,20210322,17.4752
2021-03-23,12.3,9,16.5,0,173012,20210323,17.3012
2021-03-24,13.3,8.8,17.3,0,175942,20210324,17.5942
2021-03-25,14.1,11.6,17.7,0,184205,20210325,18.4205
2021-03-26,14.6,9.7,21.2,0,189651,20210326,18.9651
2021-03-27,17.5,12.2,21.5,4.2,186823,20210327,18.6823
2021-03-28,14.5,12.7,17.5,0,185188,20210328,18.5188
2021-03-29,15.2,12,17.8,0,177758,20210329,17.7758
2021-03-30,14.3,11.4,19.1,0,169491,20210330,16.9491
2021-03-31,16.2,12.1,20.6,0,167426,20210331,16.7426
2021-04-01,15.2,13.8,17.5,8.8,130823,20210401,13.0823
2021-04-02,17.2,13.8,19.9,9.8,141771,20210402,14.1771
2021-04-03,18,13,22.8,0,149919,20210403,14.9919
2021-04-04,11.4,10.8,13.2,5.2,152730,20210404,15.273
2021-04-05,12.6,10.6,14.6,4.1,148768,20210405,14.8768
2021-04-06,13.9,11.3,17.4,0,149240,20210406,14.924
2021-04-07,14.8,11.2,18.3,0,152548,20210407,15.2548
2021-04-08,14.4,11.2,18.6,0,161448,20210408,16.1448
2021-04-09,13.8,9.7,17.5,0,170496,20210409,17.0496
2021-04-10,14,11.4,17.5,0,177230,20210410,17.723
2021-04-11,16.6,12.2,21.5,0,175742,20210411,17.5742
2021-04-12,16.5,14.3,19.9,16.9,157902,20210412,15.7902
2021-04-13,11.8,8.5,14.4,0,153426,20210413,15.3426
2021-04-14,11,8.2,14.9,0,157276,20210414,15.7276
2021-04-15,13.1,8.6,17.9,0,171444,20210415,17.1444
2021-04-16,15.1,11.1,19.7,0,180744,20210416,18.0744
2021-04-17,13.7,11.3,16.3,0,188678,20210417,18.8678
2021-04-18,13,11.1,16.5,0,187800,20210418,18.78
2021-04-19,14.5,9.9,19.1,0,180173,20210419,18.0173
2021-04-20,14.8,10.3,18.5,0,169862,20210420,16.9862
2021-04-21,17.5,12.3,22.8,0,166358,20210421,16.6358
2021-04-22,21,16.8,25.9,0,173285,20210422,17.3285
2021-04-23,19.3,16.5,25,0,181220,20210423,18.122
2021-04-24,17.5,15.9,21.9,0,190918,20210424,19.0918
2021-04-25,16.9,14.7,20.7,0,193697,20210425,19.3697
2021-04-26,16.5,13.5,20.9,0,184118,20210426,18.4118
2021-04-27,17.1,14,21.5,0.8,173428,20210427,17.3428
2021-04-28,17,14.9,19.5,0,169477,20210428,16.9477
2021-04-29,18.8,14.7,23.3,0,175483,20210429,17.5483
2021-04-30,16.3,11.3,19.9,13.2,183281,20210430,18.3281
2021-05-01,13.3,11.5,16.3,10.1,165700,20210501,16.57
2021-05-02,13.8,10.9,16.7,0,168662,20210502,16.8662
2021-05-03,15,9.4,18.9,0,156062,20210503,15.6062
2021-05-04,19,15.1,23.1,12.8,146506,20210504,14.6506
2021-05-05,17.1,12.9,22.6,0,166380,20210505,16.638
2021-05-06,18.4,13.1,23.4,0,162050,20210506,16.205
2021-05-07,19.5,14.4,26.6,0,167766,20210507,16.7766
2021-05-08,18.3,12.7,25.3,0,172774,20210508,17.2774
2021-05-09,18.9,14.9,23.9,0,168196,20210509,16.8196
2021-05-10,20.3,17.3,23.4,0,160122,20210510,16.0122
2021-05-11,18.6,17.4,20.6,0.4,154242,20210511,15.4242
2021-05-12,18.3,16.1,21,0.6,155978,20210512,15.5978
2021-05-13,19.6,17.7,22.2,0,164980,20210513,16.498
2021-05-14,21.5,17.9,26.5,0,170076,20210514,17.0076
2021-05-15,23.7,19.6,30.9,6.1,177562,20210515,17.7562
2021-05-16,23.5,17.4,28.5,22.5,173834,20210516,17.3834
2021-05-17,16.7,15.7,18.8,2.4,166394,20210517,16.6394
2021-05-18,18.6,15.3,22.9,0,169690,20210518,16.969
2021-05-19,19.7,17.2,21.8,0,178560,20210519,17.856
2021-05-20,18.3,15.9,23.4,24.4,174142,20210520,17.4142
2021-05-21,18.2,16.1,21.9,0,182833,20210521,18.2833
2021-05-22,19,17.2,22,0,193781,20210522,19.3781
2021-05-23,19.8,17.3,23.3,0,187698,20210523,18.7698
2021-05-24,19.4,16.1,23.2,3,176522,20210524,17.6522
2021-05-25,20.2,16.1,25,0,170128,20210525,17.0128
2021-05-26,18.8,15.3,25.4,15.6,169032,20210526,16.9032
2021-05-27,19.1,15.5,24,2.8,177030,20210527,17.703
2021-05-28,20.7,16.4,29.2,0,185514,20210528,18.5514
2021-05-29,19.7,16.5,23.8,0,192594,20210529,19.2594
2021-05-30,21.4,16.6,27.7,0,190141,20210530,19.0141
2021-05-31,22,19.2,27.5,0,174982,20210531,17.4982
