date,Original,Predicted
2018-01-01,135138,129485
2018-01-02,125122,127564
2018-01-03,122070,127018
2018-01-04,123266,130409
2018-01-05,126084,136308
2018-01-06,129745,139479
2018-01-07,124834,136663
2018-01-08,124999,130946
2018-01-09,125870,125387
2018-01-10,125548,123979
2018-01-11,111730,124389
2018-01-12,127449,131931
2018-01-13,133861,138227
2018-01-14,137372,135220
2018-01-15,138201,133205
2018-01-16,137172,130022
2018-01-17,140035,131652
2018-01-18,143686,135008
2018-01-19,146783,137626
2018-01-20,154256,138871
2018-01-21,151148,137395
2018-01-22,147374,132017
2018-01-23,146104,119956
2018-01-24,148060,120179
2018-01-25,151470,124066
2018-01-26,152887,129866
2018-01-27,157920,133967
2018-01-28,154836,130750
2018-01-29,149205,124112
2018-01-30,142912,122400
2018-01-31,140402,127000
2018-02-01,109630,129643
2018-02-02,113365,134500
2018-02-03,114303,133519
2018-02-04,104002,127365
2018-02-05,100712,121911
2018-02-06,92046,118864
2018-02-07,101804,123389
2018-02-08,98654,126083
2018-02-09,105654,135359
2018-02-10,108955,139072
2018-02-11,106606,129899
2018-02-12,103954,126037
2018-02-13,109116,124190
2018-02-14,123652,131692
2018-02-15,149870,131754
2018-02-16,168721,135802
2018-02-17,162284,136800
2018-02-18,139426,134761
2018-02-19,120446,130789
2018-02-20,120113,128134
2018-02-21,126574,127933
2018-02-22,134869,129868
2018-02-23,141894,138800
2018-02-24,146430,142066
2018-02-25,144714,137554
2018-02-26,139433,130089
2018-02-27,135408,129991
2018-02-28,135772,120201
2018-03-01,127659,131379
2018-03-02,135454,135588
2018-03-03,137330,142906
2018-03-04,122364,144085
2018-03-05,108398,125851
2018-03-06,105525,129778
2018-03-07,104965,127252
2018-03-08,107090,128756
2018-03-09,117915,135810
2018-03-10,129756,140837
2018-03-11,128090,136416
2018-03-12,120292,133015
2018-03-13,118352,134090
2018-03-14,121380,139408
2018-03-15,129706,138751
2018-03-16,137312,138918
2018-03-17,148092,142110
2018-03-18,144942,140995
2018-03-19,137375,132626
2018-03-20,130914,125663
2018-03-21,134866,124155
2018-03-22,145498,131644
2018-03-23,153615,138753
2018-03-24,159324,144489
2018-03-25,154480,140697
2018-03-26,147707,135950
2018-03-27,145198,134004
2018-03-28,148736,137332
2018-03-29,154574,140189
2018-03-30,160800,145131
2018-03-31,164826,149341
2018-04-01,123154,145620
2018-04-02,117229,139924
2018-04-03,119014,136648
2018-04-04,125909,139372
2018-04-05,134344,142670
2018-04-06,143654,134303
2018-04-07,148351,140826
2018-04-08,142684,140249
2018-04-09,135384,136650
2018-04-10,133886,139085
2018-04-11,139870,138750
2018-04-12,145820,139590
2018-04-13,154060,146151
2018-04-14,156852,144418
2018-04-15,150636,138668
2018-04-16,141362,134721
2018-04-17,137823,134336
2018-04-18,141365,134961
2018-04-19,148092,139274
2018-04-20,156688,146573
2018-04-21,162158,151020
2018-04-22,152736,145939
2018-04-23,141480,132419
2018-04-24,141078,127288
2018-04-25,148376,135689
2018-04-26,157892,139580
2018-04-27,167618,145442
2018-04-28,170492,149077
2018-04-29,166796,145544
2018-04-30,156457,140879
2018-05-01,128594,138916
2018-05-02,123560,137006
2018-05-03,126024,138997
2018-05-04,139538,145546
2018-05-05,153584,152939
2018-05-06,154287,143760
2018-05-07,137851,136133
2018-05-08,124758,135395
2018-05-09,121992,137523
2018-05-10,131184,140485
2018-05-11,140396,147256
2018-05-12,141484,155317
2018-05-13,136829,135431
2018-05-14,134768,140282
2018-05-15,138016,140377
2018-05-16,143524,144557
2018-05-17,147116,149587
2018-05-18,151210,149865
2018-05-19,157052,149531
2018-05-20,160800,143842
2018-05-21,155491,139369
2018-05-22,144266,137818
2018-05-23,132562,136953
2018-05-24,134036,142683
2018-05-25,143196,148540
2018-05-26,150944,148552
2018-05-27,148190,145993
2018-05-28,142674,140251
2018-05-29,143700,137881
2018-05-30,148344,142269
2018-05-31,149530,142826
2018-06-01,131852,149976
2018-06-02,136892,154107
2018-06-03,136154,148771
2018-06-04,129206,143950
2018-06-05,131912,132866
2018-06-06,137165,141884
2018-06-07,134578,145379
2018-06-08,136101,149733
2018-06-09,146590,153334
2018-06-10,140486,147533
2018-06-11,133136,136028
2018-06-12,131828,139109
2018-06-13,135734,141044
2018-06-14,134456,145906
2018-06-15,139650,150602
2018-06-16,149482,152324
2018-06-17,144000,147123
2018-06-18,138068,144007
2018-06-19,136752,135514
2018-06-20,142457,142664
2018-06-21,147836,145994
2018-06-22,153930,152334
2018-06-23,158095,154949
2018-06-24,155456,151090
2018-06-25,154007,145273
2018-06-26,154231,147019
2018-06-27,156786,144562
2018-06-28,156107,141766
2018-06-29,154242,152027
2018-06-30,148603,147111
2018-07-01,113981,153529
2018-07-02,103674,148119
2018-07-03,105217,143342
2018-07-04,119220,146526
2018-07-05,128702,149321
2018-07-06,134712,145665
2018-07-07,141530,154153
2018-07-08,142219,148066
2018-07-09,140556,145469
2018-07-10,141295,146176
2018-07-11,147133,149968
2018-07-12,153566,152291
2018-07-13,156930,156041
2018-07-14,160548,158934
2018-07-15,156814,154065
2018-07-16,152509,148581
2018-07-17,151980,146155
2018-07-18,152310,149154
2018-07-19,153468,151771
2018-07-20,153696,158368
2018-07-21,159030,159761
2018-07-22,156356,156613
2018-07-23,151372,150415
2018-07-24,151952,148014
2018-07-25,156446,150146
2018-07-26,160436,152943
2018-07-27,169214,158286
2018-07-28,180918,161358
2018-07-29,188318,156058
2018-07-30,193074,150244
2018-07-31,199472,147497
2018-08-01,173338,150349
2018-08-02,177849,152690
2018-08-03,179602,158040
2018-08-04,181072,161341
2018-08-05,174552,156376
2018-08-06,170296,151262
2018-08-07,166918,148620
2018-08-08,165806,150652
2018-08-09,164566,153244
2018-08-10,168378,158742
2018-08-11,173173,159554
2018-08-12,170506,148909
2018-08-13,168658,151876
2018-08-14,173302,148987
2018-08-15,172991,149661
2018-08-16,169785,149923
2018-08-17,170527,153972
2018-08-18,174948,157416
2018-08-19,166201,153809
2018-08-20,162855,149604
2018-08-21,160244,147053
2018-08-22,142020,141860
2018-08-23,115440,100830
2018-08-24,153601,156127
2018-08-25,153072,156027
2018-08-26,154900,152799
2018-08-27,162172,148732
2018-08-28,168476,146178
2018-08-29,171675,147844
2018-08-30,171594,150752
2018-08-31,167058,159215
2018-09-01,136829,155281
2018-09-02,133872,149981
2018-09-03,129066,146873
2018-09-04,128282,143168
2018-09-05,131120,146656
2018-09-06,137092,149311
2018-09-07,143154,150893
2018-09-08,149482,153816
2018-09-09,143756,149362
2018-09-10,136490,143438
2018-09-11,134729,140791
2018-09-12,139520,143988
2018-09-13,139853,122391
2018-09-14,144389,154150
2018-09-15,143171,156160
2018-09-16,134267,151661
2018-09-17,126140,144164
2018-09-18,120085,142616
2018-09-19,117082,144166
2018-09-20,114762,146701
2018-09-21,125198,151506
2018-09-22,151879,154761
2018-09-23,180904,149101
2018-09-24,199556,143112
2018-09-25,188416,139460
2018-09-26,162603,142351
2018-09-27,143689,144645
2018-09-28,137504,150212
2018-09-29,139524,151883
2018-09-30,137025,147342
2018-10-01,106914,141805
2018-10-02,109812,138615
2018-10-03,111062,139283
2018-10-04,105536,143724
2018-10-05,88778,92296
2018-10-06,92750,146097
2018-10-07,115398,146222
2018-10-08,125720,139223
2018-10-09,134796,138673
2018-10-10,135034,138706
2018-10-11,139450,139129
2018-10-12,148452,143934
2018-10-13,151711,145815
2018-10-14,147494,143911
2018-10-15,141134,139450
2018-10-16,142734,132614
2018-10-17,150370,136457
2018-10-18,154612,139068
2018-10-19,158946,143905
2018-10-20,159033,146303
2018-10-21,152201,142454
2018-10-22,143112,137176
2018-10-23,143042,135463
2018-10-24,147710,136809
2018-10-25,151868,139221
2018-10-26,155166,145581
2018-10-27,157815,146043
2018-10-28,152044,143090
2018-10-29,143126,137179
2018-10-30,138946,131985
2018-10-31,141494,133088
2018-11-01,121544,135712
2018-11-02,133206,141985
2018-11-03,138254,145659
2018-11-04,132150,139633
2018-11-05,122451,134666
2018-11-06,120050,133707
2018-11-07,122602,137568
2018-11-08,126574,136870
2018-11-09,134970,142744
2018-11-10,139016,143338
2018-11-11,132674,139364
2018-11-12,122276,133341
2018-11-13,117523,130808
2018-11-14,120449,132956
2018-11-15,124362,138200
2018-11-16,133994,141831
2018-11-17,142688,142937
2018-11-18,135618,137589
2018-11-19,122626,132678
2018-11-20,114310,129513
2018-11-21,113572,132627
2018-11-22,121800,131821
2018-11-23,134141,137905
2018-11-24,139996,143326
2018-11-25,134596,138053
2018-11-26,123456,133967
2018-11-27,117719,130557
2018-11-28,118584,132366
2018-11-29,125097,134090
2018-11-30,129924,140221
2018-12-01,113012,144078
2018-12-02,106194,143114
2018-12-03,95277,137134
2018-12-04,91959,127174
2018-12-05,95288,129958
2018-12-06,104111,129082
2018-12-07,109221,130209
2018-12-08,116854,134233
2018-12-09,114226,129875
2018-12-10,104272,127382
2018-12-11,100230,123370
2018-12-12,100670,125545
2018-12-13,107023,130901
2018-12-14,114408,133727
2018-12-15,122157,136017
2018-12-16,119924,133874
2018-12-17,115630,130318
2018-12-18,116456,126963
2018-12-19,113281,133633
2018-12-20,111268,129901
2018-12-21,117778,142743
2018-12-22,132738,142315
2018-12-23,137480,133563
2018-12-24,137389,125974
2018-12-25,136052,125295
2018-12-26,134736,129034
2018-12-27,136878,123292
2018-12-28,142664,129980
2018-12-29,156198,134259
2018-12-30,164535,129263
2018-12-31,167150,124999
2019-01-01,132360,123302
2019-01-02,123428,125512
2019-01-03,120036,127218
2019-01-04,122280,132540
2019-01-05,127988,137816
2019-01-06,123669,131340
2019-01-07,120620,125747
2019-01-08,123372,124258
2019-01-09,126620,125290
2019-01-10,130536,130503
2019-01-11,134575,136343
2019-01-12,141810,139211
2019-01-13,140648,133672
2019-01-14,138257,127349
2019-01-15,140364,124665
2019-01-16,141673,123871
2019-01-17,143787,129382
2019-01-18,147284,134014
2019-01-19,158554,139638
2019-01-20,147546,131000
2019-01-21,144274,126818
2019-01-22,140896,126052
2019-01-23,144095,128190
2019-01-24,150311,128662
2019-01-25,148564,132565
2019-01-26,152117,135567
2019-01-27,149062,131502
2019-01-28,143398,127797
2019-01-29,139363,124175
2019-01-30,134858,128720
2019-01-31,133889,123834
2019-02-01,110862,133635
2019-02-02,134684,140847
2019-02-03,157804,136636
2019-02-04,170132,127158
2019-02-05,170065,126920
2019-02-06,147178,131652
2019-02-07,129392,127454
2019-02-08,127757,131891
2019-02-09,129514,134317
2019-02-10,125864,129275
2019-02-11,125548,124730
2019-02-12,128037,124046
2019-02-13,132783,127537
2019-02-14,135968,128636
2019-02-15,136994,135787
2019-02-16,140777,134758
2019-02-17,140217,130283
2019-02-18,136546,127767
2019-02-19,135576,123900
2019-02-20,138054,127467
2019-02-21,140472,130882
2019-02-22,143622,136544
2019-02-23,148782,140187
2019-02-24,149670,137101
2019-02-25,143073,129294
2019-02-26,142796,127011
2019-02-27,145026,131732
2019-02-28,152740,133791
2019-03-01,148883,138222
2019-03-02,147126,142330
2019-03-03,132811,137745
2019-03-04,122829,130559
2019-03-05,116088,129664
2019-03-06,118374,128532
2019-03-07,124484,131820
2019-03-08,133021,137295
2019-03-09,141054,140680
2019-03-10,137942,133237
2019-03-11,134351,130265
2019-03-12,138166,127955
2019-03-13,129213,129111
2019-03-14,133284,132929
2019-03-15,140444,137638
2019-03-16,148876,141301
2019-03-17,146979,137992
2019-03-18,140746,131239
2019-03-19,137627,130322
2019-03-20,140182,136848
2019-03-21,144228,130121
2019-03-22,155841,136468
2019-03-23,155592,139709
2019-03-24,164328,134058
2019-03-25,152026,130917
2019-03-26,152684,133603
2019-03-27,156030,136780
2019-03-28,159810,138725
2019-03-29,164801,142743
2019-03-30,167290,142417
2019-03-31,161581,134666
2019-04-01,114996,132033
2019-04-02,115776,128724
2019-04-03,123616,131338
2019-04-04,129444,135698
2019-04-05,136944,143308
2019-04-06,141558,145359
2019-04-07,136367,141739
2019-04-08,128132,136058
2019-04-09,119693,132641
2019-04-10,130742,129246
2019-04-11,132097,135932
2019-04-12,141326,141679
2019-04-13,146776,145483
2019-04-14,138996,140390
2019-04-15,130095,134094
2019-04-16,124646,133154
2019-04-17,126994,137282
2019-04-18,134309,139779
2019-04-19,141652,145076
2019-04-20,146486,149364
2019-04-21,141078,144921
2019-04-22,133550,139796
2019-04-23,130011,134296
2019-04-24,136888,139401
2019-04-25,144739,140481
2019-04-26,152089,140675
2019-04-27,156796,146105
2019-04-28,156986,142698
2019-04-29,144280,134684
2019-04-30,143238,134755
2019-05-01,127810,135601
2019-05-02,131302,141277
2019-05-03,142734,148841
2019-05-04,158616,151453
2019-05-05,157962,146362
2019-05-06,140287,137420
2019-05-07,125268,134431
2019-05-08,122258,138414
2019-05-09,127026,142080
2019-05-10,134614,147170
2019-05-11,136395,149987
2019-05-12,130543,146581
2019-05-13,127316,141733
2019-05-14,129972,140050
2019-05-15,138831,142086
2019-05-16,143801,147387
2019-05-17,146160,147734
2019-05-18,141127,150141
2019-05-19,135916,147892
2019-05-20,132240,139515
2019-05-21,133763,138896
2019-05-22,139825,145217
2019-05-23,143952,150315
2019-05-24,146556,158330
2019-05-25,148018,155731
2019-05-26,140682,151677
2019-05-27,138019,140614
2019-05-28,130918,139036
2019-05-29,135548,143768
2019-05-30,136980,146305
2019-05-31,142275,147707
2019-06-01,127614,151887
2019-06-02,127064,147041
2019-06-03,120474,143124
2019-06-04,122230,140887
2019-06-05,132380,144912
2019-06-06,139006,146090
2019-06-07,143132,147995
2019-06-08,157832,152890
2019-06-09,135786,148754
2019-06-10,126252,141852
2019-06-11,123882,140452
2019-06-12,127334,142603
2019-06-13,132038,145843
2019-06-14,134120,142818
2019-06-15,150836,153814
2019-06-16,136633,149270
2019-06-17,130032,144297
2019-06-18,124422,142460
2019-06-19,128933,144922
2019-06-20,134960,148187
2019-06-21,141894,153203
2019-06-22,148670,155635
2019-06-23,147854,148723
2019-06-24,144582,145132
2019-06-25,153150,144692
2019-06-26,143038,129175
2019-06-27,140928,149055
2019-06-28,140102,155579
2019-06-29,134694,158002
2019-06-30,130946,152116
2019-07-01,108994,146882
2019-07-02,124201,144641
2019-07-03,123330,146375
2019-07-04,130462,148197
2019-07-05,143272,154488
2019-07-06,137112,158220
2019-07-07,132888,152426
2019-07-08,136000,146175
2019-07-09,134218,143666
2019-07-10,146146,127338
2019-07-11,144557,149511
2019-07-12,145110,155539
2019-07-13,151088,154754
2019-07-14,150888,154300
2019-07-15,146909,148907
2019-07-16,144690,147169
2019-07-17,145148,148083
2019-07-18,145876,148049
2019-07-19,138974,122512
2019-07-20,136972,152829
2019-07-21,149499,157412
2019-07-22,153528,130318
2019-07-23,173152,150382
2019-07-24,170314,152685
2019-07-25,181304,155267
2019-07-26,174153,160540
2019-07-27,182584,160861
2019-07-28,185784,160379
2019-07-29,187628,154170
2019-07-30,191292,151909
2019-07-31,197757,154625
2019-08-01,167612,157237
2019-08-02,175766,162487
2019-08-03,182500,165564
2019-08-04,187460,159311
2019-08-05,182808,153302
2019-08-06,169642,151566
2019-08-07,167150,154197
2019-08-08,164854,159356
2019-08-09,163678,163677
2019-08-10,163082,166460
2019-08-11,165154,155910
2019-08-12,170520,152479
2019-08-13,167990,153236
2019-08-14,173166,154043
2019-08-15,179445,156728
2019-08-16,181216,160576
2019-08-17,181118,165081
2019-08-18,173114,158889
2019-08-19,168651,152258
2019-08-20,167930,150369
2019-08-21,176953,153392
2019-08-22,172102,156165
2019-08-23,172711,161112
2019-08-24,175032,164575
2019-08-25,172389,157922
2019-08-26,170852,152608
2019-08-27,170541,133954
2019-08-28,172406,145421
2019-08-29,171350,140226
2019-08-30,172952,160103
2019-08-31,168878,162358
2019-09-01,128314,150768
2019-09-02,117078,146263
2019-09-03,111447,147179
2019-09-04,111304,142909
2019-09-05,105788,153706
2019-09-06,105396,149674
2019-09-07,75436,159155
2019-09-08,89212,154012
2019-09-09,109092,148818
2019-09-10,120988,152163
2019-09-11,139366,151778
2019-09-12,167069,154800
2019-09-13,193410,159212
2019-09-14,186025,162437
2019-09-15,157588,157768
2019-09-16,140662,151879
2019-09-17,138761,149110
2019-09-18,147210,149769
2019-09-19,156954,153125
2019-09-20,157500,158340
2019-09-21,142107,130720
2019-09-22,109074,131086
2019-09-23,146444,148188
2019-09-24,139790,144511
2019-09-25,175847,149422
2019-09-26,173369,153433
2019-09-27,166341,153348
2019-09-28,164784,163053
2019-09-29,166866,157824
2019-09-30,156604,146945
2019-10-01,116319,142278
2019-10-02,90167,128588
2019-10-03,120438,153973
2019-10-04,138047,159047
2019-10-05,155358,159882
2019-10-06,154637,154203
2019-10-07,144949,150569
2019-10-08,148572,146006
2019-10-09,154234,145354
2019-10-10,155208,149919
2019-10-11,156208,157873
2019-10-12,160706,160209
2019-10-13,152478,153714
2019-10-14,147500,147126
2019-10-15,150874,143547
2019-10-16,159100,146362
2019-10-17,164290,151119
2019-10-18,168514,154902
2019-10-19,169586,159057
2019-10-20,161546,154032
2019-10-21,155362,148678
2019-10-22,156961,147879
2019-10-23,161486,149693
2019-10-24,166530,151640
2019-10-25,170530,157061
2019-10-26,170114,155647
2019-10-27,161497,150739
2019-10-28,153741,144702
2019-10-29,152988,144603
2019-10-30,164745,145244
2019-10-31,159404,148064
2019-11-01,138950,155137
2019-11-02,145187,157889
2019-11-03,138562,152471
2019-11-04,130056,146821
2019-11-05,128548,144239
2019-11-06,133732,145039
2019-11-07,144330,147769
2019-11-08,157496,150570
2019-11-09,152008,154012
2019-11-10,147749,150143
2019-11-11,144848,146979
2019-11-12,148096,141709
2019-11-13,137154,144348
2019-11-14,150584,143552
2019-11-15,161388,149114
2019-11-16,158280,155723
2019-11-17,150958,155752
2019-11-18,137064,138208
2019-11-19,130386,138296
2019-11-20,133343,139890
2019-11-21,139094,145941
2019-11-22,148078,154435
2019-11-23,164717,158882
2019-11-24,155519,153258
2019-11-25,138786,139144
2019-11-26,132528,140959
2019-11-27,152478,139885
2019-11-28,142093,143473
2019-11-29,156608,148157
2019-11-30,149916,152661
2019-12-01,127428,145071
2019-12-02,110145,141086
2019-12-03,106911,138483
2019-12-04,119872,141605
2019-12-05,117932,142212
2019-12-06,135527,143188
2019-12-07,143234,149604
2019-12-08,152103,146125
2019-12-09,135418,141084
2019-12-10,123816,140665
2019-12-11,123886,142551
2019-12-12,149842,142661
2019-12-13,141886,147040
2019-12-14,144798,151985
2019-12-15,141806,148832
2019-12-16,147140,145949
2019-12-17,134463,141338
2019-12-18,148620,140200
2019-12-19,142121,142126
2019-12-20,155281,147545
2019-12-21,162120,150461
2019-12-22,150832,147196
2019-12-23,147578,140827
2019-12-24,150518,138128
2019-12-25,153450,142955
2019-12-26,160122,142471
2019-12-27,166456,147453
2019-12-28,175858,150309
2019-12-29,170919,146603
2019-12-30,170930,144705
2019-12-31,170905,131145
2020-01-01,145506,137553
2020-01-02,146048,143979
2020-01-03,145733,148948
2020-01-04,147774,150137
2020-01-05,142499,146889
2020-01-06,139934,146204
2020-01-07,138562,146957
2020-01-08,144865,138012
2020-01-09,150423,143022
2020-01-10,155550,148553
2020-01-11,160930,151757
2020-01-12,158854,146299
2020-01-13,155603,139842
2020-01-14,154136,134486
2020-01-15,157476,138433
2020-01-16,158564,142078
2020-01-17,160346,147402
2020-01-18,160402,150323
2020-01-19,152814,148045
2020-01-20,145915,141032
2020-01-21,136216,137468
2020-01-22,135440,140174
2020-01-23,146209,146538
2020-01-24,185402,153175
2020-01-25,212772,155601
2020-01-26,193683,149097
2020-01-27,155992,132375
2020-01-28,142566,141211
2020-01-29,133014,143172
2020-01-30,127785,144364
2020-01-31,127351,149544
2020-02-01,120806,152584
2020-02-02,98970,146335
2020-02-03,92001,140355
2020-02-04,88238,136764
2020-02-05,85816,135457
2020-02-06,102742,139913
2020-02-07,89330,147929
2020-02-08,93107,151544
2020-02-09,92428,146020
2020-02-10,90132,144528
2020-02-11,90118,142398
2020-02-12,89082,146565
2020-02-13,98514,148786
2020-02-14,105864,155744
2020-02-15,116106,159523
2020-02-16,112168,140628
2020-02-17,119035,136765
2020-02-18,123921,136880
2020-02-19,127820,140338
2020-02-20,131789,146940
2020-02-21,134673,154673
2020-02-22,133718,155528
2020-02-23,127596,147262
2020-02-24,135384,146019
2020-02-25,110915,147864
2020-02-26,106477,147164
2020-02-27,104850,147094
2020-02-28,103856,153303
2020-02-29,103852,155368
2020-03-01,68985,151955
2020-03-02,73966,142852
2020-03-03,76450,142575
2020-03-04,79586,143018
2020-03-05,82418,142994
2020-03-06,85900,149833
2020-03-07,85550,155883
2020-03-08,84735,153014
2020-03-09,83898,144356
2020-03-10,82176,137379
2020-03-11,88928,143716
2020-03-12,93940,147205
2020-03-13,115521,154363
2020-03-14,104156,154738
2020-03-15,98679,151724
2020-03-16,98140,142352
2020-03-17,97419,144517
2020-03-18,98388,150121
2020-03-19,99883,149574
2020-03-20,103271,155557
2020-03-21,105490,163582
2020-03-22,103138,154984
2020-03-23,103562,148248
2020-03-24,101244,146082
2020-03-25,123932,151953
2020-03-26,97104,151983
2020-03-27,98004,152763
2020-03-28,100534,156030
2020-03-29,101020,153276
2020-03-30,96502,149771
2020-03-31,95498,147209
2020-04-01,59538,146679
2020-04-02,67686,150903
2020-04-03,70186,156521
2020-04-04,72905,157271
2020-04-05,69657,151012
2020-04-06,66570,147223
2020-04-07,66118,146847
2020-04-08,66507,148664
2020-04-09,69646,151386
2020-04-10,73731,157632
2020-04-11,76804,154062
2020-04-12,76062,148387
2020-04-13,75341,148662
2020-04-14,78978,147865
2020-04-15,78858,150057
2020-04-16,78995,154693
2020-04-17,82310,159403
2020-04-18,87066,160022
2020-04-19,79972,152776
2020-04-20,81638,149829
2020-04-21,83128,146877
2020-04-22,87756,147598
2020-04-23,90038,150877
2020-04-24,117064,158292
2020-04-25,106120,166813
2020-04-26,107401,156164
2020-04-27,105784,151639
2020-04-28,108388,149771
2020-04-29,123154,152744
2020-04-30,145992,158600
2020-05-01,136787,165705
2020-05-02,140312,167310
2020-05-03,129752,161727
2020-05-04,110736,154936
2020-05-05,97632,150386
2020-05-06,85992,156358
2020-05-07,83408,157136
2020-05-08,85564,166031
2020-05-09,87304,168043
2020-05-10,95042,159886
2020-05-11,100012,153437
2020-05-12,103243,151983
2020-05-13,103428,155295
2020-05-14,102578,160183
2020-05-15,100471,166835
2020-05-16,102865,164972
2020-05-17,105448,159979
2020-05-18,104146,152715
2020-05-19,104895,152639
2020-05-20,129482,154484
2020-05-21,119424,158712
2020-05-22,121152,164650
2020-05-23,125314,169427
2020-05-24,125566,162979
2020-05-25,120460,156206
2020-05-26,118660,154784
2020-05-27,119637,157061
2020-05-28,124086,160171
2020-05-29,127866,166637
2020-05-30,130144,169100
2020-05-31,128720,163204
2020-06-01,99673,157629
2020-06-02,98042,154974
2020-06-03,98178,158900
2020-06-04,108714,162506
2020-06-05,113572,166391
2020-06-06,122006,169512
2020-06-07,121716,166843
2020-06-08,135478,161380
2020-06-09,112777,164284
2020-06-10,105774,163367
2020-06-11,107440,166145
2020-06-12,111783,171118
2020-06-13,113606,171060
2020-06-14,114366,164912
2020-06-15,114394,162108
2020-06-16,111594,160181
2020-06-17,110201,155673
2020-06-18,112805,152706
2020-06-19,125321,165805
2020-06-20,134967,172573
2020-06-21,138194,167752
2020-06-22,134460,160722
2020-06-23,151025,162783
2020-06-24,126018,158954
2020-06-25,147392,163748
2020-06-26,135863,171649
2020-06-27,137546,173653
2020-06-28,135594,168309
2020-06-29,126980,158659
2020-06-30,125258,160245
2020-07-01,105840,162518
2020-07-02,155659,167101
2020-07-03,131236,167214
2020-07-04,136398,172009
2020-07-05,133518,167519
2020-07-06,128996,159874
2020-07-07,128062,154108
2020-07-08,131940,162992
2020-07-09,154528,165557
2020-07-10,147346,171309
2020-07-11,145100,174930
2020-07-12,142814,171340
2020-07-13,144546,165384
2020-07-14,147130,160738
2020-07-15,177044,162538
2020-07-16,158210,166542
2020-07-17,159092,172929
2020-07-18,155502,176954
2020-07-19,151928,175992
2020-07-20,167783,167832
2020-07-21,150196,163077
2020-07-22,148624,168285
2020-07-23,148054,168750
2020-07-24,148886,172745
2020-07-25,153002,176218
2020-07-26,151176,171612
2020-07-27,161665,153413
2020-07-28,151176,166785
2020-07-29,152226,169839
2020-07-30,159173,172530
2020-07-31,173744,177215
2020-08-01,152156,181532
2020-08-02,161662,176158
2020-08-03,162953,170591
2020-08-04,167688,169161
2020-08-05,167776,170888
2020-08-06,169141,175798
2020-08-07,172630,182012
2020-08-08,197911,184692
2020-08-09,172697,178408
2020-08-10,159604,171537
2020-08-11,162421,170297
2020-08-12,167430,173607
2020-08-13,174010,175870
2020-08-14,185098,183111
2020-08-15,197116,183444
2020-08-16,196578,178713
2020-08-17,186543,172517
2020-08-18,178608,170357
2020-08-19,175749,171421
2020-08-20,172963,173930
2020-08-21,175098,179778
2020-08-22,171798,178879
2020-08-23,168452,177645
2020-08-24,159446,172323
2020-08-25,143118,169528
2020-08-26,105858,152054
2020-08-27,162046,175141
2020-08-28,150745,178568
2020-08-29,133732,182301
2020-08-30,132388,177032
2020-08-31,124600,170730
2020-09-01,87342,168845
2020-09-02,69790,134911
2020-09-03,93786,171086
2020-09-04,94070,177204
2020-09-05,93611,175437
2020-09-06,106530,158642
2020-09-07,85036,151866
2020-09-08,96624,168029
2020-09-09,104366,169548
2020-09-10,139041,171675
2020-09-11,117691,175588
2020-09-12,121208,177932
2020-09-13,119987,171393
2020-09-14,120180,167466
2020-09-15,115395,166125
2020-09-16,113292,165209
2020-09-17,114723,163721
2020-09-18,123736,171072
2020-09-19,129524,175747
2020-09-20,129714,172097
2020-09-21,125912,165744
2020-09-22,121614,164067
2020-09-23,120018,166208
2020-09-24,144120,169189
2020-09-25,135128,175203
2020-09-26,134446,176660
2020-09-27,135118,170911
2020-09-28,134424,165740
2020-09-29,140234,163961
2020-09-30,155648,166875
2020-10-01,152712,169290
2020-10-02,159442,174613
2020-10-03,144844,178245
2020-10-04,118713,172360
2020-10-05,101706,163343
2020-10-06,97926,161691
2020-10-07,103632,166855
2020-10-08,119378,168391
2020-10-09,136546,174209
2020-10-10,141180,176526
2020-10-11,137932,171170
2020-10-12,128268,165689
2020-10-13,127040,161482
2020-10-14,131131,165068
2020-10-15,136192,166426
2020-10-16,142835,170201
2020-10-17,149922,173899
2020-10-18,150724,168675
2020-10-19,126564,163343
2020-10-20,146346,161719
2020-10-21,129597,154677
2020-10-22,133248,165449
2020-10-23,199647,169552
2020-10-24,210483,172048
2020-10-25,204840,167571
2020-10-26,167400,160227
2020-10-27,165062,159830
2020-10-28,165580,163516
2020-10-29,172598,164764
2020-10-30,179050,170617
2020-10-31,180102,173110
2020-11-01,142340,169534
2020-11-02,133868,161180
2020-11-03,132938,156476
2020-11-04,135865,158182
2020-11-05,140590,163360
2020-11-06,146198,172114
2020-11-07,152925,174628
2020-11-08,151968,165759
2020-11-09,145320,158595
2020-11-10,143025,156525
2020-11-11,146542,158936
2020-11-12,159300,163485
2020-11-13,165315,168586
2020-11-14,166248,173163
2020-11-15,161268,169271
2020-11-16,153650,163665
2020-11-17,155570,164316
2020-11-18,151642,169614
2020-11-19,147638,167008
2020-11-20,154995,167958
2020-11-21,157135,172316
2020-11-22,150278,165389
2020-11-23,144378,157772
2020-11-24,141265,155272
2020-11-25,140160,159526
2020-11-26,139568,161482
2020-11-27,140310,166859
2020-11-28,138832,167437
2020-11-29,133010,161987
2020-11-30,171444,156607
2020-12-01,104324,152710
2020-12-02,105606,156846
2020-12-03,110400,158792
2020-12-04,115227,163825
2020-12-05,119098,166685
2020-12-06,119175,161377
2020-12-07,111758,158149
2020-12-08,108472,153641
2020-12-09,109312,155721
2020-12-10,114373,161516
2020-12-11,121184,168057
2020-12-12,125758,169263
2020-12-13,126172,160345
2020-12-14,118909,150858
2020-12-15,115504,149046
2020-12-16,114842,152133
2020-12-17,118780,157279
2020-12-18,116974,163489
2020-12-19,114849,163568
2020-12-20,110750,162167
2020-12-21,107597,156337
2020-12-22,106432,153976
2020-12-23,110012,158061
2020-12-24,116540,161676
2020-12-25,120169,162935
2020-12-26,119984,166668
2020-12-27,112665,162674
2020-12-28,107485,160187
2020-12-29,105574,154568
2020-12-30,99718,148173
2020-12-31,110439,154586
2021-01-01,85340,162831
2021-01-02,89464,165791
2021-01-03,82579,159530
2021-01-04,76111,154872
2021-01-05,73574,151817
2021-01-06,74298,153655
2021-01-07,61400,146978
2021-01-08,59682,154965
2021-01-09,70196,161583
2021-01-10,72674,159438
2021-01-11,79510,151221
2021-01-12,84539,151927
2021-01-13,90674,159615
2021-01-14,96243,161949
2021-01-15,102322,168046
2021-01-16,105298,164669
2021-01-17,105707,158751
2021-01-18,106995,156186
2021-01-19,108734,151296
2021-01-20,109498,157100
2021-01-21,111514,164262
2021-01-22,115472,169567
2021-01-23,117397,163481
2021-01-24,121754,167885
2021-01-25,120743,162472
2021-01-26,119840,154407
2021-01-27,123484,157742
2021-01-28,124712,158767
2021-01-29,132212,160429
2021-01-30,134964,168809
2021-01-31,133108,166519
2021-02-01,96946,156725
2021-02-02,98105,149466
2021-02-03,102400,156046
2021-02-04,105777,159397
2021-02-05,112938,166346
2021-02-06,119108,171207
2021-02-07,120600,166747
2021-02-08,116308,154003
2021-02-09,116196,152572
2021-02-10,130722,157339
2021-02-11,149782,163274
2021-02-12,165442,171707
2021-02-13,164486,174446
2021-02-14,148194,169696
2021-02-15,133382,157433
2021-02-16,132699,153693
2021-02-17,129658,152187
2021-02-18,134897,157173
2021-02-19,147928,167195
2021-02-20,154910,178604
2021-02-21,158336,174758
2021-02-22,158624,164322
2021-02-23,157280,156119
2021-02-24,157213,161647
2021-02-25,155372,161494
2021-02-26,157745,170222
2021-02-27,170114,174245
2021-02-28,171510,172086
2021-03-01,132307,164321
2021-03-02,122059,156652
2021-03-03,114107,160948
2021-03-04,115300,161491
2021-03-05,126168,171833
2021-03-06,132920,173712
2021-03-07,135947,168567
2021-03-08,135048,162556
2021-03-09,133917,160171
2021-03-10,135692,162686
2021-03-11,139506,166435
2021-03-12,147056,169022
2021-03-13,158403,174439
2021-03-14,161679,168820
2021-03-15,157294,165656
2021-03-16,150955,160039
2021-03-17,149614,163379
2021-03-18,152862,168721
2021-03-19,161766,173976
2021-03-20,168178,174839
2021-03-21,173936,166929
2021-03-22,174752,162600
2021-03-23,173012,161836
2021-03-24,175942,165903
2021-03-25,184205,169198
2021-03-26,189651,173676
2021-03-27,186823,180491
2021-03-28,185188,172908
2021-03-29,177758,168723
2021-03-30,169491,163681
2021-03-31,167426,168819
2021-04-01,130823,169628
2021-04-02,141771,177192
2021-04-03,149919,181451
2021-04-04,152730,169566
2021-04-05,148768,165675
2021-04-06,149240,164424
2021-04-07,152548,168187
2021-04-08,161448,169943
2021-04-09,170496,175315
2021-04-10,177230,177850
2021-04-11,175742,175158
2021-04-12,157902,166736
2021-04-13,153426,163428
2021-04-14,157276,164068
2021-04-15,171444,168890
2021-04-16,180744,176315
2021-04-17,188678,178443
2021-04-18,187800,172012
2021-04-19,180173,167979
2021-04-20,169862,166430
2021-04-21,166358,170829
2021-04-22,173285,177210
2021-04-23,181220,179839
2021-04-24,190918,181178
2021-04-25,193697,176240
2021-04-26,184118,170033
2021-04-27,173428,168069
2021-04-28,169477,171694
2021-04-29,175483,175517
2021-04-30,183281,176778
2021-05-01,165700,176357
2021-05-02,168662,174212
2021-05-03,156062,169941
2021-05-04,146506,168595
2021-05-05,166380,170626
2021-05-06,162050,175434
2021-05-07,167766,180392
2021-05-08,172774,182009
2021-05-09,168196,178644
2021-05-10,160122,175527
2021-05-11,154242,171473
2021-05-12,155978,173465
2021-05-13,164980,177682
2021-05-14,170076,183821
2021-05-15,177562,186195
2021-05-16,173834,180198
2021-05-17,166394,171804
2021-05-18,169690,170871
2021-05-19,178560,175860
2021-05-20,174142,170548
2021-05-21,182833,181212
2021-05-22,193781,185079
2021-05-23,187698,180837
2021-05-24,176522,174289
2021-05-25,170128,172733
2021-05-26,169032,169494
2021-05-27,177030,176180
2021-05-28,185514,181377
2021-05-29,192594,185766
2021-05-30,190141,181519
2021-05-31,174982,176499
