year,avgTemp,minTemp,maxTemp,rainFall,avgVisitor(10000),ID
2018-01-01,6.4,4,8.8,0,13.5138,20180101
2018-01-02,7,3,10.1,0,12.5122,20180102
2018-01-03,5,3.5,8.4,0,12.207,20180103
2018-01-04,3.9,2.4,4.6,0.6,12.3266,20180104
2018-01-05,5.1,1.9,6.5,4.2,12.6084,20180105
2018-01-06,6.2,4.8,8.7,0,12.9745,20180106
2018-01-07,8.5,4.4,11.5,3.6,12.4834,20180107
2018-01-08,8.7,6.1,11.3,4.1,12.4999,20180108
2018-01-09,4.9,2.8,7,0.4,12.587,20180109
2018-01-10,2.4,-0.5,5.9,3.4,12.5548,20180110
2018-01-11,0,-2.2,1.7,8.3,11.173,20180111
2018-01-12,0.7,-2.3,2.3,1.8,12.7449,20180112
2018-01-13,4.5,1.4,6.9,0,13.3861,20180113
2018-01-14,7.8,3.1,12.9,0,13.7372,20180114
2018-01-15,10.8,7.8,14.4,0,13.8201,20180115
2018-01-16,12.1,8.7,14.4,16.5,13.7172,20180116
2018-01-17,9.5,8.5,11.5,3.8,14.0035,20180117
2018-01-18,8.9,6.3,10.8,0,14.3686,20180118
2018-01-19,6.8,4.3,9.4,0,14.6783,20180119
2018-01-20,6.1,2.8,9.9,0,15.4256,20180120
2018-01-21,8.5,3.9,11.4,0,15.1148,20180121
2018-01-22,9,7.1,10.9,0.7,14.7374,20180122
2018-01-23,2.1,0,7.6,0.3,14.6104,20180123
2018-01-24,-1.2,-2.4,1.2,4.5,14.806,20180124
2018-01-25,-1.9,-2.6,-1.2,0,15.147,20180125
2018-01-26,-1.3,-2.1,-0.4,0.1,15.2887,20180126
2018-01-27,0.9,-1.6,3.6,0,15.792,20180127
2018-01-28,2.6,0.5,4.6,2,15.4836,20180128
2018-01-29,1.8,-0.1,4,1.7,14.9205,20180129
2018-01-30,2.2,-0.2,4.1,1.5,14.2912,20180130
2018-01-31,3.8,2.1,5,0.5,14.0402,20180131
2018-02-01,4.5,3.2,6.8,0,10.963,20180201
2018-02-02,3.8,1.6,6.1,0,11.3365,20180202
2018-02-03,1.4,-0.7,4.9,1.1,11.4303,20180203
2018-02-04,-0.4,-2.3,0.8,5.9,10.4002,20180204
2018-02-05,0.2,-1.7,2.6,3.5,10.0712,20180205
2018-02-06,-0.6,-2.5,0.8,5.7,9.2046,20180206
2018-02-07,0.6,-1.3,1.9,1.7,10.1804,20180207
2018-02-08,2.5,-0.7,6.8,3.1,9.8654,20180208
2018-02-09,6,1.4,11.2,0,10.5654,20180209
2018-02-10,5.8,2.7,7.9,2.2,10.8955,20180210
2018-02-11,2.5,1,5.4,0.8,10.6606,20180211
2018-02-12,2.7,-0.1,4.1,0,10.3954,20180212
2018-02-13,4.9,2.7,8.3,0,10.9116,20180213
2018-02-14,9.8,2.5,15.4,0,12.3652,20180214
2018-02-15,7.1,4.6,10.5,0,14.987,20180215
2018-02-16,6.1,3.9,9.7,0,16.8721,20180216
2018-02-17,4.4,2.8,7.5,0,16.2284,20180217
2018-02-18,6.7,1.7,10.2,0.9,13.9426,20180218
2018-02-19,8.3,5.5,10.5,2.1,12.0446,20180219
2018-02-20,8.4,4.6,11.9,0,12.0113,20180220
2018-02-21,5.5,4.2,7.5,0,12.6574,20180221
2018-02-22,5,3.2,7.6,0,13.4869,20180222
2018-02-23,8.7,3.3,13.1,0,14.1894,20180223
2018-02-24,9.4,5.3,13.3,0,14.643,20180224
2018-02-25,9.8,6.7,13.2,0,14.4714,20180225
2018-02-26,8.1,4.2,11.9,0,13.9433,20180226
2018-02-27,10.6,5.8,15,0,13.5408,20180227
2018-02-28,11,6.9,17.5,59.6,13.5772,20180228
2018-03-01,6.8,3.3,10.5,0,12.7659,20180301
2018-03-02,5.7,2.8,9.1,0,13.5454,20180302
2018-03-03,12,6,19.2,0,13.733,20180303
2018-03-04,17.2,10.9,23.2,0.8,12.2364,20180304
2018-03-05,10.4,8.2,21.7,3.9,10.8398,20180305
2018-03-06,9.6,8.2,11.3,0,10.5525,20180306
2018-03-07,10,8.4,11.6,30.1,10.4965,20180307
2018-03-08,6.8,5.1,8.6,18.2,10.709,20180308
2018-03-09,5.6,4.2,7.8,0,11.7915,20180309
2018-03-10,8.1,4.3,11.5,0,12.9756,20180310
2018-03-11,8.7,5.1,12.1,0,12.809,20180311
2018-03-12,11.2,7,15.3,0,12.0292,20180312
2018-03-13,14.7,9.6,19.2,0,11.8352,20180313
2018-03-14,16.9,12.5,20.3,0,12.138,20180314
2018-03-15,17.1,12,21.7,16,12.9706,20180315
2018-03-16,9.5,8.8,12.1,1.9,13.7312,20180316
2018-03-17,10,7.3,13.8,0,14.8092,20180317
2018-03-18,15.2,7.8,22.3,3.1,14.4942,20180318
2018-03-19,12.6,10.1,16.2,8.7,13.7375,20180319
2018-03-20,8.3,6.5,10.2,14.1,13.0914,20180320
2018-03-21,5.4,4.2,6.6,21.2,13.4866,20180321
2018-03-22,7.3,5.3,10.4,0,14.5498,20180322
2018-03-23,8.6,4.6,11.9,0,15.3615,20180323
2018-03-24,12.2,7.7,16.5,0,15.9324,20180324
2018-03-25,13.2,9.6,16.9,0,15.448,20180325
2018-03-26,13.7,9.7,17,0,14.7707,20180326
2018-03-27,14.8,10.3,19.1,0,14.5198,20180327
2018-03-28,15.1,9.5,19.1,0,14.8736,20180328
2018-03-29,15.6,12,19.3,0,15.4574,20180329
2018-03-30,15.5,13.5,18.9,0,16.08,20180330
2018-03-31,17,13.3,21,0,16.4826,20180331
2018-04-01,18,15.2,21.3,0,12.3154,20180401
2018-04-02,18,15.3,21.3,0,11.7229,20180402
2018-04-03,17.7,15.3,21.5,0,11.9014,20180403
2018-04-04,17.6,15.8,20.6,0.2,12.5909,20180404
2018-04-05,17.9,14.4,21.3,0,13.4344,20180405
2018-04-06,11,8.1,18.2,20,14.3654,20180406
2018-04-07,7.8,5.3,9.8,0,14.8351,20180407
2018-04-08,12.5,7,16.4,0,14.2684,20180408
2018-04-09,14.3,12.6,16.3,0,13.5384,20180409
2018-04-10,18.8,12.5,22.3,0,13.3886,20180410
2018-04-11,17.2,13.6,21.2,0,13.987,20180411
2018-04-12,17,13.1,23.5,0,14.582,20180412
2018-04-13,16.4,14.3,19.5,0,15.406,20180413
2018-04-14,15.2,10.2,22.9,3.7,15.6852,20180414
2018-04-15,11.9,9.6,15.7,0,15.0636,20180415
2018-04-16,12.2,8.5,14.6,0,14.1362,20180416
2018-04-17,14.5,12.3,16.6,0,13.7823,20180417
2018-04-18,13.6,10.7,17.3,0,14.1365,20180418
2018-04-19,15.2,9.2,20.3,0,14.8092,20180419
2018-04-20,16.6,12.1,20.3,0,15.6688,20180420
2018-04-21,17.4,13.2,19.5,0,16.2158,20180421
2018-04-22,20.4,17.3,25.2,5.2,15.2736,20180422
2018-04-23,18.5,16.1,21.8,41.8,14.148,20180423
2018-04-24,14.7,13.6,16.4,38.7,14.1078,20180424
2018-04-25,14.6,12.6,17.8,1.7,14.8376,20180425
2018-04-26,15.5,12.1,19.4,0,15.7892,20180426
2018-04-27,16.6,13.5,21.2,0,16.7618,20180427
2018-04-28,16.4,13.1,19.3,0,17.0492,20180428
2018-04-29,17.3,14.4,19.3,0,16.6796,20180429
2018-04-30,20.7,17.4,26.1,1.2,15.6457,20180430
2018-05-01,20.7,16.5,26,0,12.8594,20180501
2018-05-02,17.6,13.4,24.5,0.3,12.356,20180502
2018-05-03,15.2,12.7,19,0,12.6024,20180503
2018-05-04,16.2,12.3,20.3,0,13.9538,20180504
2018-05-05,19.6,13.7,22.7,0,15.3584,20180505
2018-05-06,20.3,17.2,23.6,21.4,15.4287,20180506
2018-05-07,16.8,15.5,18.1,17.2,13.7851,20180507
2018-05-08,16,14.2,18.3,0,12.4758,20180508
2018-05-09,15.7,13.8,18.1,0,12.1992,20180509
2018-05-10,15.9,13.9,18.3,0,13.1184,20180510
2018-05-11,17.9,12,22.8,0,14.0396,20180511
2018-05-12,22.2,18.4,24.4,1.3,14.1484,20180512
2018-05-13,17.1,14.9,21.7,41.8,13.6829,20180513
2018-05-14,19,14.9,23.2,0,13.4768,20180514
2018-05-15,21.8,17.9,26.3,0,13.8016,20180515
2018-05-16,24.8,21.3,31.1,0,14.3524,20180516
2018-05-17,25.7,22.1,30.1,0,14.7116,20180517
2018-05-18,21.8,16.3,27.8,2.4,15.121,20180518
2018-05-19,16.6,15.5,17.9,0,15.7052,20180519
2018-05-20,16.5,15.1,18.6,0.7,16.08,20180520
2018-05-21,17.7,15.7,20.3,0,15.5491,20180521
2018-05-22,20.7,16.8,26.4,2.7,14.4266,20180522
2018-05-23,17.8,16.1,22.7,4.1,13.2562,20180523
2018-05-24,19.2,14.1,24.4,0,13.4036,20180524
2018-05-25,19.9,18,24,0,14.3196,20180525
2018-05-26,18.4,14.8,23.9,2.9,15.0944,20180526
2018-05-27,19.3,16.7,23,0.1,14.819,20180527
2018-05-28,20.1,17.7,24,3.9,14.2674,20180528
2018-05-29,21,19.1,26.8,0,14.37,20180529
2018-05-30,21.1,18.6,24.6,0,14.8344,20180530
2018-05-31,18.8,16.8,21.8,0,14.953,20180531
2018-06-01,20.1,16.2,23.2,0,13.1852,20180601
2018-06-02,22.1,19.2,25.5,0,13.6892,20180602
2018-06-03,21.6,20.3,24.1,0,13.6154,20180603
2018-06-04,22.8,19.5,26.7,0,12.9206,20180604
2018-06-05,19.8,19.1,22.9,28.5,13.1912,20180605
2018-06-06,20.7,18.8,23.8,0,13.7165,20180606
2018-06-07,21.3,18.9,24.4,0,13.4578,20180607
2018-06-08,20.9,18.9,24.6,0,13.6101,20180608
2018-06-09,22.2,18.9,26.9,0,14.659,20180609
2018-06-10,19.9,18.4,21.1,2.1,14.0486,20180610
2018-06-11,19.4,18,22.4,23.9,13.3136,20180611
2018-06-12,21.1,18.7,24.5,3.1,13.1828,20180612
2018-06-13,21.9,17.7,28.8,0,13.5734,20180613
2018-06-14,22.1,19.5,25.6,0,13.4456,20180614
2018-06-15,21.1,19,23.8,0,13.965,20180615
2018-06-16,20.3,18.3,23,0,14.9482,20180616
2018-06-17,20.8,18.9,24.5,0,14.4,20180617
2018-06-18,22,19.5,24.1,0,13.8068,20180618
2018-06-19,22,19.7,24.3,31.3,13.6752,20180619
2018-06-20,21.9,19.7,25.3,1,14.2457,20180620
2018-06-21,22.7,20.2,26.8,0,14.7836,20180621
2018-06-22,22.8,20.1,25.6,0.3,15.393,20180622
2018-06-23,22.7,19.8,25.1,1.4,15.8095,20180623
2018-06-24,23.9,20.6,27,0,15.5456,20180624
2018-06-25,24,20.6,27.5,0,15.4007,20180625
2018-06-26,28.2,23.6,32.3,0,15.4231,20180626
2018-06-27,26.3,24.3,29,17.3,15.6786,20180627
2018-06-28,25.7,23.4,28.5,44,15.6107,20180628
2018-06-29,25.2,23.2,28.9,10.4,15.4242,20180629
2018-06-30,24,22,26.8,47.8,14.8603,20180630
2018-07-01,27.3,22.7,30.4,7.5,11.3981,20180701
2018-07-02,27.3,24.1,31.4,0,10.3674,20180702
2018-07-03,24.1,22.8,25.5,1.6,10.5217,20180703
2018-07-04,26,24.2,29.8,0,11.922,20180704
2018-07-05,24.8,23.6,26.5,0,12.8702,20180705
2018-07-06,22.7,21.7,24,38.1,13.4712,20180706
2018-07-07,21.3,19.9,22.3,0,14.153,20180707
2018-07-08,20.9,19.6,22.5,1.3,14.2219,20180708
2018-07-09,24.6,21.1,28.5,0.1,14.0556,20180709
2018-07-10,28.3,24.7,33.1,0,14.1295,20180710
2018-07-11,30,27.4,35,0,14.7133,20180711
2018-07-12,28,26,30.4,0,15.3566,20180712
2018-07-13,26.7,25.2,29.2,0,15.693,20180713
2018-07-14,26.9,24.8,29.5,0,16.0548,20180714
2018-07-15,27,24.4,29.8,0,15.6814,20180715
2018-07-16,27,24.5,29.5,0,15.2509,20180716
2018-07-17,27.3,24.8,30.1,0,15.198,20180717
2018-07-18,27.7,24.6,30.6,0,15.231,20180718
2018-07-19,27.8,24.7,31,0,15.3468,20180719
2018-07-20,28.8,25.8,31.6,0,15.3696,20180720
2018-07-21,28.9,25,33.9,0,15.903,20180721
2018-07-22,29.2,28.2,30.8,0.1,15.6356,20180722
2018-07-23,29.9,27,34.1,0,15.1372,20180723
2018-07-24,29.2,27.5,31.7,0,15.1952,20180724
2018-07-25,29.1,27.5,31.9,0,15.6446,20180725
2018-07-26,29.1,27.5,31.8,0,16.0436,20180726
2018-07-27,29.3,27.1,32.5,0,16.9214,20180727
2018-07-28,29.1,27.4,31.1,0,18.0918,20180728
2018-07-29,29.4,27.2,32.5,0,18.8318,20180729
2018-07-30,28.9,27.6,31.1,0,19.3074,20180730
2018-07-31,28.7,25.8,31.6,0,19.9472,20180731
2018-08-01,29.2,26.3,32.3,0,17.3338,20180801
2018-08-02,29,26.7,32.1,0,17.7849,20180802
2018-08-03,30,28.1,34.1,0.9,17.9602,20180803
2018-08-04,29.5,27.8,32,0,18.1072,20180804
2018-08-05,29.9,27.4,33.3,0,17.4552,20180805
2018-08-06,30.1,28.1,32.8,0,17.0296,20180806
2018-08-07,29.7,27.9,31.9,0,16.6918,20180807
2018-08-08,29.3,26.9,31.8,0,16.5806,20180808
2018-08-09,29.6,27.5,32.6,0,16.4566,20180809
2018-08-10,29.9,27.5,33.2,0,16.8378,20180810
2018-08-11,28.8,27.8,32.4,0,17.3173,20180811
2018-08-12,29.8,26.1,33.3,41.1,17.0506,20180812
2018-08-13,31.1,28.7,34.4,0.2,16.8658,20180813
2018-08-14,31.2,28.6,35.3,0,17.3302,20180814
2018-08-15,29.7,27.8,33.5,1.4,17.2991,20180815
2018-08-16,27.5,25.2,28.8,12.7,16.9785,20180816
2018-08-17,26.2,24.4,28.4,8,17.0527,20180817
2018-08-18,26.7,24.4,30.7,0,17.4948,20180818
2018-08-19,28.3,24.8,33.2,0,16.6201,20180819
2018-08-20,29.2,27,32.8,0,16.2855,20180820
2018-08-21,28.1,24.8,30.6,0,16.0244,20180821
2018-08-22,27.8,25.9,30.5,36.9,14.202,20180822
2018-08-23,26.5,25.6,29.2,265.4,11.544,20180823
2018-08-24,27.2,24.9,30,0,15.3601,20180824
2018-08-25,26.4,24.7,31.2,1.4,15.3072,20180825
2018-08-26,28.3,26,31.8,8.5,15.49,20180826
2018-08-27,28.4,26.1,32,0,16.2172,20180827
2018-08-28,27.8,25.9,30.4,0,16.8476,20180828
2018-08-29,28.5,25.1,33.9,0,17.1675,20180829
2018-08-30,28.9,25.8,34.5,0,17.1594,20180830
2018-08-31,30,25.6,33.3,0,16.7058,20180831
2018-09-01,25.8,23.3,28.9,9.5,13.6829,20180901
2018-09-02,24.9,22.7,29.2,1.1,13.3872,20180902
2018-09-03,27,24.1,31.2,0.5,12.9066,20180903
2018-09-04,26.2,23.5,29.1,7.1,12.8282,20180904
2018-09-05,26.6,23.2,30.8,0,13.112,20180905
2018-09-06,26.2,24.5,29.2,0,13.7092,20180906
2018-09-07,24.3,21,27.4,11.8,14.3154,20180907
2018-09-08,22.3,19.4,24.9,0,14.9482,20180908
2018-09-09,23,19.1,26.3,0,14.3756,20180909
2018-09-10,23,20.2,26.2,0,13.649,20180910
2018-09-11,22.3,21.4,23.8,0.2,13.4729,20180911
2018-09-12,23,21.4,24.8,0.2,13.952,20180912
2018-09-13,23.5,21.6,24.3,139.3,13.9853,20180913
2018-09-14,25.3,23,27.8,0,14.4389,20180914
2018-09-15,25.2,23.5,28,0.4,14.3171,20180915
2018-09-16,25.5,23,28.5,0,13.4267,20180916
2018-09-17,24.6,23.4,28.3,0.1,12.614,20180917
2018-09-18,25,23.4,28.1,0,12.0085,20180918
2018-09-19,23.3,21.3,25.4,0,11.7082,20180919
2018-09-20,25.2,22.3,27.7,11.6,11.4762,20180920
2018-09-21,24.5,23.4,28.2,2.9,12.5198,20180921
2018-09-22,24.2,22.3,27.6,0,15.1879,20180922
2018-09-23,24.4,21.2,29.6,0,18.0904,20180923
2018-09-24,21.9,19.2,23.7,0,19.9556,20180924
2018-09-25,21.5,19.3,24.1,0,18.8416,20180925
2018-09-26,22.2,20.8,24.9,0,16.2603,20180926
2018-09-27,21.2,18.5,23.6,0,14.3689,20180927
2018-09-28,21.7,19.4,24.3,0,13.7504,20180928
2018-09-29,20.7,18.5,22.3,3,13.9524,20180929
2018-09-30,21.9,20.2,25.2,0,13.7025,20180930
2018-10-01,21.3,19.7,23.5,0,10.6914,20181001
2018-10-02,20.7,17.6,23.6,0,10.9812,20181002
2018-10-03,19.2,16.5,22.3,0,11.1062,20181003
2018-10-04,20.4,17.8,21.9,3.4,10.5536,20181004
2018-10-05,21.6,20.6,24.5,310,8.8778,20181005
2018-10-06,21.1,19.6,24.7,27.4,9.275,20181006
2018-10-07,20.6,17.9,23.9,0,11.5398,20181007
2018-10-08,19.2,16.6,22.3,0,12.572,20181008
2018-10-09,20.3,17.5,22.3,0,13.4796,20181009
2018-10-10,18.3,16.3,20.5,0,13.5034,20181010
2018-10-11,16.3,15.1,18.5,0,13.945,20181011
2018-10-12,15.6,13.2,18,0,14.8452,20181012
2018-10-13,15.4,11.8,19,0,15.1711,20181013
2018-10-14,17.6,13.2,20.4,0,14.7494,20181014
2018-10-15,18.7,16.2,20.6,0,14.1134,20181015
2018-10-16,16.1,14,19.3,3.2,14.2734,20181016
2018-10-17,16.8,13.1,20.6,0,15.037,20181017
2018-10-18,16.6,15.2,19.3,0,15.4612,20181018
2018-10-19,16.1,12.9,19.5,0,15.8946,20181019
2018-10-20,16.3,12.5,20.5,0,15.9033,20181020
2018-10-21,17.1,13.7,20.7,0,15.2201,20181021
2018-10-22,17.4,14.5,20.6,0.3,14.3112,20181022
2018-10-23,18.5,16.4,21.9,0,14.3042,20181023
2018-10-24,16.8,13.8,19.7,0,14.771,20181024
2018-10-25,17.4,11.6,22.8,0,15.1868,20181025
2018-10-26,18.5,16.3,21.8,2.7,15.5166,20181026
2018-10-27,15.6,14.5,17.9,0,15.7815,20181027
2018-10-28,17.5,13.1,21.1,0,15.2044,20181028
2018-10-29,18,15.2,22,0,14.3126,20181029
2018-10-30,14.8,13.2,17.4,0,13.8946,20181030
2018-10-31,14.1,11.6,18,0,14.1494,20181031
2018-11-01,13.4,11.2,16.3,0,12.1544,20181101
2018-11-02,14.4,9.6,18.5,0,13.3206,20181102
2018-11-03,15.2,11.4,18.5,0,13.8254,20181103
2018-11-04,15.2,12.3,19.6,0,13.215,20181104
2018-11-05,15,10.5,18.8,0,12.2451,20181105
2018-11-06,16.5,12.9,19.9,0,12.005,20181106
2018-11-07,17.4,16.1,18.8,1.5,12.2602,20181107
2018-11-08,17.7,15.1,20.5,18.5,12.6574,20181108
2018-11-09,14.6,11.3,17.2,0,13.497,20181109
2018-11-10,13.6,9.7,17.8,0,13.9016,20181110
2018-11-11,14.6,10.5,18.3,2.4,13.2674,20181111
2018-11-12,13.8,13,15.5,2.2,12.2276,20181112
2018-11-13,13.8,12.5,16.3,0,11.7523,20181113
2018-11-14,13.3,10.2,16.3,0,12.0449,20181114
2018-11-15,16,11.2,20.1,0,12.4362,20181115
2018-11-16,14.9,13.5,17.4,3.6,13.3994,20181116
2018-11-17,12.6,9.7,15.4,0,14.2688,20181117
2018-11-18,12.3,9.6,15.1,0,13.5618,20181118
2018-11-19,13.2,11.8,15.7,0,12.2626,20181119
2018-11-20,12.6,10.1,15.6,0,11.431,20181120
2018-11-21,13.3,9.9,16.7,0.4,11.3572,20181121
2018-11-22,10.2,8.4,13.5,0,12.18,20181122
2018-11-23,10,7.3,12.3,0,13.4141,20181123
2018-11-24,14,8.8,19.2,0,13.9996,20181124
2018-11-25,13,10.6,16,0,13.4596,20181125
2018-11-26,14.5,10.4,18.2,0,12.3456,20181126
2018-11-27,13.8,11.5,17,0,11.7719,20181127
2018-11-28,13,10,16.3,0,11.8584,20181128
2018-11-29,12.8,8.5,17.8,0,12.5097,20181129
2018-11-30,13.1,10,16.9,0,12.9924,20181130
2018-12-01,13.7,11.3,16.3,0,11.3012,20181201
2018-12-02,17.6,13.6,20.5,1.6,10.6194,20181202
2018-12-03,18.9,17.1,22.9,2.9,9.5277,20181203
2018-12-04,13.8,10.8,17.6,17.5,9.1959,20181204
2018-12-05,9.9,8,11.7,0,9.5288,20181205
2018-12-06,9.5,8.1,12.6,11.6,10.4111,20181206
2018-12-07,4.8,2.7,10.3,0,10.9221,20181207
2018-12-08,4.2,2.6,6.6,0,11.6854,20181208
2018-12-09,3.9,2.8,4.8,0,11.4226,20181209
2018-12-10,7.6,4.7,10.2,0,10.4272,20181210
2018-12-11,9,7.2,10.1,20,10.023,20181211
2018-12-12,6.5,5.8,9.1,0.2,10.067,20181212
2018-12-13,8,6,9.7,0,10.7023,20181213
2018-12-14,5.6,4.4,7,0,11.4408,20181214
2018-12-15,6,2,9.6,0,12.2157,20181215
2018-12-16,9.1,6.5,10.8,7.1,11.9924,20181216
2018-12-17,10.3,9.7,11.8,0,11.563,20181217
2018-12-18,9.7,8,12,0,11.6456,20181218
2018-12-19,13.9,8.5,18,0,11.3281,20181219
2018-12-20,12.5,11.7,16.1,21.8,11.1268,20181220
2018-12-21,14.6,12.7,16.8,0,11.7778,20181221
2018-12-22,13,11.5,16.2,3,13.2738,20181222
2018-12-23,9.6,7.4,12.2,8,13.748,20181223
2018-12-24,6.4,4.6,9,0,13.7389,20181224
2018-12-25,7.8,3.8,10.8,0,13.6052,20181225
2018-12-26,8.5,6.8,9.7,0.4,13.4736,20181226
2018-12-27,2.5,1.4,6.8,0,13.6878,20181227
2018-12-28,1.9,0.2,3.2,1.8,14.2664,20181228
2018-12-29,3.1,1.7,4.1,0.1,15.6198,20181229
2018-12-30,3.1,1.9,4.1,0,16.4535,20181230
2018-12-31,4.6,3.5,5.8,0,16.715,20181231
2019-01-01,5.6,4.8,7,0,13.236,20190101
2019-01-02,5.1,4.5,6.1,0,12.3428,20190102
2019-01-03,5.1,3.5,8,0,12.0036,20190103
2019-01-04,5.8,2.6,10,1.6,12.228,20190104
2019-01-05,7,5.2,9,0,12.7988,20190105
2019-01-06,5.7,4.5,7.7,0,12.3669,20190106
2019-01-07,5.9,3.1,8.8,0,12.062,20190107
2019-01-08,6.6,4.5,8.8,0,12.3372,20190108
2019-01-09,4.5,2.2,5.8,0,12.662,20190109
2019-01-10,6.9,5.6,7.8,0,13.0536,20190110
2019-01-11,7.9,5.9,9.4,1.7,13.4575,20190111
2019-01-12,8.9,8.1,10.9,2,14.181,20190112
2019-01-13,7.9,6.6,10,0,14.0648,20190113
2019-01-14,7.3,5.5,9.7,0,13.8257,20190114
2019-01-15,7,3.6,9.9,0,14.0364,20190115
2019-01-16,3.1,2,4,0,14.1673,20190116
2019-01-17,5.6,3.9,6.5,0,14.3787,20190117
2019-01-18,6.4,3.9,9.8,0,14.7284,20190118
2019-01-19,8.9,3.6,12.6,1,15.8554,20190119
2019-01-20,6.7,3.9,11.6,0,14.7546,20190120
2019-01-21,6.2,3.9,8.1,0,14.4274,20190121
2019-01-22,8.3,5.8,10.9,0,14.0896,20190122
2019-01-23,8.6,6.7,11.9,0,14.4095,20190123
2019-01-24,6.2,3.4,9.6,0,15.0311,20190124
2019-01-25,5.7,3.6,10.1,0,14.8564,20190125
2019-01-26,4.3,2.9,5.8,0,15.2117,20190126
2019-01-27,5.6,2.4,8.5,0,14.9062,20190127
2019-01-28,7.7,4.8,10.8,0,14.3398,20190128
2019-01-29,6.3,2.8,9.2,0,13.9363,20190129
2019-01-30,8.2,6.8,10.1,0,13.4858,20190130
2019-01-31,4.9,3.3,8.2,17.9,13.3889,20190131
2019-02-01,5,3.4,6.8,0,11.0862,20190201
2019-02-02,9.3,5,12,0,13.4684,20190202
2019-02-03,13.3,8.6,18.4,9.8,15.7804,20190203
2019-02-04,6.9,4.9,9.5,0,17.0132,20190204
2019-02-05,9.3,4,13.6,0,17.0065,20190205
2019-02-06,11.8,9.1,15.5,0,14.7178,20190206
2019-02-07,6.5,1.9,12.1,3.8,12.9392,20190207
2019-02-08,3.4,1.5,5.6,0,12.7757,20190208
2019-02-09,3,1.5,4.7,0,12.9514,20190209
2019-02-10,3.1,2,4.9,0,12.5864,20190210
2019-02-11,3.7,2.9,4.7,0,12.5548,20190211
2019-02-12,5.7,1,8.7,0,12.8037,20190212
2019-02-13,6.8,5.2,8.7,0,13.2783,20190213
2019-02-14,5.6,4.2,8,0,13.5968,20190214
2019-02-15,6.4,4.3,7.7,0,13.6994,20190215
2019-02-16,4.2,3.1,7,0,14.0777,20190216
2019-02-17,4.4,3.1,6.9,0,14.0217,20190217
2019-02-18,7.1,2.9,9.8,2.1,13.6546,20190218
2019-02-19,9.3,6.4,13,15.9,13.5576,20190219
2019-02-20,6.9,4.8,9.4,0,13.8054,20190220
2019-02-21,7.1,5.6,8.7,0,14.0472,20190221
2019-02-22,8.3,6.5,10.9,1.6,14.3622,20190222
2019-02-23,9.3,4.2,13.7,0,14.8782,20190223
2019-02-24,11,8.6,14.1,0,14.967,20190224
2019-02-25,9.4,7.3,13.1,0,14.3073,20190225
2019-02-26,8.9,5.3,12.2,0,14.2796,20190226
2019-02-27,10.9,9.4,11.9,4.6,14.5026,20190227
2019-02-28,10.4,8,13.2,0.1,15.274,20190228
2019-03-01,9.4,6.4,12.3,0,14.8883,20190301
2019-03-02,11,7.3,14.3,0.4,14.7126,20190302
2019-03-03,11.8,10.5,13.3,5.9,13.2811,20190303
2019-03-04,10,8.4,12.2,2,12.2829,20190304
2019-03-05,10.7,6.2,13.4,0,11.6088,20190305
2019-03-06,10.4,8.4,13.8,11.3,11.8374,20190306
2019-03-07,8.3,7.3,10.4,0,12.4484,20190307
2019-03-08,8.5,3.7,12.3,0,13.3021,20190308
2019-03-09,11.6,6.5,16.6,9,14.1054,20190309
2019-03-10,10.7,8.9,13.1,22.1,13.7942,20190310
2019-03-11,10,6.9,13.6,1.2,13.4351,20190311
2019-03-12,10.7,6.1,16,0,13.8166,20190312
2019-03-13,8.4,5.1,11.7,0,12.9213,20190313
2019-03-14,10,7,14,0,13.3284,20190314
2019-03-15,10.2,6.2,15.8,0,14.0444,20190315
2019-03-16,10.1,6,14.1,0,14.8876,20190316
2019-03-17,11.2,8,14.1,0,14.6979,20190317
2019-03-18,10.7,6.9,14.2,1.9,14.0746,20190318
2019-03-19,12.3,9.2,16.1,0,13.7627,20190319
2019-03-20,16.3,9.9,21.2,1.7,14.0182,20190320
2019-03-21,10.7,7.3,20,0,14.4228,20190321
2019-03-22,7.8,6.4,10.6,0,15.5841,20190322
2019-03-23,8.5,6.2,11.8,0,15.5592,20190323
2019-03-24,7.5,3.6,11,0,16.4328,20190324
2019-03-25,9.9,6.4,13.2,0,15.2026,20190325
2019-03-26,14.2,10.1,16.7,0,15.2684,20190326
2019-03-27,16.4,10.3,22,0,15.603,20190327
2019-03-28,14.6,12.8,16.9,0,15.981,20190328
2019-03-29,13.9,12.2,17,0,16.4801,20190329
2019-03-30,11,7.9,14.6,0,16.729,20190330
2019-03-31,8.4,7.1,11.4,0,16.1581,20190331
2019-04-01,10.5,7.1,13.2,0,11.4996,20190401
2019-04-02,10.6,8.6,14,0,11.5776,20190402
2019-04-03,10.5,6.6,14.4,0,12.3616,20190403
2019-04-04,11.3,6.2,14.6,0,12.9444,20190404
2019-04-05,14.5,11.9,18.2,0,13.6944,20190405
2019-04-06,15,11,20.8,0,14.1558,20190406
2019-04-07,16.4,13,21.4,2.7,13.6367,20190407
2019-04-08,14.8,11.7,18.1,0,12.8132,20190408
2019-04-09,15,14.1,17.4,6,11.9693,20190409
2019-04-10,10.4,9.6,14.2,6.7,13.0742,20190410
2019-04-11,11.6,9.7,13.8,0,13.2097,20190411
2019-04-12,12.7,9.2,16.6,0,14.1326,20190412
2019-04-13,13.7,9.4,17.7,0,14.6776,20190413
2019-04-14,13.6,10.6,17.1,0,13.8996,20190414
2019-04-15,13,8.7,17.1,0,13.0095,20190415
2019-04-16,16.8,10.7,25,0,12.4646,20190416
2019-04-17,15.8,13.6,18.6,0,12.6994,20190417
2019-04-18,16.7,12.3,22.1,0,13.4309,20190418
2019-04-19,16.8,14.3,21.6,0,14.1652,20190419
2019-04-20,17.1,14.5,20,0,14.6486,20190420
2019-04-21,18.5,15,23.1,0,14.1078,20190421
2019-04-22,19.3,16.6,24,0,13.355,20190422
2019-04-23,19.1,17.3,22.5,18.7,13.0011,20190423
2019-04-24,18,15.7,21.2,0,13.6888,20190424
2019-04-25,15.8,14.1,17.9,0,14.4739,20190425
2019-04-26,12.2,11.3,15.9,0.3,15.2089,20190426
2019-04-27,14,11.7,17,0,15.6796,20190427
2019-04-28,15,12.1,17.5,0.1,15.6986,20190428
2019-04-29,16.1,14.5,20.3,10.5,14.428,20190429
2019-04-30,15.6,14.5,17.6,1.4,14.3238,20190430
2019-05-01,14.7,12.4,18.6,0,12.781,20190501
2019-05-02,17.2,12.8,21.5,0,13.1302,20190502
2019-05-03,18.9,16,21.9,0,14.2734,20190503
2019-05-04,19.2,14.7,23.3,0,15.8616,20190504
2019-05-05,19,16.4,22.2,0,15.7962,20190505
2019-05-06,15.9,13.4,19.2,0,14.0287,20190506
2019-05-07,15.6,12.3,19.5,0,12.5268,20190507
2019-05-08,16.3,11.9,19.6,0,12.2258,20190508
2019-05-09,17.4,14.7,20.3,0,12.7026,20190509
2019-05-10,17.6,14.3,21.4,0,13.4614,20190510
2019-05-11,18.5,15,23.4,0,13.6395,20190511
2019-05-12,18.7,15.7,21.5,0,13.0543,20190512
2019-05-13,20.1,17.4,23.7,0,12.7316,20190513
2019-05-14,20.5,18.6,23.2,0,12.9972,20190514
2019-05-15,21.2,16.9,26.6,0,13.8831,20190515
2019-05-16,23.2,18,28.3,0,14.3801,20190516
2019-05-17,21.2,18.4,26.3,12,14.616,20190517
2019-05-18,20.6,17.4,23.3,19.6,14.1127,20190518
2019-05-19,21.4,18.8,26.3,0,13.5916,20190519
2019-05-20,17.3,14.9,19.8,0.8,13.224,20190520
2019-05-21,19.2,14.5,23,0,13.3763,20190521
2019-05-22,23.4,19.5,27.6,0,13.9825,20190522
2019-05-23,26.2,22,31.3,0,14.3952,20190523
2019-05-24,28.4,23.8,33.1,0,14.6556,20190524
2019-05-25,23.3,20.4,27.2,0,14.8018,20190525
2019-05-26,23.1,20.3,25.4,0,14.0682,20190526
2019-05-27,20.7,15.8,25.5,9.8,13.8019,20190527
2019-05-28,18.9,15.5,21.7,0,13.0918,20190528
2019-05-29,22.3,18.7,27,0,13.5548,20190529
2019-05-30,21.7,18,25.9,0,13.698,20190530
2019-05-31,17.9,15.6,21.4,0.6,14.2275,20190531
2019-06-01,19,15.9,22.4,0,12.7614,20190601
2019-06-02,20.1,17.9,24.6,0,12.7064,20190602
2019-06-03,20.9,17.9,24.5,0,12.0474,20190603
2019-06-04,22.8,19.4,29,0,12.223,20190604
2019-06-05,22.5,19.2,26.1,0,13.238,20190605
2019-06-06,23.6,19.1,28.1,13.3,13.9006,20190606
2019-06-07,19.6,18.2,25.3,0,14.3132,20190607
2019-06-08,19.9,17.5,23.2,0.2,15.7832,20190608
2019-06-09,20.2,17,23.2,0,13.5786,20190609
2019-06-10,20.2,17.5,24.8,0,12.6252,20190610
2019-06-11,20.2,18.4,22.9,0,12.3882,20190611
2019-06-12,19.9,17.6,22.9,0,12.7334,20190612
2019-06-13,21.9,17.6,28,0,13.2038,20190613
2019-06-14,19.4,17.4,21.4,43.5,13.412,20190614
2019-06-15,20.1,18.2,22.5,0.3,15.0836,20190615
2019-06-16,20.6,18.6,23.3,0,13.6633,20190616
2019-06-17,20.8,17.8,23.3,0,13.0032,20190617
2019-06-18,21.6,20.5,23.3,1,12.4422,20190618
2019-06-19,21.7,19.4,24.4,0,12.8933,20190619
2019-06-20,22,19.8,24.4,0,13.496,20190620
2019-06-21,22.6,20.3,26.4,0,14.1894,20190621
2019-06-22,22.1,19.7,25.5,0,14.867,20190622
2019-06-23,21.1,19.3,25.6,0,14.7854,20190623
2019-06-24,21.6,18.8,24.4,0,14.4582,20190624
2019-06-25,24.2,19.1,28.9,0,15.315,20190625
2019-06-26,22.1,19.8,25.9,85.1,14.3038,20190626
2019-06-27,23.1,21.9,25.9,0,14.0928,20190627
2019-06-28,23.5,21,25.8,0,14.0102,20190628
2019-06-29,25.2,22.6,29.8,2,13.4694,20190629
2019-06-30,23.4,21.4,26.9,0.4,13.0946,20190630
2019-07-01,23.4,22.3,25.6,1.9,10.8994,20190701
2019-07-02,23.3,21.8,25.7,0,12.4201,20190702
2019-07-03,22.6,21.6,24.9,0,12.333,20190703
2019-07-04,22.3,20.4,25.9,0,13.0462,20190704
2019-07-05,23.9,21.6,28.7,0,14.3272,20190705
2019-07-06,23.8,20.8,27.2,0,13.7112,20190706
2019-07-07,23.3,22.2,26.4,0,13.2888,20190707
2019-07-08,21.8,20.6,22.7,3.7,13.6,20190708
2019-07-09,22,20.9,23.6,2.2,13.4218,20190709
2019-07-10,21.4,20.5,22,104.7,14.6146,20190710
2019-07-11,23.2,20.6,26.7,1.2,14.4557,20190711
2019-07-12,23.3,21.7,25.8,0.4,14.511,20190712
2019-07-13,21.6,20.4,22.9,13.4,15.1088,20190713
2019-07-14,24.2,21.5,27.1,0,15.0888,20190714
2019-07-15,24.2,22.2,26.5,0,14.6909,20190715
2019-07-16,24.8,22.2,27.2,0,14.469,20190716
2019-07-17,25,22.9,28,6.8,14.5148,20190717
2019-07-18,24.2,22.9,25.9,21.3,14.5876,20190718
2019-07-19,24.1,22.3,26.2,187.7,13.8974,20190719
2019-07-20,25.7,24.6,28.2,43.8,13.6972,20190720
2019-07-21,27.3,24.8,30.7,0,14.9499,20190721
2019-07-22,27.1,23.8,32.7,108.3,15.3528,20190722
2019-07-23,27.6,24.3,30.3,0,17.3152,20190723
2019-07-24,27.9,25.7,30.9,0,17.0314,20190724
2019-07-25,27.9,25.9,31.1,0,18.1304,20190725
2019-07-26,27.8,25.3,31.2,0,17.4153,20190726
2019-07-27,28.1,26.5,31,14.7,18.2584,20190727
2019-07-28,29.3,27,31.8,0,18.5784,20190728
2019-07-29,28.7,26.1,31.3,0,18.7628,20190729
2019-07-30,30.4,27.3,35.4,0,19.1292,20190730
2019-07-31,29.5,27.9,32.3,0,19.7757,20190731
2019-08-01,29.2,26.9,32.1,0,16.7612,20190801
2019-08-02,28.8,26.7,31.2,0,17.5766,20190802
2019-08-03,29,25.4,31.7,0,18.25,20190803
2019-08-04,27.9,25.9,30.2,0,18.746,20190804
2019-08-05,27.8,24.9,30.9,0,18.2808,20190805
2019-08-06,28.8,26.2,32.2,0,16.9642,20190806
2019-08-07,29.6,26.6,34.2,0,16.715,20190807
2019-08-08,31.1,27.7,34.7,0,16.4854,20190808
2019-08-09,30.1,27.7,33.3,0,16.3678,20190809
2019-08-10,29.5,28.8,30.9,0,16.3082,20190810
2019-08-11,28.7,27.7,30.5,25,16.5154,20190811
2019-08-12,29.7,27.2,33.9,12,17.052,20190812
2019-08-13,29.2,26.8,31.2,0,16.799,20190813
2019-08-14,28.6,26.8,31.6,1.2,17.3166,20190814
2019-08-15,27.1,26.4,27.9,0,17.9445,20190815
2019-08-16,27.7,25.7,30.9,4.5,18.1216,20190816
2019-08-17,28.8,25.7,32.6,0,18.1118,20190817
2019-08-18,27.2,25.9,29.7,0,17.3114,20190818
2019-08-19,26.3,24.6,29.1,0,16.8651,20190819
2019-08-20,27.1,25.7,30.1,0.1,16.793,20190820
2019-08-21,28.1,25.3,31.6,3.4,17.6953,20190821
2019-08-22,28.5,25.8,31.8,6.3,17.2102,20190822
2019-08-23,27.4,26.2,30.7,0,17.2711,20190823
2019-08-24,27,25.2,28.8,0,17.5032,20190824
2019-08-25,25.5,23.3,27.7,0.1,17.2389,20190825
2019-08-26,25.9,23.5,28.3,0.3,17.0852,20190826
2019-08-27,26.9,24.5,31,87.2,17.0541,20190827
2019-08-28,24.8,23,27,33.3,17.2406,20190828
2019-08-29,23.3,21.3,25.4,68.9,17.135,20190829
2019-08-30,25.5,22.2,28.8,0,17.2952,20190830
2019-08-31,24.9,20.8,28.2,0,16.8878,20190831
2019-09-01,23.3,20.6,26.3,26.1,12.8314,20190901
2019-09-02,24.1,21.9,26.6,25.7,11.7078,20190902
2019-09-03,24.8,22.4,26.7,13.9,11.1447,20190903
2019-09-04,24.7,23.7,27.9,43,11.1304,20190904
2019-09-05,26.2,23.4,30.4,7,10.5788,20190905
2019-09-06,26.8,25.1,28.6,68.8,10.5396,20190906
2019-09-07,27.6,24.9,30.3,34.3,7.5436,20190907
2019-09-08,24.5,23.4,26.3,19,8.9212,20190908
2019-09-09,26.2,23.7,29,24.7,10.9092,20190909
2019-09-10,27,24,29.4,0,12.0988,20190910
2019-09-11,26,24.1,29.3,5,13.9366,20190911
2019-09-12,24.1,23,25.1,0.6,16.7069,20190912
2019-09-13,24,22.1,26.7,0,19.341,20190913
2019-09-14,24.3,21.7,26.9,0,18.6025,20190914
2019-09-15,24.6,22.9,26.9,0,15.7588,20190915
2019-09-16,24.6,23.6,27,0,14.0662,20190916
2019-09-17,23.8,22,25.8,0,13.8761,20190917
2019-09-18,23.3,20.6,27.6,0,14.721,20190918
2019-09-19,22.8,19.3,25.9,0,15.6954,20190919
2019-09-20,22.5,19.9,25,0,15.75,20190920
2019-09-21,20.5,19.1,21.7,156,14.2107,20190921
2019-09-22,20.4,19.1,21.7,126.2,10.9074,20190922
2019-09-23,21,18.4,24.5,0,14.6444,20190923
2019-09-24,20.4,16.7,25.2,0,13.979,20190924
2019-09-25,21.8,18.3,25.2,0,17.5847,20190925
2019-09-26,23.8,21.3,27.7,1,17.3369,20190926
2019-09-27,23.8,22.7,25.7,36,16.6341,20190927
2019-09-28,24.1,23.1,25.6,0.7,16.4784,20190928
2019-09-29,24.1,22.9,26.3,0,16.6866,20190929
2019-09-30,23.6,22,26.8,22.6,15.6604,20190930
2019-10-01,23.4,20.5,26.4,36.3,11.6319,20191001
2019-10-02,24.8,20.6,27.3,136.2,9.0167,20191002
2019-10-03,23.4,21.9,26.2,0.2,12.0438,20191003
2019-10-04,23.1,21.2,26.1,0,13.8047,20191004
2019-10-05,20.8,18.4,23.2,0,15.5358,20191005
2019-10-06,20.8,17,24.6,1,15.4637,20191006
2019-10-07,21.8,20.2,23.6,0,14.4949,20191007
2019-10-08,20.5,17.4,24,0,14.8572,20191008
2019-10-09,17.6,14.2,21.5,0,15.4234,20191009
2019-10-10,19,14,23.1,0,15.5208,20191010
2019-10-11,21,17.1,23.9,0,15.6208,20191011
2019-10-12,21.4,18.7,24.8,0,16.0706,20191012
2019-10-13,19.7,17.1,22.8,0,15.2478,20191013
2019-10-14,19.3,16.7,23.2,0,14.75,20191014
2019-10-15,17.4,15.2,19.1,3.2,15.0874,20191015
2019-10-16,18.1,15.8,21.3,0,15.91,20191016
2019-10-17,19.3,16.2,21.8,0,16.429,20191017
2019-10-18,19.1,18.1,20.5,8.3,16.8514,20191018
2019-10-19,19.8,17.7,22.7,0,16.9586,20191019
2019-10-20,19.1,15.4,21.8,0,16.1546,20191020
2019-10-21,19.9,17.4,22.9,0,15.5362,20191021
2019-10-22,20.8,18.6,22.5,0.5,15.6961,20191022
2019-10-23,20.3,19.2,21.8,0.6,16.1486,20191023
2019-10-24,20.1,18.4,22.3,2.3,16.653,20191024
2019-10-25,20.1,16.8,23.5,0,17.053,20191025
2019-10-26,16.5,15.5,19.4,0,17.0114,20191026
2019-10-27,16,13.7,18.7,0,16.1497,20191027
2019-10-28,15.7,11.9,19.2,0,15.3741,20191028
2019-10-29,17.9,15.2,20.8,0,15.2988,20191029
2019-10-30,16.3,13.7,19.5,0,16.4745,20191030
2019-10-31,16.5,12.1,20.7,0,15.9404,20191031
2019-11-01,18.3,15.6,22,0,13.895,20191101
2019-11-02,18.6,15.6,22.7,0,14.5187,20191102
2019-11-03,17.5,15.2,20.4,0,13.8562,20191103
2019-11-04,17.3,13.5,20.6,0,13.0056,20191104
2019-11-05,17.3,14.6,20.3,0,12.8548,20191105
2019-11-06,15.8,12.3,19.4,0,13.3732,20191106
2019-11-07,15.9,13.4,19.3,0,14.433,20191107
2019-11-08,13.8,12.4,17.3,0,15.7496,20191108
2019-11-09,14.4,11.9,18.1,0,15.2008,20191109
2019-11-10,15.5,10.3,19.7,2.9,14.7749,20191110
2019-11-11,17.1,15.3,19.5,0,14.4848,20191111
2019-11-12,14.7,12.1,17.9,0,14.8096,20191112
2019-11-13,15,11.8,18.3,1.7,13.7154,20191113
2019-11-14,11.2,7.9,14.5,0,15.0584,20191114
2019-11-15,12.1,7,17.2,0,16.1388,20191115
2019-11-16,16,10.6,21.3,0,15.828,20191116
2019-11-17,20.1,14.9,24.3,0,15.0958,20191117
2019-11-18,13.7,11.2,22.7,6.1,13.7064,20191118
2019-11-19,10.6,9.9,12.3,0,13.0386,20191119
2019-11-20,9.9,7.8,12.5,0,13.3343,20191120
2019-11-21,13.1,7.8,17.1,0,13.9094,20191121
2019-11-22,17.1,13.5,21.8,0,14.8078,20191122
2019-11-23,18.1,14.5,21.7,0,16.4717,20191123
2019-11-24,17.3,13.7,19.5,4.7,15.5519,20191124
2019-11-25,10.1,9.2,13.9,0,13.8786,20191125
2019-11-26,13.5,9.7,15.3,8.2,13.2528,20191126
2019-11-27,11.1,9.3,14.8,3.8,15.2478,20191127
2019-11-28,10.8,8.8,14,0,14.2093,20191128
2019-11-29,9.7,6.9,12.6,0,15.6608,20191129
2019-11-30,12.5,6.9,18,0.1,14.9916,20191130
2019-12-01,12.5,11.1,15.1,18.9,12.7428,20191201
2019-12-02,9.9,7.4,11.8,0,11.0145,20191202
2019-12-03,9.5,7.5,10.8,0,10.6911,20191203
2019-12-04,11.3,10,14.1,0,11.9872,20191204
2019-12-05,8.7,5.7,11.5,0,11.7932,20191205
2019-12-06,4.2,3.2,5.8,0,13.5527,20191206
2019-12-07,7.5,4.3,9.5,0,14.3234,20191207
2019-12-08,8.7,6,10.2,0,15.2103,20191208
2019-12-09,10.7,5.9,15.2,0,13.5418,20191209
2019-12-10,13.3,8.5,18.7,0,12.3816,20191210
2019-12-11,12.9,9.6,18,0,12.3886,20191211
2019-12-12,8.3,5.4,10.3,0,14.9842,20191212
2019-12-13,8.6,4.6,12.9,0,14.1886,20191213
2019-12-14,10,6.9,12.7,0,14.4798,20191214
2019-12-15,12.5,6.9,17.4,0,14.1806,20191215
2019-12-16,14.9,12.2,18.2,0.1,14.714,20191216
2019-12-17,14.1,10.9,17.6,7.3,13.4463,20191217
2019-12-18,8.8,7.4,10.9,0,14.862,20191218
2019-12-19,7.8,7,9.4,0,14.2121,20191219
2019-12-20,8.4,6.9,11.1,0,15.5281,20191220
2019-12-21,8,5.6,10.1,0,16.212,20191221
2019-12-22,9.6,6.8,11.6,1,15.0832,20191222
2019-12-23,9.4,6.7,12.4,0,14.7578,20191223
2019-12-24,9.2,7.3,11.9,0,15.0518,20191224
2019-12-25,11.4,7,15.1,0.1,15.345,20191225
2019-12-26,9.9,6.7,13.1,9.4,16.0122,20191226
2019-12-27,6.7,5.7,7.3,0,16.6456,20191227
2019-12-28,7.7,6.1,9.7,0,17.5858,20191228
2019-12-29,11.8,7.1,16.4,11.4,17.0919,20191229
2019-12-30,11.5,6.3,13.6,0,17.093,20191230
2019-12-31,2.9,1.8,6.4,0,17.0905,20191231
2020-01-01,5.2,2.4,7.3,0,14.5506,20200101
2020-01-02,8.1,5.5,9.2,0,14.6048,20200102
2020-01-03,8.8,6.4,11.4,0,14.5733,20200103
2020-01-04,7.9,5.1,11.4,0,14.7774,20200104
2020-01-05,8.5,4.3,11.1,0,14.2499,20200105
2020-01-06,14.5,10.1,18.9,0.3,13.9934,20200106
2020-01-07,19.2,12.8,23.6,12.4,13.8562,20200107
2020-01-08,8.1,6.9,13.2,1.4,14.4865,20200108
2020-01-09,7.3,6.7,8.2,0,15.0423,20200109
2020-01-10,8,4.3,11,0,15.555,20200110
2020-01-11,8,6.9,9.1,0,16.093,20200111
2020-01-12,7.5,6.7,8.5,0,15.8854,20200112
2020-01-13,7.1,6.1,8.8,0,15.5603,20200113
2020-01-14,4.8,3.4,6.2,4.6,15.4136,20200114
2020-01-15,5.6,4.6,7.2,0,15.7476,20200115
2020-01-16,6.3,4.6,8,0,15.8564,20200116
2020-01-17,6.9,6,9.2,0,16.0346,20200117
2020-01-18,7,6.2,9,0,16.0402,20200118
2020-01-19,8.6,5.9,10,0,15.2814,20200119
2020-01-20,8.4,7.1,10.9,0,14.5915,20200120
2020-01-21,7.4,4.9,10.5,0,13.6216,20200121
2020-01-22,11.4,8.6,13.5,25.8,13.544,20200122
2020-01-23,11.2,10.5,13.6,0.7,14.6209,20200123
2020-01-24,11.3,9.5,12.7,0,18.5402,20200124
2020-01-25,11.9,10.6,14,1,21.2772,20200125
2020-01-26,11.6,10.6,13,10.1,19.3683,20200126
2020-01-27,9.8,8.1,11.5,60.3,15.5992,20200127
2020-01-28,9.9,9.1,11.1,0,14.2566,20200128
2020-01-29,9.6,8.5,11.3,0,13.3014,20200129
2020-01-30,8.3,7.5,10.2,0.1,12.7785,20200130
2020-01-31,7.2,5.9,8,0,12.7351,20200131
2020-02-01,8.2,4.5,10.9,0,12.0806,20200201
2020-02-02,7.7,6,10.7,0,9.897,20200202
2020-02-03,6.9,5.1,9.3,0,9.2001,20200203
2020-02-04,5.6,2.6,8.2,0,8.8238,20200204
2020-02-05,3.4,1.2,7.7,0.7,8.5816,20200205
2020-02-06,3.3,0.8,5.4,0,10.2742,20200206
2020-02-07,6.4,4.8,8.9,0,8.933,20200207
2020-02-08,6.9,4.7,9,0,9.3107,20200208
2020-02-09,6.6,4.9,8.9,0,9.2428,20200209
2020-02-10,10.6,6.1,14.1,0,9.0132,20200210
2020-02-11,11.2,6.7,15.1,0,9.0118,20200211
2020-02-12,13.3,11.1,16.7,1.1,8.9082,20200212
2020-02-13,12.3,11.1,14.9,0,9.8514,20200213
2020-02-14,13.6,11.1,16.4,0,10.5864,20200214
2020-02-15,16.2,12.2,21.6,0.8,11.6106,20200215
2020-02-16,5.4,3,12.5,7,11.2168,20200216
2020-02-17,2.6,0.8,4.2,2,11.9035,20200217
2020-02-18,4.9,0.5,7.8,0.1,12.3921,20200218
2020-02-19,6.6,2.2,10.7,0,12.782,20200219
2020-02-20,10,6.7,13.2,0,13.1789,20200220
2020-02-21,12.4,6.4,16.9,0,13.4673,20200221
2020-02-22,10.8,7.6,14.3,0,13.3718,20200222
2020-02-23,7.8,5.9,11.1,0,12.7596,20200223
2020-02-24,11.5,5.4,15.8,0,13.5384,20200224
2020-02-25,16.6,11.5,21.8,0.1,11.0915,20200225
2020-02-26,11.4,8.4,12.7,0.1,10.6477,20200226
2020-02-27,10,6.8,13.4,0,10.485,20200227
2020-02-28,10.4,8.7,11.6,3.7,10.3856,20200228
2020-02-29,11.6,10.9,12.2,14.2,10.3852,20200229
2020-03-01,11.2,8.1,12.7,4.2,6.8985,20200301
2020-03-02,8,6,10.4,0,7.3966,20200302
2020-03-03,10.7,6.2,15,0,7.645,20200303
2020-03-04,8,5.2,10.6,0,7.9586,20200304
2020-03-05,6.1,4,9.6,0,8.2418,20200305
2020-03-06,7.4,2.5,11.9,0,8.59,20200306
2020-03-07,10.3,8,11,8.1,8.555,20200307
2020-03-08,12,7.3,15.4,0,8.4735,20200308
2020-03-09,13.1,11.3,14.6,25.3,8.3898,20200309
2020-03-10,9.6,7.7,13.4,21.5,8.2176,20200310
2020-03-11,8.4,5.5,11.1,0,8.8928,20200311
2020-03-12,9.4,3.8,13.7,0,9.394,20200312
2020-03-13,11.2,8.2,14.5,0,11.5521,20200313
2020-03-14,8.4,5.9,10.6,0,10.4156,20200314
2020-03-15,11.1,6.8,15.3,0,9.8679,20200315
2020-03-16,7.3,4.6,10.6,0,9.814,20200316
2020-03-17,13,6.2,19.8,0,9.7419,20200317
2020-03-18,14,10.1,16.7,0,9.8388,20200318
2020-03-19,13.9,9.9,21.2,0,9.9883,20200319
2020-03-20,12,7.2,16,0,10.3271,20200320
2020-03-21,17.4,9.9,22.8,0,10.549,20200321
2020-03-22,14.4,11.3,18.5,1,10.3138,20200322
2020-03-23,12.7,9.3,16.3,0,10.3562,20200323
2020-03-24,12.6,8.8,15.8,0,10.1244,20200324
2020-03-25,16.3,10.8,20.9,0,12.3932,20200325
2020-03-26,17.9,15,23.2,17,9.7104,20200326
2020-03-27,12,8.4,19.9,0,9.8004,20200327
2020-03-28,9,7.1,9.9,3.9,10.0534,20200328
2020-03-29,11.2,6.6,14.4,0,10.102,20200329
2020-03-30,13.5,11.7,15.9,0,9.6502,20200330
2020-03-31,13.9,11.3,17.2,0.6,9.5498,20200331
2020-04-01,11.6,8.4,15.4,3.4,5.9538,20200401
2020-04-02,11.8,8.7,14.7,0,6.7686,20200402
2020-04-03,12.8,10.9,16.3,0,7.0186,20200403
2020-04-04,11.6,7.6,16.9,0,7.2905,20200404
2020-04-05,9.7,7.4,13.4,0,6.9657,20200405
2020-04-06,10.7,6,14.3,0,6.657,20200406
2020-04-07,13.4,8.9,17.9,0,6.6118,20200407
2020-04-08,12.9,10.5,16.8,0,6.6507,20200408
2020-04-09,12.1,8.8,15.3,0,6.9646,20200409
2020-04-10,12.9,9.9,15.9,0,7.3731,20200410
2020-04-11,12.3,9.7,16.8,23.9,7.6804,20200411
2020-04-12,9.8,7.5,11.2,25.4,7.6062,20200412
2020-04-13,11.6,9.6,13.8,0,7.5341,20200413
2020-04-14,13.2,8.3,16.6,0,7.8978,20200414
2020-04-15,13.4,10.1,16.9,0,7.8858,20200415
2020-04-16,15.9,10.3,21.4,0,7.8995,20200416
2020-04-17,16,13.6,18.7,9.7,8.231,20200417
2020-04-18,12.9,11.1,16.2,0,8.7066,20200418
2020-04-19,13.3,11,15.6,19.5,7.9972,20200419
2020-04-20,13.8,11.6,18,0.4,8.1638,20200420
2020-04-21,12.8,10.2,16.5,0,8.3128,20200421
2020-04-22,11.1,8.7,14.8,0,8.7756,20200422
2020-04-23,11.1,8.7,14.1,0,9.0038,20200423
2020-04-24,13.1,9.1,16.8,0,11.7064,20200424
2020-04-25,18.3,10.2,23,0,10.612,20200425
2020-04-26,14.2,11.1,18.9,0,10.7401,20200426
2020-04-27,14.3,11,17.7,0,10.5784,20200427
2020-04-28,15.2,10.4,19.7,0,10.8388,20200428
2020-04-29,15.9,13,20,0,12.3154,20200429
2020-04-30,19,12.5,24.8,0,14.5992,20200430
2020-05-01,20.5,17.4,24.6,0,13.6787,20200501
2020-05-02,19.2,16.4,21.9,3.2,14.0312,20200502
2020-05-03,19.2,16,23.6,0.9,12.9752,20200503
2020-05-04,18.5,15.5,23.7,0,11.0736,20200504
2020-05-05,17.6,14.2,24.6,0,9.7632,20200505
2020-05-06,19.5,15.9,24.5,0,8.5992,20200506
2020-05-07,17.8,14.8,22.9,0,8.3408,20200507
2020-05-08,20.9,15.5,26.5,0.2,8.5564,20200508
2020-05-09,21.3,15.5,27.7,3.4,8.7304,20200509
2020-05-10,16,15,18.1,0,9.5042,20200510
2020-05-11,17.3,14.6,23.2,0,10.0012,20200511
2020-05-12,18.5,14.9,25.1,0,10.3243,20200512
2020-05-13,17,13.2,20.4,0,10.3428,20200513
2020-05-14,20.2,15.2,25.8,0,10.2578,20200514
2020-05-15,22.1,19,27.1,2.9,10.0471,20200515
2020-05-16,16.6,14,19.1,5.3,10.2865,20200516
2020-05-17,17,13.6,21.9,0,10.5448,20200517
2020-05-18,19.2,15.9,29.5,0.4,10.4146,20200518
2020-05-19,17.2,14.4,21.1,0,10.4895,20200519
2020-05-20,16.6,13.8,20.6,0,12.9482,20200520
2020-05-21,18.8,14.5,24.6,0,11.9424,20200521
2020-05-22,19.1,16.3,23.9,0,12.1152,20200522
2020-05-23,19.6,16.1,22.4,0,12.5314,20200523
2020-05-24,20.4,17.9,26.1,0,12.5566,20200524
2020-05-25,17.7,16.4,20.6,0,12.046,20200525
2020-05-26,18.4,16.5,21.1,0,11.866,20200526
2020-05-27,18.2,16,21.1,0,11.9637,20200527
2020-05-28,19.7,15.9,25,0,12.4086,20200528
2020-05-29,18.5,14.7,20.5,0,12.7866,20200529
2020-05-30,20,17.8,23.6,0.6,13.0144,20200530
2020-05-31,19.7,17.1,23.6,3.7,12.872,20200531
2020-06-01,18.7,16.7,21.7,0.4,9.9673,20200601
2020-06-02,18.6,15,22.5,0,9.8042,20200602
2020-06-03,20.5,18.1,24.7,0,9.8178,20200603
2020-06-04,21.2,18.7,25.3,0,10.8714,20200604
2020-06-05,19.9,17.4,24.2,0,11.3572,20200605
2020-06-06,21.2,19.2,26.5,0,12.2006,20200606
2020-06-07,21.3,18.5,23.9,0,12.1716,20200607
2020-06-08,23.4,18.6,29.7,0,13.5478,20200608
2020-06-09,26.7,22.2,30.1,0,11.2777,20200609
2020-06-10,24.7,22.7,28.9,0.4,10.5774,20200610
2020-06-11,24.5,21.6,28.9,0,10.744,20200611
2020-06-12,22.7,21.1,24.2,1.1,11.1783,20200612
2020-06-13,25.6,22.8,29.6,24.3,11.3606,20200613
2020-06-14,24.2,20.8,27.7,26,11.4366,20200614
2020-06-15,22.2,20.2,25,0,11.4394,20200615
2020-06-16,23.3,21.4,26.9,0,11.1594,20200616
2020-06-17,20.9,18.3,23.2,30.9,11.0201,20200617
2020-06-18,19.5,18.3,22.5,49.3,11.2805,20200618
2020-06-19,19.9,18.3,22.6,11.4,12.5321,20200619
2020-06-20,21.9,19.7,24.9,0,13.4967,20200620
2020-06-21,21.8,20.1,24.3,0,13.8194,20200621
2020-06-22,22.7,20.1,28.9,0,13.446,20200622
2020-06-23,25.6,20,30.9,0,15.1025,20200623
2020-06-24,24.9,21.9,27.1,38.3,12.6018,20200624
2020-06-25,22.9,21.6,24.9,14.2,14.7392,20200625
2020-06-26,22.9,20.7,25.4,0,13.5863,20200626
2020-06-27,23.1,20.8,26.8,0.1,13.7546,20200627
2020-06-28,23.5,20.5,28.7,0,13.5594,20200628
2020-06-29,23.2,19.1,27.6,25.1,12.698,20200629
2020-06-30,21.8,20,24,0,12.5258,20200630
2020-07-01,22.6,19.7,26.8,0,10.584,20200701
2020-07-02,23,20.2,25.2,0,15.5659,20200702
2020-07-03,21.4,19.7,23.8,17,13.1236,20200703
2020-07-04,20.2,19.5,21.7,0.4,13.6398,20200704
2020-07-05,21.2,19.2,24.2,0,13.3518,20200705
2020-07-06,22.5,20.7,26.1,15.7,12.8996,20200706
2020-07-07,22.5,21.2,25.5,35.1,12.8062,20200707
2020-07-08,22.3,20,25.6,0,13.194,20200708
2020-07-09,23.2,20.9,27.6,2,15.4528,20200709
2020-07-10,25.6,21.9,29.8,16.4,14.7346,20200710
2020-07-11,23.3,22.5,25.8,0,14.51,20200711
2020-07-12,24.6,22.6,26.5,4.3,14.2814,20200712
2020-07-13,25.6,22.6,30.6,1.5,14.4546,20200713
2020-07-14,21.6,19.8,23.6,0.5,14.713,20200714
2020-07-15,21.6,20.2,24.6,0,17.7044,20200715
2020-07-16,22.2,20.2,24.5,0.4,15.821,20200716
2020-07-17,23.1,20.1,25.8,0,15.9092,20200717
2020-07-18,24.2,20.7,26.7,0.2,15.5502,20200718
2020-07-19,29.1,23,34.3,0,15.1928,20200719
2020-07-20,26.4,22.8,29.9,1.2,16.7783,20200720
2020-07-21,24.6,22.6,27.2,4.4,15.0196,20200721
2020-07-22,26.8,23.8,30.4,0,14.8624,20200722
2020-07-23,26.5,23.6,30.5,9.2,14.8054,20200723
2020-07-24,23,21.3,25.1,2.4,14.8886,20200724
2020-07-25,23.7,21.2,26.6,0,15.3002,20200725
2020-07-26,23.4,20.7,25.5,0,15.1176,20200726
2020-07-27,24.8,22.6,27.9,71.5,16.1665,20200727
2020-07-28,28.7,25.1,33.8,2,15.1176,20200728
2020-07-29,27.9,25.7,30.9,0.5,15.2226,20200729
2020-07-30,27.8,25.4,31,0,15.9173,20200730
2020-07-31,26.9,25.1,29.5,0,17.3744,20200731
2020-08-01,28.2,25.5,30.7,0,15.2156,20200801
2020-08-02,29.3,26.7,34,0,16.1662,20200802
2020-08-03,28.8,26.7,32.5,0,16.2953,20200803
2020-08-04,30.2,27.1,34.9,0,16.7688,20200804
2020-08-05,30.3,26.4,34.1,9.7,16.7776,20200805
2020-08-06,30.2,27.9,32.7,0,16.9141,20200806
2020-08-07,30.6,27.8,32.7,0,17.263,20200807
2020-08-08,30.9,29.7,32.7,0,19.7911,20200808
2020-08-09,30.4,28,33.9,0,17.2697,20200809
2020-08-10,29.4,26.6,32.3,4.2,15.9604,20200810
2020-08-11,30.4,27.6,33.6,2,16.2421,20200811
2020-08-12,31,28.2,34.5,0,16.743,20200812
2020-08-13,31.3,28.2,36.1,0,17.401,20200813
2020-08-14,32.2,27.6,36.3,0,18.5098,20200814
2020-08-15,31.1,27.8,36.3,0,19.7116,20200815
2020-08-16,29.9,27.5,32.7,0,19.6578,20200816
2020-08-17,29.4,27,32.3,0,18.6543,20200817
2020-08-18,29,26.8,30.8,0,17.8608,20200818
2020-08-19,28.3,26,31.2,0,17.5749,20200819
2020-08-20,28.2,26,31.3,0,17.2963,20200820
2020-08-21,28,25.4,30.3,0,17.5098,20200821
2020-08-22,27.4,24.3,33.3,2.8,17.1798,20200822
2020-08-23,28.3,24.8,31.2,0,16.8452,20200823
2020-08-24,30,26.2,35.1,0,15.9446,20200824
2020-08-25,29.8,27.7,33.6,2.9,14.3118,20200825
2020-08-26,28.4,25.4,29.8,114.3,10.5858,20200826
2020-08-27,28.7,27.2,30.8,0.7,16.2046,20200827
2020-08-28,28.4,26.4,32.6,2.3,15.0745,20200828
2020-08-29,28.4,26.3,31.3,1.5,13.3732,20200829
2020-08-30,28.1,26.1,31.4,0,13.2388,20200830
2020-08-31,27.8,25.9,31.6,0,12.46,20200831
2020-09-01,26.8,25.6,28,0.1,8.7342,20200901
2020-09-02,25.1,23.1,27.9,183.6,6.979,20200902
2020-09-03,25.2,23.2,28.7,0.3,9.3786,20200903
2020-09-04,25.5,21.5,29.3,0,9.407,20200904
2020-09-05,21.9,19.3,24.1,7.6,9.3611,20200905
2020-09-06,21.7,20.5,23.1,71.7,10.653,20200906
2020-09-07,23,20.7,26.3,79.8,8.5036,20200907
2020-09-08,26.7,22.4,30.7,0,9.6624,20200908
2020-09-09,25.8,24.4,28.7,0,10.4366,20200909
2020-09-10,24.5,22.7,26.6,0,13.9041,20200910
2020-09-11,23.5,21.8,26,0.6,11.7691,20200911
2020-09-12,23.1,21.6,25.5,0,12.1208,20200912
2020-09-13,23,21.7,26.1,5.2,11.9987,20200913
2020-09-14,23.3,21.8,25.9,0,12.018,20200914
2020-09-15,23.7,21,25.8,0,11.5395,20200915
2020-09-16,23.5,21.5,28.3,6.1,11.3292,20200916
2020-09-17,21.2,19.3,23.3,26.6,11.4723,20200917
2020-09-18,20.5,17.8,23.1,11.3,12.3736,20200918
2020-09-19,21.2,16.8,25.6,0,12.9524,20200919
2020-09-20,22,18,25.6,0,12.9714,20200920
2020-09-21,21.5,18.5,25,0,12.5912,20200921
2020-09-22,21.2,19.5,22.6,0,12.1614,20200922
2020-09-23,20.9,20.1,21.7,1.3,12.0018,20200923
2020-09-24,21.3,20.6,22.7,0,14.412,20200924
2020-09-25,22.5,20.1,25.3,0.6,13.5128,20200925
2020-09-26,22.1,20.5,25.8,0,13.4446,20200926
2020-09-27,21.4,19,24.1,5.7,13.5118,20200927
2020-09-28,20.9,19.3,23.4,0,13.4424,20200928
2020-09-29,21.2,18.1,23.8,0,14.0234,20200929
2020-09-30,21.9,19,24.9,0,15.5648,20200930
2020-10-01,21.5,19.4,24.1,0,15.2712,20201001
2020-10-02,21.7,17.6,25.5,0,15.9442,20201002
2020-10-03,22.5,20.2,25.3,0,14.4844,20201003
2020-10-04,21.4,19.5,23.5,1.1,11.8713,20201004
2020-10-05,18.4,16.8,21.1,0,10.1706,20201005
2020-10-06,18.6,17.1,20.4,0,9.7926,20201006
2020-10-07,20.5,17,22.2,0,10.3632,20201007
2020-10-08,20.3,19.1,22.5,0,11.9378,20201008
2020-10-09,20.1,18.6,21.5,0,13.6546,20201009
2020-10-10,20.3,18.9,22.4,0,14.118,20201010
2020-10-11,20.4,18.9,23.3,0,13.7932,20201011
2020-10-12,20.4,18,23.5,0,12.8268,20201012
2020-10-13,18.4,16.1,21,0,12.704,20201013
2020-10-14,19.1,15.7,21.7,0,13.1131,20201014
2020-10-15,17.9,15.6,20.3,0,13.6192,20201015
2020-10-16,17.2,14.4,20,4,14.2835,20201016
2020-10-17,17.5,13.7,20.7,0,14.9922,20201017
2020-10-18,17.7,15.6,20.9,0,15.0724,20201018
2020-10-19,17.7,14.2,21.1,0,12.6564,20201019
2020-10-20,18.7,15.6,22.2,0,14.6346,20201020
2020-10-21,18.3,16.3,22.2,46.4,12.9597,20201021
2020-10-22,17.5,15.4,20.5,2.2,13.3248,20201022
2020-10-23,15.2,14.3,16.7,0,19.9647,20201023
2020-10-24,15.4,14,17.6,0,21.0483,20201024
2020-10-25,16.3,13.2,19.9,0,20.484,20201025
2020-10-26,15.6,12.1,20.8,0,16.74,20201026
2020-10-27,16.5,12.5,20.3,0,16.5062,20201027
2020-10-28,17.4,15.5,20,0,16.558,20201028
2020-10-29,15.8,12.8,18.7,0,17.2598,20201029
2020-10-30,16.1,13.7,18.5,0,17.905,20201030
2020-10-31,16.5,14.3,19.6,0,18.0102,20201031
2020-11-01,18.1,13.7,22.3,1,14.234,20201101
2020-11-02,15.7,12.8,18.5,5.4,13.3868,20201102
2020-11-03,13.1,11.8,16,0,13.2938,20201103
2020-11-04,12,9.2,15.1,0,13.5865,20201104
2020-11-05,14,8.2,17.9,0,14.059,20201105
2020-11-06,17.8,13.8,21.7,0,14.6198,20201106
2020-11-07,17.6,14.5,21,0,15.2925,20201107
2020-11-08,14.6,11.5,19.2,0,15.1968,20201108
2020-11-09,12,10.1,14.5,0,14.532,20201109
2020-11-10,13,9.2,17.2,0,14.3025,20201110
2020-11-11,12.4,8.6,15.9,0,14.6542,20201111
2020-11-12,14.4,11.6,17.9,0,15.93,20201112
2020-11-13,14.4,10.6,18.7,0,16.5315,20201113
2020-11-14,15.8,12,19.4,0,16.6248,20201114
2020-11-15,16.6,13.3,19.7,0,16.1268,20201115
2020-11-16,16.8,14.5,19.4,1.4,15.365,20201116
2020-11-17,21,16.3,26.7,0,15.557,20201117
2020-11-18,22.4,18.5,25.9,0,15.1642,20201118
2020-11-19,20.4,15.6,25.8,12.2,14.7638,20201119
2020-11-20,12.9,10.9,15.6,0,15.4995,20201120
2020-11-21,13.7,8.7,16.4,0,15.7135,20201121
2020-11-22,13.2,11.3,15.6,4.2,15.0278,20201122
2020-11-23,10,9.2,11.2,0,14.4378,20201123
2020-11-24,10.5,8.7,12.9,0,14.1265,20201124
2020-11-25,12.1,9.6,14.7,0,14.016,20201125
2020-11-26,11.8,9.4,14.1,3.8,13.9568,20201126
2020-11-27,11,9.1,12.9,0,14.031,20201127
2020-11-28,8.6,7.9,9.4,0,13.8832,20201128
2020-11-29,9.2,7.6,12,0,13.301,20201129
2020-11-30,8.7,7.8,10.1,0.2,17.1444,20201130
2020-12-01,7.8,6.1,10.3,0,10.4324,20201201
2020-12-02,9.3,6,12.4,0,10.5606,20201202
2020-12-03,8.2,5.8,10.5,0,11.04,20201203
2020-12-04,7.8,6.8,9.4,0,11.5227,20201204
2020-12-05,8.8,6,12.3,0,11.9098,20201205
2020-12-06,8.3,5.3,11.7,0,11.9175,20201206
2020-12-07,10.1,6.3,13.1,0,11.1758,20201207
2020-12-08,8.2,6.8,10.3,0,10.8472,20201208
2020-12-09,7.7,4.2,10.6,0,10.9312,20201209
2020-12-10,10.3,7.6,12.4,0,11.4373,20201210
2020-12-11,11.1,8.9,12.5,0,12.1184,20201211
2020-12-12,9.7,6.5,11.5,0,12.5758,20201212
2020-12-13,8.7,5.7,14.6,0,12.6172,20201213
2020-12-14,3.2,1.7,5.9,0.1,11.8909,20201214
2020-12-15,3,2,4.3,0,11.5504,20201215
2020-12-16,3.9,3,5.3,1.5,11.4842,20201216
2020-12-17,5.7,3.8,7.2,0,11.878,20201217
2020-12-18,7.7,6.1,10.8,0,11.6974,20201218
2020-12-19,4.4,2.8,6.3,0,11.4849,20201219
2020-12-20,6.8,3.6,7.9,0,11.075,20201220
2020-12-21,7.9,6.4,10.2,0,10.7597,20201221
2020-12-22,8.9,6,13.1,0,10.6432,20201222
2020-12-23,10.1,4.5,15,0,11.0012,20201223
2020-12-24,10.5,8,13.5,0,11.654,20201224
2020-12-25,6.8,4.8,10,0,12.0169,20201225
2020-12-26,7.4,3.8,10.6,0,11.9984,20201226
2020-12-27,10.1,8.1,11.5,14.4,11.2665,20201227
2020-12-28,11.4,8.3,14.5,0,10.7485,20201228
2020-12-29,9.6,3,14.6,5.4,10.5574,20201229
2020-12-30,0.9,-1.4,4.3,4.3,9.9718,20201230
2020-12-31,2.9,-0.3,4.6,3.8,11.0439,20201231
2021-01-01,5.5,4,7.2,0,8.534,20210101
2021-01-02,5.9,2.8,8.4,0,8.9464,20210102
2021-01-03,4.5,2.7,6.3,0,8.2579,20210103
2021-01-04,5.9,2.2,9.2,0,7.6111,20210104
2021-01-05,5.6,2.6,9,0,7.3574,20210105
2021-01-06,4,1.7,5.6,0.6,7.4298,20210106
2021-01-07,-1.1,-3.1,4.4,7.9,6.14,20210107
2021-01-08,-1.1,-2.7,1,6.1,5.9682,20210108
2021-01-09,1.2,-2.1,3.1,0.9,7.0196,20210109
2021-01-10,3.6,0.8,5.1,0,7.2674,20210110
2021-01-11,3.4,1.5,5.1,10.8,7.951,20210111
2021-01-12,4.7,2.6,6.4,1.2,8.4539,20210112
2021-01-13,10,5.2,13.6,0,9.0674,20210113
2021-01-14,10.8,7.9,15.4,0,9.6243,20210114
2021-01-15,12.1,7.7,18.2,0,10.2322,20210115
2021-01-16,5.1,2.8,8.6,0,10.5298,20210116
2021-01-17,3.1,1.2,4.4,2,10.5707,20210117
2021-01-18,6.6,3.1,9.9,0,10.6995,20210118
2021-01-19,4,2,6.3,0,10.8734,20210119
2021-01-20,9.2,3.8,15.9,0,10.9498,20210120
2021-01-21,12.6,7.3,17.9,0.5,11.1514,20210121
2021-01-22,12.7,11.5,14.5,8.2,11.5472,20210122
2021-01-23,12.5,11.1,13.5,57.8,11.7397,20210123
2021-01-24,11.8,10.4,13.6,0.2,12.1754,20210124
2021-01-25,12.6,11.3,15.3,0,12.0743,20210125
2021-01-26,10.4,8.8,12.8,19.7,11.984,20210126
2021-01-27,7.6,5.8,10,0,12.3484,20210127
2021-01-28,6.2,0.4,10.6,0.5,12.4712,20210128
2021-01-29,2.5,0.3,5.3,0.2,13.2212,20210129
2021-01-30,7.8,2.2,11.7,0,13.4964,20210130
2021-01-31,10.7,5.6,14.9,0,13.3108,20210131
2021-02-01,11.6,9.8,15.8,22.4,9.6946,20210201
2021-02-02,4.2,2.9,10,0,9.8105,20210202
2021-02-03,5.8,3.6,8.6,0,10.24,20210203
2021-02-04,6.4,3.6,9.5,0.1,10.5777,20210204
2021-02-05,7.1,2.2,9.9,0,11.2938,20210205
2021-02-06,10.6,7.5,14.6,0,11.9108,20210206
2021-02-07,11,7.5,15.1,0,12.06,20210207
2021-02-08,4.1,2.3,7.5,0,11.6308,20210208
2021-02-09,4.8,2.9,7.8,0,11.6196,20210209
2021-02-10,7,3.1,10.9,0,13.0722,20210210
2021-02-11,9.7,6,13,0,14.9782,20210211
2021-02-12,12.2,10.2,14.1,0,16.5442,20210212
2021-02-13,13,10.1,16.3,0,16.4486,20210213
2021-02-14,13.3,10.8,16,2.4,14.8194,20210214
2021-02-15,7.5,3.5,12.4,0,13.3382,20210215
2021-02-16,5.7,3.3,9.1,0,13.2699,20210216
2021-02-17,1.3,-1.2,3.8,0.9,12.9658,20210217
2021-02-18,2.5,-1,3.8,1.9,13.4897,20210218
2021-02-19,8.5,2.8,13.4,0,14.7928,20210219
2021-02-20,15.6,11.7,17.7,0,15.491,20210220
2021-02-21,18.9,16.4,23.7,0,15.8336,20210221
2021-02-22,15.3,8.7,23.4,0,15.8624,20210222
2021-02-23,7.5,5,10.6,0,15.728,20210223
2021-02-24,9.9,5.2,13.2,0,15.7213,20210224
2021-02-25,11.6,9.8,15.2,19.6,15.5372,20210225
2021-02-26,11.2,9.8,13,5.4,15.7745,20210226
2021-02-27,11.4,10.8,12.6,0,17.0114,20210227
2021-02-28,14.4,11.3,17.1,0.1,17.151,20210228
2021-03-01,15.5,7.8,21.9,11.2,13.2307,20210301
2021-03-02,7.5,6.2,9.8,0,12.2059,20210302
2021-03-03,9.2,4.8,12.8,0,11.4107,20210303
2021-03-04,10.9,9.2,12,26.9,11.53,20210304
2021-03-05,11.9,10.7,14.2,0.1,12.6168,20210305
2021-03-06,11.3,9.2,14.2,0,13.292,20210306
2021-03-07,10.1,9.1,11.1,0,13.5947,20210307
2021-03-08,10.4,8.7,12.7,0,13.5048,20210308
2021-03-09,10.6,7.9,13.5,0,13.3917,20210309
2021-03-10,11.5,7,16.5,0,13.5692,20210310
2021-03-11,14.1,10.9,19,7.6,13.9506,20210311
2021-03-12,11.3,10.3,13.4,14.2,14.7056,20210312
2021-03-13,11.7,9.4,14.7,0,15.8403,20210313
2021-03-14,11.4,8.5,15.2,0,16.1679,20210314
2021-03-15,13.9,7.9,19.2,0,15.7294,20210315
2021-03-16,12.6,7.9,19.1,3.1,15.0955,20210316
2021-03-17,11.3,6.3,15.7,0,14.9614,20210317
2021-03-18,13.7,10.8,17.1,0,15.2862,20210318
2021-03-19,14.2,12.9,16.2,6.2,16.1766,20210319
2021-03-20,12.8,9.6,15.7,7.6,16.8178,20210320
2021-03-21,9.2,7.3,12.5,0,17.3936,20210321
2021-03-22,9.8,6.4,12.8,0,17.4752,20210322
2021-03-23,12.3,9,16.5,0,17.3012,20210323
2021-03-24,13.3,8.8,17.3,0,17.5942,20210324
2021-03-25,14.1,11.6,17.7,0,18.4205,20210325
2021-03-26,14.6,9.7,21.2,0,18.9651,20210326
2021-03-27,17.5,12.2,21.5,4.2,18.6823,20210327
2021-03-28,14.5,12.7,17.5,0,18.5188,20210328
2021-03-29,15.2,12,17.8,0,17.7758,20210329
2021-03-30,14.3,11.4,19.1,0,16.9491,20210330
2021-03-31,16.2,12.1,20.6,0,16.7426,20210331
2021-04-01,15.2,13.8,17.5,8.8,13.0823,20210401
2021-04-02,17.2,13.8,19.9,9.8,14.1771,20210402
2021-04-03,18,13,22.8,0,14.9919,20210403
2021-04-04,11.4,10.8,13.2,5.2,15.273,20210404
2021-04-05,12.6,10.6,14.6,4.1,14.8768,20210405
2021-04-06,13.9,11.3,17.4,0,14.924,20210406
2021-04-07,14.8,11.2,18.3,0,15.2548,20210407
2021-04-08,14.4,11.2,18.6,0,16.1448,20210408
2021-04-09,13.8,9.7,17.5,0,17.0496,20210409
2021-04-10,14,11.4,17.5,0,17.723,20210410
2021-04-11,16.6,12.2,21.5,0,17.5742,20210411
2021-04-12,16.5,14.3,19.9,16.9,15.7902,20210412
2021-04-13,11.8,8.5,14.4,0,15.3426,20210413
2021-04-14,11,8.2,14.9,0,15.7276,20210414
2021-04-15,13.1,8.6,17.9,0,17.1444,20210415
2021-04-16,15.1,11.1,19.7,0,18.0744,20210416
2021-04-17,13.7,11.3,16.3,0,18.8678,20210417
2021-04-18,13,11.1,16.5,0,18.78,20210418
2021-04-19,14.5,9.9,19.1,0,18.0173,20210419
2021-04-20,14.8,10.3,18.5,0,16.9862,20210420
2021-04-21,17.5,12.3,22.8,0,16.6358,20210421
2021-04-22,21,16.8,25.9,0,17.3285,20210422
2021-04-23,19.3,16.5,25,0,18.122,20210423
2021-04-24,17.5,15.9,21.9,0,19.0918,20210424
2021-04-25,16.9,14.7,20.7,0,19.3697,20210425
2021-04-26,16.5,13.5,20.9,0,18.4118,20210426
2021-04-27,17.1,14,21.5,0.8,17.3428,20210427
2021-04-28,17,14.9,19.5,0,16.9477,20210428
2021-04-29,18.8,14.7,23.3,0,17.5483,20210429
2021-04-30,16.3,11.3,19.9,13.2,18.3281,20210430
2021-05-01,13.3,11.5,16.3,10.1,16.57,20210501
2021-05-02,13.8,10.9,16.7,0,16.8662,20210502
2021-05-03,15,9.4,18.9,0,15.6062,20210503
2021-05-04,19,15.1,23.1,12.8,14.6506,20210504
2021-05-05,17.1,12.9,22.6,0,16.638,20210505
2021-05-06,18.4,13.1,23.4,0,16.205,20210506
2021-05-07,19.5,14.4,26.6,0,16.7766,20210507
2021-05-08,18.3,12.7,25.3,0,17.2774,20210508
2021-05-09,18.9,14.9,23.9,0,16.8196,20210509
2021-05-10,20.3,17.3,23.4,0,16.0122,20210510
2021-05-11,18.6,17.4,20.6,0.4,15.4242,20210511
2021-05-12,18.3,16.1,21,0.6,15.5978,20210512
2021-05-13,19.6,17.7,22.2,0,16.498,20210513
2021-05-14,21.5,17.9,26.5,0,17.0076,20210514
2021-05-15,23.7,19.6,30.9,6.1,17.7562,20210515
2021-05-16,23.5,17.4,28.5,22.5,17.3834,20210516
2021-05-17,16.7,15.7,18.8,2.4,16.6394,20210517
2021-05-18,18.6,15.3,22.9,0,16.969,20210518
2021-05-19,19.7,17.2,21.8,0,17.856,20210519
2021-05-20,18.3,15.9,23.4,24.4,17.4142,20210520
2021-05-21,18.2,16.1,21.9,0,18.2833,20210521
2021-05-22,19,17.2,22,0,19.3781,20210522
2021-05-23,19.8,17.3,23.3,0,18.7698,20210523
2021-05-24,19.4,16.1,23.2,3,17.6522,20210524
2021-05-25,20.2,16.1,25,0,17.0128,20210525
2021-05-26,18.8,15.3,25.4,15.6,16.9032,20210526
2021-05-27,19.1,15.5,24,2.8,17.703,20210527
2021-05-28,20.7,16.4,29.2,0,18.5514,20210528
2021-05-29,19.7,16.5,23.8,0,19.2594,20210529
2021-05-30,21.4,16.6,27.7,0,19.0141,20210530
2021-05-31,22,19.2,27.5,0,17.4982,20210531
